
*** Running vivado
    with args -log DPU_dpu_conv_top_0_0.vds -m64 -product Vivado -mode batch -messageDb vivado.pb -notrace -source DPU_dpu_conv_top_0_0.tcl



****** Vivado v2025.2 (64-bit)
  **** SW Build 6299465 on Fri Nov 14 19:35:11 GMT 2025
  **** IP Build 6300035 on Fri Nov 14 10:48:45 MST 2025
  **** SharedData Build 6298862 on Thu Nov 13 04:50:51 MST 2025
  **** Start of session at: Thu Sep 10 18:56:07 2026
    ** Copyright 1986-2022 Xilinx, Inc. All Rights Reserved.
    ** Copyright 2022-2025 Advanced Micro Devices, Inc. All Rights Reserved.

source DPU_dpu_conv_top_0_0.tcl -notrace
create_project: Time (s): cpu = 00:00:41 ; elapsed = 00:01:10 . Memory (MB): peak = 554.746 ; gain = 221.992
INFO: [IP_Flow 19-234] Refreshing IP repositories
INFO: [IP_Flow 19-1700] Loaded user IP repository 'd:/project/dpu_conv_top'.
INFO: [IP_Flow 19-2313] Loaded Vivado IP repository 'C:/AMDDesignTools/2025.2/Vivado/data/ip'.
Command: synth_design -top DPU_dpu_conv_top_0_0 -part xc7z020clg400-1 -incremental_mode off -mode out_of_context
Starting synth_design
Attempting to get a license for feature 'Synthesis' and/or device 'xc7z020'
INFO: [Common 17-349] Got license for feature 'Synthesis' and/or device 'xc7z020'
INFO: [Device 21-403] Loading part xc7z020clg400-1
INFO: [Synth 8-7079] Multithreading enabled for synth_design using a maximum of 2 processes.
INFO: [Synth 8-7078] Launching helper process for spawning children vivado processes
INFO: [Synth 8-7075] Helper process launched with PID 14564
---------------------------------------------------------------------------------
Starting RTL Elaboration : Time (s): cpu = 00:00:19 ; elapsed = 00:00:24 . Memory (MB): peak = 1357.121 ; gain = 539.805
---------------------------------------------------------------------------------
INFO: [Synth 8-6157] synthesizing module 'DPU_dpu_conv_top_0_0' [d:/project/DPU_Project_vivado/DPU_vivado/DPU_vivado.gen/sources_1/bd/DPU/ip/DPU_dpu_conv_top_0_0/synth/DPU_dpu_conv_top_0_0.v:53]
INFO: [Synth 8-6157] synthesizing module 'dpu_conv_top' [d:/project/DPU_Project_vivado/DPU_vivado/DPU_vivado.gen/sources_1/bd/DPU/ipshared/680d/hdl/verilog/dpu_conv_top.v:9]
INFO: [Synth 8-6157] synthesizing module 'dpu_conv_top_conv3x3_relu' [d:/project/DPU_Project_vivado/DPU_vivado/DPU_vivado.gen/sources_1/bd/DPU/ipshared/680d/hdl/verilog/dpu_conv_top_conv3x3_relu.v:9]
INFO: [Synth 8-6157] synthesizing module 'dpu_conv_top_conv3x3_relu_Pipeline_OH_LOOP_OW_LOOP_IC_LOOP' [d:/project/DPU_Project_vivado/DPU_vivado/DPU_vivado.gen/sources_1/bd/DPU/ipshared/680d/hdl/verilog/dpu_conv_top_conv3x3_relu_Pipeline_OH_LOOP_OW_LOOP_IC_LOOP.v:9]
INFO: [Synth 8-6157] synthesizing module 'dpu_conv_top_mac_muladd_8s_8s_32s_32_4_1' [d:/project/DPU_Project_vivado/DPU_vivado/DPU_vivado.gen/sources_1/bd/DPU/ipshared/680d/hdl/verilog/dpu_conv_top_mac_muladd_8s_8s_32s_32_4_1.v:45]
INFO: [Synth 8-6157] synthesizing module 'dpu_conv_top_mac_muladd_8s_8s_32s_32_4_1_DSP48_0' [d:/project/DPU_Project_vivado/DPU_vivado/DPU_vivado.gen/sources_1/bd/DPU/ipshared/680d/hdl/verilog/dpu_conv_top_mac_muladd_8s_8s_32s_32_4_1.v:7]
INFO: [Synth 8-6155] done synthesizing module 'dpu_conv_top_mac_muladd_8s_8s_32s_32_4_1_DSP48_0' (0#1) [d:/project/DPU_Project_vivado/DPU_vivado/DPU_vivado.gen/sources_1/bd/DPU/ipshared/680d/hdl/verilog/dpu_conv_top_mac_muladd_8s_8s_32s_32_4_1.v:7]
INFO: [Synth 8-6155] done synthesizing module 'dpu_conv_top_mac_muladd_8s_8s_32s_32_4_1' (0#1) [d:/project/DPU_Project_vivado/DPU_vivado/DPU_vivado.gen/sources_1/bd/DPU/ipshared/680d/hdl/verilog/dpu_conv_top_mac_muladd_8s_8s_32s_32_4_1.v:45]
INFO: [Synth 8-6157] synthesizing module 'dpu_conv_top_flow_control_loop_pipe_sequential_init' [d:/project/DPU_Project_vivado/DPU_vivado/DPU_vivado.gen/sources_1/bd/DPU/ipshared/680d/hdl/verilog/dpu_conv_top_flow_control_loop_pipe_sequential_init.v:11]
INFO: [Synth 8-6155] done synthesizing module 'dpu_conv_top_flow_control_loop_pipe_sequential_init' (0#1) [d:/project/DPU_Project_vivado/DPU_vivado/DPU_vivado.gen/sources_1/bd/DPU/ipshared/680d/hdl/verilog/dpu_conv_top_flow_control_loop_pipe_sequential_init.v:11]
INFO: [Synth 8-6155] done synthesizing module 'dpu_conv_top_conv3x3_relu_Pipeline_OH_LOOP_OW_LOOP_IC_LOOP' (0#1) [d:/project/DPU_Project_vivado/DPU_vivado/DPU_vivado.gen/sources_1/bd/DPU/ipshared/680d/hdl/verilog/dpu_conv_top_conv3x3_relu_Pipeline_OH_LOOP_OW_LOOP_IC_LOOP.v:9]
INFO: [Synth 8-6157] synthesizing module 'dpu_conv_top_mul_8ns_11ns_19_1_1' [d:/project/DPU_Project_vivado/DPU_vivado/DPU_vivado.gen/sources_1/bd/DPU/ipshared/680d/hdl/verilog/dpu_conv_top_mul_8ns_11ns_19_1_1.v:5]
INFO: [Synth 8-6155] done synthesizing module 'dpu_conv_top_mul_8ns_11ns_19_1_1' (0#1) [d:/project/DPU_Project_vivado/DPU_vivado/DPU_vivado.gen/sources_1/bd/DPU/ipshared/680d/hdl/verilog/dpu_conv_top_mul_8ns_11ns_19_1_1.v:5]
INFO: [Synth 8-6155] done synthesizing module 'dpu_conv_top_conv3x3_relu' (0#1) [d:/project/DPU_Project_vivado/DPU_vivado/DPU_vivado.gen/sources_1/bd/DPU/ipshared/680d/hdl/verilog/dpu_conv_top_conv3x3_relu.v:9]
INFO: [Synth 8-6157] synthesizing module 'dpu_conv_top_dpu_conv_top_Pipeline_COPY_OC_COPY_H_COPY_W' [d:/project/DPU_Project_vivado/DPU_vivado/DPU_vivado.gen/sources_1/bd/DPU/ipshared/680d/hdl/verilog/dpu_conv_top_dpu_conv_top_Pipeline_COPY_OC_COPY_H_COPY_W.v:9]
INFO: [Synth 8-6155] done synthesizing module 'dpu_conv_top_dpu_conv_top_Pipeline_COPY_OC_COPY_H_COPY_W' (0#1) [d:/project/DPU_Project_vivado/DPU_vivado/DPU_vivado.gen/sources_1/bd/DPU/ipshared/680d/hdl/verilog/dpu_conv_top_dpu_conv_top_Pipeline_COPY_OC_COPY_H_COPY_W.v:9]
INFO: [Synth 8-6157] synthesizing module 'dpu_conv_top_dpu_conv_top_Pipeline_POOL_OC_POOL_H_POOL_W' [d:/project/DPU_Project_vivado/DPU_vivado/DPU_vivado.gen/sources_1/bd/DPU/ipshared/680d/hdl/verilog/dpu_conv_top_dpu_conv_top_Pipeline_POOL_OC_POOL_H_POOL_W.v:9]
INFO: [Synth 8-6155] done synthesizing module 'dpu_conv_top_dpu_conv_top_Pipeline_POOL_OC_POOL_H_POOL_W' (0#1) [d:/project/DPU_Project_vivado/DPU_vivado/DPU_vivado.gen/sources_1/bd/DPU/ipshared/680d/hdl/verilog/dpu_conv_top_dpu_conv_top_Pipeline_POOL_OC_POOL_H_POOL_W.v:9]
INFO: [Synth 8-6157] synthesizing module 'dpu_conv_top_CTRL_s_axi' [d:/project/DPU_Project_vivado/DPU_vivado/DPU_vivado.gen/sources_1/bd/DPU/ipshared/680d/hdl/verilog/dpu_conv_top_CTRL_s_axi.v:9]
INFO: [Synth 8-155] case statement is not full and has no default [d:/project/DPU_Project_vivado/DPU_vivado/DPU_vivado.gen/sources_1/bd/DPU/ipshared/680d/hdl/verilog/dpu_conv_top_CTRL_s_axi.v:262]
INFO: [Synth 8-6155] done synthesizing module 'dpu_conv_top_CTRL_s_axi' (0#1) [d:/project/DPU_Project_vivado/DPU_vivado/DPU_vivado.gen/sources_1/bd/DPU/ipshared/680d/hdl/verilog/dpu_conv_top_CTRL_s_axi.v:9]
INFO: [Synth 8-6157] synthesizing module 'dpu_conv_top_control_s_axi' [d:/project/DPU_Project_vivado/DPU_vivado/DPU_vivado.gen/sources_1/bd/DPU/ipshared/680d/hdl/verilog/dpu_conv_top_control_s_axi.v:9]
INFO: [Synth 8-155] case statement is not full and has no default [d:/project/DPU_Project_vivado/DPU_vivado/DPU_vivado.gen/sources_1/bd/DPU/ipshared/680d/hdl/verilog/dpu_conv_top_control_s_axi.v:349]
INFO: [Synth 8-6155] done synthesizing module 'dpu_conv_top_control_s_axi' (0#1) [d:/project/DPU_Project_vivado/DPU_vivado/DPU_vivado.gen/sources_1/bd/DPU/ipshared/680d/hdl/verilog/dpu_conv_top_control_s_axi.v:9]
INFO: [Synth 8-6157] synthesizing module 'dpu_conv_top_gmem0_m_axi' [d:/project/DPU_Project_vivado/DPU_vivado/DPU_vivado.gen/sources_1/bd/DPU/ipshared/680d/hdl/verilog/dpu_conv_top_gmem0_m_axi.v:9]
INFO: [Synth 8-6157] synthesizing module 'dpu_conv_top_gmem0_m_axi_store' [d:/project/DPU_Project_vivado/DPU_vivado/DPU_vivado.gen/sources_1/bd/DPU/ipshared/680d/hdl/verilog/dpu_conv_top_gmem0_m_axi.v:318]
INFO: [Synth 8-6157] synthesizing module 'dpu_conv_top_gmem0_m_axi_fifo' [d:/project/DPU_Project_vivado/DPU_vivado/DPU_vivado.gen/sources_1/bd/DPU/ipshared/680d/hdl/verilog/dpu_conv_top_gmem0_m_axi.v:2781]
INFO: [Synth 8-6157] synthesizing module 'dpu_conv_top_gmem0_m_axi_srl' [d:/project/DPU_Project_vivado/DPU_vivado/DPU_vivado.gen/sources_1/bd/DPU/ipshared/680d/hdl/verilog/dpu_conv_top_gmem0_m_axi.v:2994]
INFO: [Synth 8-6155] done synthesizing module 'dpu_conv_top_gmem0_m_axi_srl' (0#1) [d:/project/DPU_Project_vivado/DPU_vivado/DPU_vivado.gen/sources_1/bd/DPU/ipshared/680d/hdl/verilog/dpu_conv_top_gmem0_m_axi.v:2994]
INFO: [Synth 8-6155] done synthesizing module 'dpu_conv_top_gmem0_m_axi_fifo' (0#1) [d:/project/DPU_Project_vivado/DPU_vivado/DPU_vivado.gen/sources_1/bd/DPU/ipshared/680d/hdl/verilog/dpu_conv_top_gmem0_m_axi.v:2781]
INFO: [Synth 8-6157] synthesizing module 'dpu_conv_top_gmem0_m_axi_fifo__parameterized0' [d:/project/DPU_Project_vivado/DPU_vivado/DPU_vivado.gen/sources_1/bd/DPU/ipshared/680d/hdl/verilog/dpu_conv_top_gmem0_m_axi.v:2781]
INFO: [Synth 8-6157] synthesizing module 'dpu_conv_top_gmem0_m_axi_srl__parameterized0' [d:/project/DPU_Project_vivado/DPU_vivado/DPU_vivado.gen/sources_1/bd/DPU/ipshared/680d/hdl/verilog/dpu_conv_top_gmem0_m_axi.v:2994]
INFO: [Synth 8-6155] done synthesizing module 'dpu_conv_top_gmem0_m_axi_srl__parameterized0' (0#1) [d:/project/DPU_Project_vivado/DPU_vivado/DPU_vivado.gen/sources_1/bd/DPU/ipshared/680d/hdl/verilog/dpu_conv_top_gmem0_m_axi.v:2994]
INFO: [Synth 8-6155] done synthesizing module 'dpu_conv_top_gmem0_m_axi_fifo__parameterized0' (0#1) [d:/project/DPU_Project_vivado/DPU_vivado/DPU_vivado.gen/sources_1/bd/DPU/ipshared/680d/hdl/verilog/dpu_conv_top_gmem0_m_axi.v:2781]
INFO: [Synth 8-6157] synthesizing module 'dpu_conv_top_gmem0_m_axi_fifo__parameterized1' [d:/project/DPU_Project_vivado/DPU_vivado/DPU_vivado.gen/sources_1/bd/DPU/ipshared/680d/hdl/verilog/dpu_conv_top_gmem0_m_axi.v:2781]
INFO: [Synth 8-6157] synthesizing module 'dpu_conv_top_gmem0_m_axi_srl__parameterized1' [d:/project/DPU_Project_vivado/DPU_vivado/DPU_vivado.gen/sources_1/bd/DPU/ipshared/680d/hdl/verilog/dpu_conv_top_gmem0_m_axi.v:2994]
INFO: [Synth 8-6155] done synthesizing module 'dpu_conv_top_gmem0_m_axi_srl__parameterized1' (0#1) [d:/project/DPU_Project_vivado/DPU_vivado/DPU_vivado.gen/sources_1/bd/DPU/ipshared/680d/hdl/verilog/dpu_conv_top_gmem0_m_axi.v:2994]
INFO: [Synth 8-6155] done synthesizing module 'dpu_conv_top_gmem0_m_axi_fifo__parameterized1' (0#1) [d:/project/DPU_Project_vivado/DPU_vivado/DPU_vivado.gen/sources_1/bd/DPU/ipshared/680d/hdl/verilog/dpu_conv_top_gmem0_m_axi.v:2781]
INFO: [Synth 8-6157] synthesizing module 'dpu_conv_top_gmem0_m_axi_fifo__parameterized2' [d:/project/DPU_Project_vivado/DPU_vivado/DPU_vivado.gen/sources_1/bd/DPU/ipshared/680d/hdl/verilog/dpu_conv_top_gmem0_m_axi.v:2781]
INFO: [Synth 8-6157] synthesizing module 'dpu_conv_top_gmem0_m_axi_srl__parameterized2' [d:/project/DPU_Project_vivado/DPU_vivado/DPU_vivado.gen/sources_1/bd/DPU/ipshared/680d/hdl/verilog/dpu_conv_top_gmem0_m_axi.v:2994]
INFO: [Synth 8-6155] done synthesizing module 'dpu_conv_top_gmem0_m_axi_srl__parameterized2' (0#1) [d:/project/DPU_Project_vivado/DPU_vivado/DPU_vivado.gen/sources_1/bd/DPU/ipshared/680d/hdl/verilog/dpu_conv_top_gmem0_m_axi.v:2994]
INFO: [Synth 8-6155] done synthesizing module 'dpu_conv_top_gmem0_m_axi_fifo__parameterized2' (0#1) [d:/project/DPU_Project_vivado/DPU_vivado/DPU_vivado.gen/sources_1/bd/DPU/ipshared/680d/hdl/verilog/dpu_conv_top_gmem0_m_axi.v:2781]
INFO: [Synth 8-6157] synthesizing module 'dpu_conv_top_gmem0_m_axi_fifo__parameterized3' [d:/project/DPU_Project_vivado/DPU_vivado/DPU_vivado.gen/sources_1/bd/DPU/ipshared/680d/hdl/verilog/dpu_conv_top_gmem0_m_axi.v:2781]
INFO: [Synth 8-6157] synthesizing module 'dpu_conv_top_gmem0_m_axi_srl__parameterized3' [d:/project/DPU_Project_vivado/DPU_vivado/DPU_vivado.gen/sources_1/bd/DPU/ipshared/680d/hdl/verilog/dpu_conv_top_gmem0_m_axi.v:2994]
INFO: [Synth 8-6155] done synthesizing module 'dpu_conv_top_gmem0_m_axi_srl__parameterized3' (0#1) [d:/project/DPU_Project_vivado/DPU_vivado/DPU_vivado.gen/sources_1/bd/DPU/ipshared/680d/hdl/verilog/dpu_conv_top_gmem0_m_axi.v:2994]
INFO: [Synth 8-6155] done synthesizing module 'dpu_conv_top_gmem0_m_axi_fifo__parameterized3' (0#1) [d:/project/DPU_Project_vivado/DPU_vivado/DPU_vivado.gen/sources_1/bd/DPU/ipshared/680d/hdl/verilog/dpu_conv_top_gmem0_m_axi.v:2781]
INFO: [Synth 8-6157] synthesizing module 'dpu_conv_top_gmem0_m_axi_fifo__parameterized4' [d:/project/DPU_Project_vivado/DPU_vivado/DPU_vivado.gen/sources_1/bd/DPU/ipshared/680d/hdl/verilog/dpu_conv_top_gmem0_m_axi.v:2781]
INFO: [Synth 8-6157] synthesizing module 'dpu_conv_top_gmem0_m_axi_srl__parameterized4' [d:/project/DPU_Project_vivado/DPU_vivado/DPU_vivado.gen/sources_1/bd/DPU/ipshared/680d/hdl/verilog/dpu_conv_top_gmem0_m_axi.v:2994]
INFO: [Synth 8-6155] done synthesizing module 'dpu_conv_top_gmem0_m_axi_srl__parameterized4' (0#1) [d:/project/DPU_Project_vivado/DPU_vivado/DPU_vivado.gen/sources_1/bd/DPU/ipshared/680d/hdl/verilog/dpu_conv_top_gmem0_m_axi.v:2994]
INFO: [Synth 8-6155] done synthesizing module 'dpu_conv_top_gmem0_m_axi_fifo__parameterized4' (0#1) [d:/project/DPU_Project_vivado/DPU_vivado/DPU_vivado.gen/sources_1/bd/DPU/ipshared/680d/hdl/verilog/dpu_conv_top_gmem0_m_axi.v:2781]
INFO: [Synth 8-6157] synthesizing module 'dpu_conv_top_gmem0_m_axi_fifo__parameterized5' [d:/project/DPU_Project_vivado/DPU_vivado/DPU_vivado.gen/sources_1/bd/DPU/ipshared/680d/hdl/verilog/dpu_conv_top_gmem0_m_axi.v:2781]
INFO: [Synth 8-6157] synthesizing module 'dpu_conv_top_gmem0_m_axi_srl__parameterized5' [d:/project/DPU_Project_vivado/DPU_vivado/DPU_vivado.gen/sources_1/bd/DPU/ipshared/680d/hdl/verilog/dpu_conv_top_gmem0_m_axi.v:2994]
INFO: [Synth 8-6155] done synthesizing module 'dpu_conv_top_gmem0_m_axi_srl__parameterized5' (0#1) [d:/project/DPU_Project_vivado/DPU_vivado/DPU_vivado.gen/sources_1/bd/DPU/ipshared/680d/hdl/verilog/dpu_conv_top_gmem0_m_axi.v:2994]
INFO: [Synth 8-6155] done synthesizing module 'dpu_conv_top_gmem0_m_axi_fifo__parameterized5' (0#1) [d:/project/DPU_Project_vivado/DPU_vivado/DPU_vivado.gen/sources_1/bd/DPU/ipshared/680d/hdl/verilog/dpu_conv_top_gmem0_m_axi.v:2781]
INFO: [Synth 8-6155] done synthesizing module 'dpu_conv_top_gmem0_m_axi_store' (0#1) [d:/project/DPU_Project_vivado/DPU_vivado/DPU_vivado.gen/sources_1/bd/DPU/ipshared/680d/hdl/verilog/dpu_conv_top_gmem0_m_axi.v:318]
INFO: [Synth 8-6157] synthesizing module 'dpu_conv_top_gmem0_m_axi_write' [d:/project/DPU_Project_vivado/DPU_vivado/DPU_vivado.gen/sources_1/bd/DPU/ipshared/680d/hdl/verilog/dpu_conv_top_gmem0_m_axi.v:1112]
INFO: [Synth 8-6157] synthesizing module 'dpu_conv_top_gmem0_m_axi_burst_converter' [d:/project/DPU_Project_vivado/DPU_vivado/DPU_vivado.gen/sources_1/bd/DPU/ipshared/680d/hdl/verilog/dpu_conv_top_gmem0_m_axi.v:1407]
INFO: [Synth 8-6157] synthesizing module 'dpu_conv_top_gmem0_m_axi_burst_sequential' [d:/project/DPU_Project_vivado/DPU_vivado/DPU_vivado.gen/sources_1/bd/DPU/ipshared/680d/hdl/verilog/dpu_conv_top_gmem0_m_axi.v:2013]
INFO: [Synth 8-6157] synthesizing module 'dpu_conv_top_gmem0_m_axi_reg_slice' [d:/project/DPU_Project_vivado/DPU_vivado/DPU_vivado.gen/sources_1/bd/DPU/ipshared/680d/hdl/verilog/dpu_conv_top_gmem0_m_axi.v:2677]
INFO: [Synth 8-6155] done synthesizing module 'dpu_conv_top_gmem0_m_axi_reg_slice' (0#1) [d:/project/DPU_Project_vivado/DPU_vivado/DPU_vivado.gen/sources_1/bd/DPU/ipshared/680d/hdl/verilog/dpu_conv_top_gmem0_m_axi.v:2677]
INFO: [Synth 8-6155] done synthesizing module 'dpu_conv_top_gmem0_m_axi_burst_sequential' (0#1) [d:/project/DPU_Project_vivado/DPU_vivado/DPU_vivado.gen/sources_1/bd/DPU/ipshared/680d/hdl/verilog/dpu_conv_top_gmem0_m_axi.v:2013]
INFO: [Synth 8-6155] done synthesizing module 'dpu_conv_top_gmem0_m_axi_burst_converter' (0#1) [d:/project/DPU_Project_vivado/DPU_vivado/DPU_vivado.gen/sources_1/bd/DPU/ipshared/680d/hdl/verilog/dpu_conv_top_gmem0_m_axi.v:1407]
INFO: [Synth 8-6157] synthesizing module 'dpu_conv_top_gmem0_m_axi_throttle' [d:/project/DPU_Project_vivado/DPU_vivado/DPU_vivado.gen/sources_1/bd/DPU/ipshared/680d/hdl/verilog/dpu_conv_top_gmem0_m_axi.v:2408]
INFO: [Synth 8-6157] synthesizing module 'dpu_conv_top_gmem0_m_axi_fifo__parameterized6' [d:/project/DPU_Project_vivado/DPU_vivado/DPU_vivado.gen/sources_1/bd/DPU/ipshared/680d/hdl/verilog/dpu_conv_top_gmem0_m_axi.v:2781]
INFO: [Synth 8-6157] synthesizing module 'dpu_conv_top_gmem0_m_axi_srl__parameterized6' [d:/project/DPU_Project_vivado/DPU_vivado/DPU_vivado.gen/sources_1/bd/DPU/ipshared/680d/hdl/verilog/dpu_conv_top_gmem0_m_axi.v:2994]
INFO: [Synth 8-6155] done synthesizing module 'dpu_conv_top_gmem0_m_axi_srl__parameterized6' (0#1) [d:/project/DPU_Project_vivado/DPU_vivado/DPU_vivado.gen/sources_1/bd/DPU/ipshared/680d/hdl/verilog/dpu_conv_top_gmem0_m_axi.v:2994]
INFO: [Synth 8-6155] done synthesizing module 'dpu_conv_top_gmem0_m_axi_fifo__parameterized6' (0#1) [d:/project/DPU_Project_vivado/DPU_vivado/DPU_vivado.gen/sources_1/bd/DPU/ipshared/680d/hdl/verilog/dpu_conv_top_gmem0_m_axi.v:2781]
INFO: [Synth 8-6157] synthesizing module 'dpu_conv_top_gmem0_m_axi_reg_slice__parameterized0' [d:/project/DPU_Project_vivado/DPU_vivado/DPU_vivado.gen/sources_1/bd/DPU/ipshared/680d/hdl/verilog/dpu_conv_top_gmem0_m_axi.v:2677]
INFO: [Synth 8-6155] done synthesizing module 'dpu_conv_top_gmem0_m_axi_reg_slice__parameterized0' (0#1) [d:/project/DPU_Project_vivado/DPU_vivado/DPU_vivado.gen/sources_1/bd/DPU/ipshared/680d/hdl/verilog/dpu_conv_top_gmem0_m_axi.v:2677]
INFO: [Synth 8-6157] synthesizing module 'dpu_conv_top_gmem0_m_axi_reg_slice__parameterized1' [d:/project/DPU_Project_vivado/DPU_vivado/DPU_vivado.gen/sources_1/bd/DPU/ipshared/680d/hdl/verilog/dpu_conv_top_gmem0_m_axi.v:2677]
INFO: [Synth 8-6155] done synthesizing module 'dpu_conv_top_gmem0_m_axi_reg_slice__parameterized1' (0#1) [d:/project/DPU_Project_vivado/DPU_vivado/DPU_vivado.gen/sources_1/bd/DPU/ipshared/680d/hdl/verilog/dpu_conv_top_gmem0_m_axi.v:2677]
INFO: [Synth 8-6155] done synthesizing module 'dpu_conv_top_gmem0_m_axi_throttle' (0#1) [d:/project/DPU_Project_vivado/DPU_vivado/DPU_vivado.gen/sources_1/bd/DPU/ipshared/680d/hdl/verilog/dpu_conv_top_gmem0_m_axi.v:2408]
INFO: [Synth 8-6157] synthesizing module 'dpu_conv_top_gmem0_m_axi_reg_slice__parameterized2' [d:/project/DPU_Project_vivado/DPU_vivado/DPU_vivado.gen/sources_1/bd/DPU/ipshared/680d/hdl/verilog/dpu_conv_top_gmem0_m_axi.v:2677]
INFO: [Synth 8-6155] done synthesizing module 'dpu_conv_top_gmem0_m_axi_reg_slice__parameterized2' (0#1) [d:/project/DPU_Project_vivado/DPU_vivado/DPU_vivado.gen/sources_1/bd/DPU/ipshared/680d/hdl/verilog/dpu_conv_top_gmem0_m_axi.v:2677]
INFO: [Synth 8-6155] done synthesizing module 'dpu_conv_top_gmem0_m_axi_write' (0#1) [d:/project/DPU_Project_vivado/DPU_vivado/DPU_vivado.gen/sources_1/bd/DPU/ipshared/680d/hdl/verilog/dpu_conv_top_gmem0_m_axi.v:1112]
INFO: [Synth 8-6155] done synthesizing module 'dpu_conv_top_gmem0_m_axi' (0#1) [d:/project/DPU_Project_vivado/DPU_vivado/DPU_vivado.gen/sources_1/bd/DPU/ipshared/680d/hdl/verilog/dpu_conv_top_gmem0_m_axi.v:9]
INFO: [Synth 8-6157] synthesizing module 'dpu_conv_top_gmem0_0_m_axi' [d:/project/DPU_Project_vivado/DPU_vivado/DPU_vivado.gen/sources_1/bd/DPU/ipshared/680d/hdl/verilog/dpu_conv_top_gmem0_0_m_axi.v:9]
INFO: [Synth 8-6157] synthesizing module 'dpu_conv_top_gmem0_0_m_axi_load' [d:/project/DPU_Project_vivado/DPU_vivado/DPU_vivado.gen/sources_1/bd/DPU/ipshared/680d/hdl/verilog/dpu_conv_top_gmem0_0_m_axi.v:284]
INFO: [Synth 8-6157] synthesizing module 'dpu_conv_top_gmem0_0_m_axi_fifo' [d:/project/DPU_Project_vivado/DPU_vivado/DPU_vivado.gen/sources_1/bd/DPU/ipshared/680d/hdl/verilog/dpu_conv_top_gmem0_0_m_axi.v:2157]
INFO: [Synth 8-6157] synthesizing module 'dpu_conv_top_gmem0_0_m_axi_srl' [d:/project/DPU_Project_vivado/DPU_vivado/DPU_vivado.gen/sources_1/bd/DPU/ipshared/680d/hdl/verilog/dpu_conv_top_gmem0_0_m_axi.v:2370]
INFO: [Synth 8-6155] done synthesizing module 'dpu_conv_top_gmem0_0_m_axi_srl' (0#1) [d:/project/DPU_Project_vivado/DPU_vivado/DPU_vivado.gen/sources_1/bd/DPU/ipshared/680d/hdl/verilog/dpu_conv_top_gmem0_0_m_axi.v:2370]
INFO: [Synth 8-6155] done synthesizing module 'dpu_conv_top_gmem0_0_m_axi_fifo' (0#1) [d:/project/DPU_Project_vivado/DPU_vivado/DPU_vivado.gen/sources_1/bd/DPU/ipshared/680d/hdl/verilog/dpu_conv_top_gmem0_0_m_axi.v:2157]
INFO: [Synth 8-6157] synthesizing module 'dpu_conv_top_gmem0_0_m_axi_reg_slice' [d:/project/DPU_Project_vivado/DPU_vivado/DPU_vivado.gen/sources_1/bd/DPU/ipshared/680d/hdl/verilog/dpu_conv_top_gmem0_0_m_axi.v:2053]
INFO: [Synth 8-6155] done synthesizing module 'dpu_conv_top_gmem0_0_m_axi_reg_slice' (0#1) [d:/project/DPU_Project_vivado/DPU_vivado/DPU_vivado.gen/sources_1/bd/DPU/ipshared/680d/hdl/verilog/dpu_conv_top_gmem0_0_m_axi.v:2053]
INFO: [Synth 8-6157] synthesizing module 'dpu_conv_top_gmem0_0_m_axi_fifo__parameterized0' [d:/project/DPU_Project_vivado/DPU_vivado/DPU_vivado.gen/sources_1/bd/DPU/ipshared/680d/hdl/verilog/dpu_conv_top_gmem0_0_m_axi.v:2157]
INFO: [Synth 8-6157] synthesizing module 'dpu_conv_top_gmem0_0_m_axi_srl__parameterized0' [d:/project/DPU_Project_vivado/DPU_vivado/DPU_vivado.gen/sources_1/bd/DPU/ipshared/680d/hdl/verilog/dpu_conv_top_gmem0_0_m_axi.v:2370]
INFO: [Synth 8-6155] done synthesizing module 'dpu_conv_top_gmem0_0_m_axi_srl__parameterized0' (0#1) [d:/project/DPU_Project_vivado/DPU_vivado/DPU_vivado.gen/sources_1/bd/DPU/ipshared/680d/hdl/verilog/dpu_conv_top_gmem0_0_m_axi.v:2370]
INFO: [Synth 8-6155] done synthesizing module 'dpu_conv_top_gmem0_0_m_axi_fifo__parameterized0' (0#1) [d:/project/DPU_Project_vivado/DPU_vivado/DPU_vivado.gen/sources_1/bd/DPU/ipshared/680d/hdl/verilog/dpu_conv_top_gmem0_0_m_axi.v:2157]
INFO: [Synth 8-6157] synthesizing module 'dpu_conv_top_gmem0_0_m_axi_fifo__parameterized1' [d:/project/DPU_Project_vivado/DPU_vivado/DPU_vivado.gen/sources_1/bd/DPU/ipshared/680d/hdl/verilog/dpu_conv_top_gmem0_0_m_axi.v:2157]
INFO: [Synth 8-6157] synthesizing module 'dpu_conv_top_gmem0_0_m_axi_mem' [d:/project/DPU_Project_vivado/DPU_vivado/DPU_vivado.gen/sources_1/bd/DPU/ipshared/680d/hdl/verilog/dpu_conv_top_gmem0_0_m_axi.v:2410]
INFO: [Synth 8-6155] done synthesizing module 'dpu_conv_top_gmem0_0_m_axi_mem' (0#1) [d:/project/DPU_Project_vivado/DPU_vivado/DPU_vivado.gen/sources_1/bd/DPU/ipshared/680d/hdl/verilog/dpu_conv_top_gmem0_0_m_axi.v:2410]
INFO: [Synth 8-6155] done synthesizing module 'dpu_conv_top_gmem0_0_m_axi_fifo__parameterized1' (0#1) [d:/project/DPU_Project_vivado/DPU_vivado/DPU_vivado.gen/sources_1/bd/DPU/ipshared/680d/hdl/verilog/dpu_conv_top_gmem0_0_m_axi.v:2157]
INFO: [Synth 8-6155] done synthesizing module 'dpu_conv_top_gmem0_0_m_axi_load' (0#1) [d:/project/DPU_Project_vivado/DPU_vivado/DPU_vivado.gen/sources_1/bd/DPU/ipshared/680d/hdl/verilog/dpu_conv_top_gmem0_0_m_axi.v:284]
INFO: [Synth 8-6157] synthesizing module 'dpu_conv_top_gmem0_0_m_axi_read' [d:/project/DPU_Project_vivado/DPU_vivado/DPU_vivado.gen/sources_1/bd/DPU/ipshared/680d/hdl/verilog/dpu_conv_top_gmem0_0_m_axi.v:796]
INFO: [Synth 8-6157] synthesizing module 'dpu_conv_top_gmem0_0_m_axi_fifo__parameterized2' [d:/project/DPU_Project_vivado/DPU_vivado/DPU_vivado.gen/sources_1/bd/DPU/ipshared/680d/hdl/verilog/dpu_conv_top_gmem0_0_m_axi.v:2157]
INFO: [Synth 8-6157] synthesizing module 'dpu_conv_top_gmem0_0_m_axi_srl__parameterized1' [d:/project/DPU_Project_vivado/DPU_vivado/DPU_vivado.gen/sources_1/bd/DPU/ipshared/680d/hdl/verilog/dpu_conv_top_gmem0_0_m_axi.v:2370]
INFO: [Synth 8-6155] done synthesizing module 'dpu_conv_top_gmem0_0_m_axi_srl__parameterized1' (0#1) [d:/project/DPU_Project_vivado/DPU_vivado/DPU_vivado.gen/sources_1/bd/DPU/ipshared/680d/hdl/verilog/dpu_conv_top_gmem0_0_m_axi.v:2370]
INFO: [Synth 8-6155] done synthesizing module 'dpu_conv_top_gmem0_0_m_axi_fifo__parameterized2' (0#1) [d:/project/DPU_Project_vivado/DPU_vivado/DPU_vivado.gen/sources_1/bd/DPU/ipshared/680d/hdl/verilog/dpu_conv_top_gmem0_0_m_axi.v:2157]
INFO: [Synth 8-6157] synthesizing module 'dpu_conv_top_gmem0_0_m_axi_burst_converter' [d:/project/DPU_Project_vivado/DPU_vivado/DPU_vivado.gen/sources_1/bd/DPU/ipshared/680d/hdl/verilog/dpu_conv_top_gmem0_0_m_axi.v:1050]
INFO: [Synth 8-6157] synthesizing module 'dpu_conv_top_gmem0_0_m_axi_burst_sequential' [d:/project/DPU_Project_vivado/DPU_vivado/DPU_vivado.gen/sources_1/bd/DPU/ipshared/680d/hdl/verilog/dpu_conv_top_gmem0_0_m_axi.v:1656]
INFO: [Synth 8-6157] synthesizing module 'dpu_conv_top_gmem0_0_m_axi_reg_slice__parameterized0' [d:/project/DPU_Project_vivado/DPU_vivado/DPU_vivado.gen/sources_1/bd/DPU/ipshared/680d/hdl/verilog/dpu_conv_top_gmem0_0_m_axi.v:2053]
INFO: [Synth 8-6155] done synthesizing module 'dpu_conv_top_gmem0_0_m_axi_reg_slice__parameterized0' (0#1) [d:/project/DPU_Project_vivado/DPU_vivado/DPU_vivado.gen/sources_1/bd/DPU/ipshared/680d/hdl/verilog/dpu_conv_top_gmem0_0_m_axi.v:2053]
INFO: [Synth 8-6155] done synthesizing module 'dpu_conv_top_gmem0_0_m_axi_burst_sequential' (0#1) [d:/project/DPU_Project_vivado/DPU_vivado/DPU_vivado.gen/sources_1/bd/DPU/ipshared/680d/hdl/verilog/dpu_conv_top_gmem0_0_m_axi.v:1656]
INFO: [Synth 8-6155] done synthesizing module 'dpu_conv_top_gmem0_0_m_axi_burst_converter' (0#1) [d:/project/DPU_Project_vivado/DPU_vivado/DPU_vivado.gen/sources_1/bd/DPU/ipshared/680d/hdl/verilog/dpu_conv_top_gmem0_0_m_axi.v:1050]
INFO: [Synth 8-6157] synthesizing module 'dpu_conv_top_gmem0_0_m_axi_reg_slice__parameterized1' [d:/project/DPU_Project_vivado/DPU_vivado/DPU_vivado.gen/sources_1/bd/DPU/ipshared/680d/hdl/verilog/dpu_conv_top_gmem0_0_m_axi.v:2053]
INFO: [Synth 8-6155] done synthesizing module 'dpu_conv_top_gmem0_0_m_axi_reg_slice__parameterized1' (0#1) [d:/project/DPU_Project_vivado/DPU_vivado/DPU_vivado.gen/sources_1/bd/DPU/ipshared/680d/hdl/verilog/dpu_conv_top_gmem0_0_m_axi.v:2053]
INFO: [Synth 8-6155] done synthesizing module 'dpu_conv_top_gmem0_0_m_axi_read' (0#1) [d:/project/DPU_Project_vivado/DPU_vivado/DPU_vivado.gen/sources_1/bd/DPU/ipshared/680d/hdl/verilog/dpu_conv_top_gmem0_0_m_axi.v:796]
INFO: [Synth 8-6155] done synthesizing module 'dpu_conv_top_gmem0_0_m_axi' (0#1) [d:/project/DPU_Project_vivado/DPU_vivado/DPU_vivado.gen/sources_1/bd/DPU/ipshared/680d/hdl/verilog/dpu_conv_top_gmem0_0_m_axi.v:9]
INFO: [Synth 8-6157] synthesizing module 'dpu_conv_top_gmem0_1_m_axi' [d:/project/DPU_Project_vivado/DPU_vivado/DPU_vivado.gen/sources_1/bd/DPU/ipshared/680d/hdl/verilog/dpu_conv_top_gmem0_1_m_axi.v:9]
INFO: [Synth 8-6157] synthesizing module 'dpu_conv_top_gmem0_1_m_axi_load' [d:/project/DPU_Project_vivado/DPU_vivado/DPU_vivado.gen/sources_1/bd/DPU/ipshared/680d/hdl/verilog/dpu_conv_top_gmem0_1_m_axi.v:284]
INFO: [Synth 8-6157] synthesizing module 'dpu_conv_top_gmem0_1_m_axi_fifo' [d:/project/DPU_Project_vivado/DPU_vivado/DPU_vivado.gen/sources_1/bd/DPU/ipshared/680d/hdl/verilog/dpu_conv_top_gmem0_1_m_axi.v:2157]
INFO: [Synth 8-6157] synthesizing module 'dpu_conv_top_gmem0_1_m_axi_srl' [d:/project/DPU_Project_vivado/DPU_vivado/DPU_vivado.gen/sources_1/bd/DPU/ipshared/680d/hdl/verilog/dpu_conv_top_gmem0_1_m_axi.v:2370]
INFO: [Synth 8-6155] done synthesizing module 'dpu_conv_top_gmem0_1_m_axi_srl' (0#1) [d:/project/DPU_Project_vivado/DPU_vivado/DPU_vivado.gen/sources_1/bd/DPU/ipshared/680d/hdl/verilog/dpu_conv_top_gmem0_1_m_axi.v:2370]
INFO: [Synth 8-6155] done synthesizing module 'dpu_conv_top_gmem0_1_m_axi_fifo' (0#1) [d:/project/DPU_Project_vivado/DPU_vivado/DPU_vivado.gen/sources_1/bd/DPU/ipshared/680d/hdl/verilog/dpu_conv_top_gmem0_1_m_axi.v:2157]
INFO: [Synth 8-6157] synthesizing module 'dpu_conv_top_gmem0_1_m_axi_reg_slice' [d:/project/DPU_Project_vivado/DPU_vivado/DPU_vivado.gen/sources_1/bd/DPU/ipshared/680d/hdl/verilog/dpu_conv_top_gmem0_1_m_axi.v:2053]
INFO: [Synth 8-6155] done synthesizing module 'dpu_conv_top_gmem0_1_m_axi_reg_slice' (0#1) [d:/project/DPU_Project_vivado/DPU_vivado/DPU_vivado.gen/sources_1/bd/DPU/ipshared/680d/hdl/verilog/dpu_conv_top_gmem0_1_m_axi.v:2053]
INFO: [Synth 8-6157] synthesizing module 'dpu_conv_top_gmem0_1_m_axi_fifo__parameterized0' [d:/project/DPU_Project_vivado/DPU_vivado/DPU_vivado.gen/sources_1/bd/DPU/ipshared/680d/hdl/verilog/dpu_conv_top_gmem0_1_m_axi.v:2157]
INFO: [Synth 8-6157] synthesizing module 'dpu_conv_top_gmem0_1_m_axi_srl__parameterized0' [d:/project/DPU_Project_vivado/DPU_vivado/DPU_vivado.gen/sources_1/bd/DPU/ipshared/680d/hdl/verilog/dpu_conv_top_gmem0_1_m_axi.v:2370]
INFO: [Synth 8-6155] done synthesizing module 'dpu_conv_top_gmem0_1_m_axi_srl__parameterized0' (0#1) [d:/project/DPU_Project_vivado/DPU_vivado/DPU_vivado.gen/sources_1/bd/DPU/ipshared/680d/hdl/verilog/dpu_conv_top_gmem0_1_m_axi.v:2370]
INFO: [Synth 8-6155] done synthesizing module 'dpu_conv_top_gmem0_1_m_axi_fifo__parameterized0' (0#1) [d:/project/DPU_Project_vivado/DPU_vivado/DPU_vivado.gen/sources_1/bd/DPU/ipshared/680d/hdl/verilog/dpu_conv_top_gmem0_1_m_axi.v:2157]
INFO: [Synth 8-6157] synthesizing module 'dpu_conv_top_gmem0_1_m_axi_fifo__parameterized1' [d:/project/DPU_Project_vivado/DPU_vivado/DPU_vivado.gen/sources_1/bd/DPU/ipshared/680d/hdl/verilog/dpu_conv_top_gmem0_1_m_axi.v:2157]
INFO: [Synth 8-6157] synthesizing module 'dpu_conv_top_gmem0_1_m_axi_mem' [d:/project/DPU_Project_vivado/DPU_vivado/DPU_vivado.gen/sources_1/bd/DPU/ipshared/680d/hdl/verilog/dpu_conv_top_gmem0_1_m_axi.v:2410]
INFO: [Synth 8-6155] done synthesizing module 'dpu_conv_top_gmem0_1_m_axi_mem' (0#1) [d:/project/DPU_Project_vivado/DPU_vivado/DPU_vivado.gen/sources_1/bd/DPU/ipshared/680d/hdl/verilog/dpu_conv_top_gmem0_1_m_axi.v:2410]
INFO: [Synth 8-6155] done synthesizing module 'dpu_conv_top_gmem0_1_m_axi_fifo__parameterized1' (0#1) [d:/project/DPU_Project_vivado/DPU_vivado/DPU_vivado.gen/sources_1/bd/DPU/ipshared/680d/hdl/verilog/dpu_conv_top_gmem0_1_m_axi.v:2157]
INFO: [Synth 8-6155] done synthesizing module 'dpu_conv_top_gmem0_1_m_axi_load' (0#1) [d:/project/DPU_Project_vivado/DPU_vivado/DPU_vivado.gen/sources_1/bd/DPU/ipshared/680d/hdl/verilog/dpu_conv_top_gmem0_1_m_axi.v:284]
INFO: [Synth 8-6157] synthesizing module 'dpu_conv_top_gmem0_1_m_axi_read' [d:/project/DPU_Project_vivado/DPU_vivado/DPU_vivado.gen/sources_1/bd/DPU/ipshared/680d/hdl/verilog/dpu_conv_top_gmem0_1_m_axi.v:796]
INFO: [Synth 8-6157] synthesizing module 'dpu_conv_top_gmem0_1_m_axi_fifo__parameterized2' [d:/project/DPU_Project_vivado/DPU_vivado/DPU_vivado.gen/sources_1/bd/DPU/ipshared/680d/hdl/verilog/dpu_conv_top_gmem0_1_m_axi.v:2157]
INFO: [Synth 8-6157] synthesizing module 'dpu_conv_top_gmem0_1_m_axi_srl__parameterized1' [d:/project/DPU_Project_vivado/DPU_vivado/DPU_vivado.gen/sources_1/bd/DPU/ipshared/680d/hdl/verilog/dpu_conv_top_gmem0_1_m_axi.v:2370]
INFO: [Synth 8-6155] done synthesizing module 'dpu_conv_top_gmem0_1_m_axi_srl__parameterized1' (0#1) [d:/project/DPU_Project_vivado/DPU_vivado/DPU_vivado.gen/sources_1/bd/DPU/ipshared/680d/hdl/verilog/dpu_conv_top_gmem0_1_m_axi.v:2370]
INFO: [Synth 8-6155] done synthesizing module 'dpu_conv_top_gmem0_1_m_axi_fifo__parameterized2' (0#1) [d:/project/DPU_Project_vivado/DPU_vivado/DPU_vivado.gen/sources_1/bd/DPU/ipshared/680d/hdl/verilog/dpu_conv_top_gmem0_1_m_axi.v:2157]
INFO: [Synth 8-6157] synthesizing module 'dpu_conv_top_gmem0_1_m_axi_burst_converter' [d:/project/DPU_Project_vivado/DPU_vivado/DPU_vivado.gen/sources_1/bd/DPU/ipshared/680d/hdl/verilog/dpu_conv_top_gmem0_1_m_axi.v:1050]
INFO: [Synth 8-6157] synthesizing module 'dpu_conv_top_gmem0_1_m_axi_burst_sequential' [d:/project/DPU_Project_vivado/DPU_vivado/DPU_vivado.gen/sources_1/bd/DPU/ipshared/680d/hdl/verilog/dpu_conv_top_gmem0_1_m_axi.v:1656]
INFO: [Synth 8-6157] synthesizing module 'dpu_conv_top_gmem0_1_m_axi_reg_slice__parameterized0' [d:/project/DPU_Project_vivado/DPU_vivado/DPU_vivado.gen/sources_1/bd/DPU/ipshared/680d/hdl/verilog/dpu_conv_top_gmem0_1_m_axi.v:2053]
INFO: [Synth 8-6155] done synthesizing module 'dpu_conv_top_gmem0_1_m_axi_reg_slice__parameterized0' (0#1) [d:/project/DPU_Project_vivado/DPU_vivado/DPU_vivado.gen/sources_1/bd/DPU/ipshared/680d/hdl/verilog/dpu_conv_top_gmem0_1_m_axi.v:2053]
INFO: [Synth 8-6155] done synthesizing module 'dpu_conv_top_gmem0_1_m_axi_burst_sequential' (0#1) [d:/project/DPU_Project_vivado/DPU_vivado/DPU_vivado.gen/sources_1/bd/DPU/ipshared/680d/hdl/verilog/dpu_conv_top_gmem0_1_m_axi.v:1656]
INFO: [Synth 8-6155] done synthesizing module 'dpu_conv_top_gmem0_1_m_axi_burst_converter' (0#1) [d:/project/DPU_Project_vivado/DPU_vivado/DPU_vivado.gen/sources_1/bd/DPU/ipshared/680d/hdl/verilog/dpu_conv_top_gmem0_1_m_axi.v:1050]
INFO: [Synth 8-6157] synthesizing module 'dpu_conv_top_gmem0_1_m_axi_reg_slice__parameterized1' [d:/project/DPU_Project_vivado/DPU_vivado/DPU_vivado.gen/sources_1/bd/DPU/ipshared/680d/hdl/verilog/dpu_conv_top_gmem0_1_m_axi.v:2053]
INFO: [Synth 8-6155] done synthesizing module 'dpu_conv_top_gmem0_1_m_axi_reg_slice__parameterized1' (0#1) [d:/project/DPU_Project_vivado/DPU_vivado/DPU_vivado.gen/sources_1/bd/DPU/ipshared/680d/hdl/verilog/dpu_conv_top_gmem0_1_m_axi.v:2053]
INFO: [Synth 8-6155] done synthesizing module 'dpu_conv_top_gmem0_1_m_axi_read' (0#1) [d:/project/DPU_Project_vivado/DPU_vivado/DPU_vivado.gen/sources_1/bd/DPU/ipshared/680d/hdl/verilog/dpu_conv_top_gmem0_1_m_axi.v:796]
INFO: [Synth 8-6155] done synthesizing module 'dpu_conv_top_gmem0_1_m_axi' (0#1) [d:/project/DPU_Project_vivado/DPU_vivado/DPU_vivado.gen/sources_1/bd/DPU/ipshared/680d/hdl/verilog/dpu_conv_top_gmem0_1_m_axi.v:9]
INFO: [Synth 8-6157] synthesizing module 'dpu_conv_top_gmem0_2_m_axi' [d:/project/DPU_Project_vivado/DPU_vivado/DPU_vivado.gen/sources_1/bd/DPU/ipshared/680d/hdl/verilog/dpu_conv_top_gmem0_2_m_axi.v:9]
INFO: [Synth 8-6157] synthesizing module 'dpu_conv_top_gmem0_2_m_axi_load' [d:/project/DPU_Project_vivado/DPU_vivado/DPU_vivado.gen/sources_1/bd/DPU/ipshared/680d/hdl/verilog/dpu_conv_top_gmem0_2_m_axi.v:284]
INFO: [Synth 8-6157] synthesizing module 'dpu_conv_top_gmem0_2_m_axi_fifo' [d:/project/DPU_Project_vivado/DPU_vivado/DPU_vivado.gen/sources_1/bd/DPU/ipshared/680d/hdl/verilog/dpu_conv_top_gmem0_2_m_axi.v:2157]
INFO: [Synth 8-6157] synthesizing module 'dpu_conv_top_gmem0_2_m_axi_srl' [d:/project/DPU_Project_vivado/DPU_vivado/DPU_vivado.gen/sources_1/bd/DPU/ipshared/680d/hdl/verilog/dpu_conv_top_gmem0_2_m_axi.v:2370]
INFO: [Synth 8-6155] done synthesizing module 'dpu_conv_top_gmem0_2_m_axi_srl' (0#1) [d:/project/DPU_Project_vivado/DPU_vivado/DPU_vivado.gen/sources_1/bd/DPU/ipshared/680d/hdl/verilog/dpu_conv_top_gmem0_2_m_axi.v:2370]
INFO: [Synth 8-6155] done synthesizing module 'dpu_conv_top_gmem0_2_m_axi_fifo' (0#1) [d:/project/DPU_Project_vivado/DPU_vivado/DPU_vivado.gen/sources_1/bd/DPU/ipshared/680d/hdl/verilog/dpu_conv_top_gmem0_2_m_axi.v:2157]
INFO: [Synth 8-6157] synthesizing module 'dpu_conv_top_gmem0_2_m_axi_reg_slice' [d:/project/DPU_Project_vivado/DPU_vivado/DPU_vivado.gen/sources_1/bd/DPU/ipshared/680d/hdl/verilog/dpu_conv_top_gmem0_2_m_axi.v:2053]
INFO: [Synth 8-6155] done synthesizing module 'dpu_conv_top_gmem0_2_m_axi_reg_slice' (0#1) [d:/project/DPU_Project_vivado/DPU_vivado/DPU_vivado.gen/sources_1/bd/DPU/ipshared/680d/hdl/verilog/dpu_conv_top_gmem0_2_m_axi.v:2053]
INFO: [Synth 8-6157] synthesizing module 'dpu_conv_top_gmem0_2_m_axi_fifo__parameterized0' [d:/project/DPU_Project_vivado/DPU_vivado/DPU_vivado.gen/sources_1/bd/DPU/ipshared/680d/hdl/verilog/dpu_conv_top_gmem0_2_m_axi.v:2157]
INFO: [Synth 8-6157] synthesizing module 'dpu_conv_top_gmem0_2_m_axi_srl__parameterized0' [d:/project/DPU_Project_vivado/DPU_vivado/DPU_vivado.gen/sources_1/bd/DPU/ipshared/680d/hdl/verilog/dpu_conv_top_gmem0_2_m_axi.v:2370]
INFO: [Synth 8-6155] done synthesizing module 'dpu_conv_top_gmem0_2_m_axi_srl__parameterized0' (0#1) [d:/project/DPU_Project_vivado/DPU_vivado/DPU_vivado.gen/sources_1/bd/DPU/ipshared/680d/hdl/verilog/dpu_conv_top_gmem0_2_m_axi.v:2370]
INFO: [Synth 8-6155] done synthesizing module 'dpu_conv_top_gmem0_2_m_axi_fifo__parameterized0' (0#1) [d:/project/DPU_Project_vivado/DPU_vivado/DPU_vivado.gen/sources_1/bd/DPU/ipshared/680d/hdl/verilog/dpu_conv_top_gmem0_2_m_axi.v:2157]
INFO: [Synth 8-6157] synthesizing module 'dpu_conv_top_gmem0_2_m_axi_fifo__parameterized1' [d:/project/DPU_Project_vivado/DPU_vivado/DPU_vivado.gen/sources_1/bd/DPU/ipshared/680d/hdl/verilog/dpu_conv_top_gmem0_2_m_axi.v:2157]
INFO: [Synth 8-6157] synthesizing module 'dpu_conv_top_gmem0_2_m_axi_mem' [d:/project/DPU_Project_vivado/DPU_vivado/DPU_vivado.gen/sources_1/bd/DPU/ipshared/680d/hdl/verilog/dpu_conv_top_gmem0_2_m_axi.v:2410]
INFO: [Synth 8-6155] done synthesizing module 'dpu_conv_top_gmem0_2_m_axi_mem' (0#1) [d:/project/DPU_Project_vivado/DPU_vivado/DPU_vivado.gen/sources_1/bd/DPU/ipshared/680d/hdl/verilog/dpu_conv_top_gmem0_2_m_axi.v:2410]
INFO: [Synth 8-6155] done synthesizing module 'dpu_conv_top_gmem0_2_m_axi_fifo__parameterized1' (0#1) [d:/project/DPU_Project_vivado/DPU_vivado/DPU_vivado.gen/sources_1/bd/DPU/ipshared/680d/hdl/verilog/dpu_conv_top_gmem0_2_m_axi.v:2157]
INFO: [Synth 8-6155] done synthesizing module 'dpu_conv_top_gmem0_2_m_axi_load' (0#1) [d:/project/DPU_Project_vivado/DPU_vivado/DPU_vivado.gen/sources_1/bd/DPU/ipshared/680d/hdl/verilog/dpu_conv_top_gmem0_2_m_axi.v:284]
INFO: [Synth 8-6157] synthesizing module 'dpu_conv_top_gmem0_2_m_axi_read' [d:/project/DPU_Project_vivado/DPU_vivado/DPU_vivado.gen/sources_1/bd/DPU/ipshared/680d/hdl/verilog/dpu_conv_top_gmem0_2_m_axi.v:796]
INFO: [Synth 8-6157] synthesizing module 'dpu_conv_top_gmem0_2_m_axi_fifo__parameterized2' [d:/project/DPU_Project_vivado/DPU_vivado/DPU_vivado.gen/sources_1/bd/DPU/ipshared/680d/hdl/verilog/dpu_conv_top_gmem0_2_m_axi.v:2157]
INFO: [Synth 8-6157] synthesizing module 'dpu_conv_top_gmem0_2_m_axi_srl__parameterized1' [d:/project/DPU_Project_vivado/DPU_vivado/DPU_vivado.gen/sources_1/bd/DPU/ipshared/680d/hdl/verilog/dpu_conv_top_gmem0_2_m_axi.v:2370]
INFO: [Synth 8-6155] done synthesizing module 'dpu_conv_top_gmem0_2_m_axi_srl__parameterized1' (0#1) [d:/project/DPU_Project_vivado/DPU_vivado/DPU_vivado.gen/sources_1/bd/DPU/ipshared/680d/hdl/verilog/dpu_conv_top_gmem0_2_m_axi.v:2370]
INFO: [Synth 8-6155] done synthesizing module 'dpu_conv_top_gmem0_2_m_axi_fifo__parameterized2' (0#1) [d:/project/DPU_Project_vivado/DPU_vivado/DPU_vivado.gen/sources_1/bd/DPU/ipshared/680d/hdl/verilog/dpu_conv_top_gmem0_2_m_axi.v:2157]
INFO: [Synth 8-6157] synthesizing module 'dpu_conv_top_gmem0_2_m_axi_burst_converter' [d:/project/DPU_Project_vivado/DPU_vivado/DPU_vivado.gen/sources_1/bd/DPU/ipshared/680d/hdl/verilog/dpu_conv_top_gmem0_2_m_axi.v:1050]
INFO: [Synth 8-6157] synthesizing module 'dpu_conv_top_gmem0_2_m_axi_burst_sequential' [d:/project/DPU_Project_vivado/DPU_vivado/DPU_vivado.gen/sources_1/bd/DPU/ipshared/680d/hdl/verilog/dpu_conv_top_gmem0_2_m_axi.v:1656]
INFO: [Synth 8-6157] synthesizing module 'dpu_conv_top_gmem0_2_m_axi_reg_slice__parameterized0' [d:/project/DPU_Project_vivado/DPU_vivado/DPU_vivado.gen/sources_1/bd/DPU/ipshared/680d/hdl/verilog/dpu_conv_top_gmem0_2_m_axi.v:2053]
INFO: [Synth 8-6155] done synthesizing module 'dpu_conv_top_gmem0_2_m_axi_reg_slice__parameterized0' (0#1) [d:/project/DPU_Project_vivado/DPU_vivado/DPU_vivado.gen/sources_1/bd/DPU/ipshared/680d/hdl/verilog/dpu_conv_top_gmem0_2_m_axi.v:2053]
INFO: [Synth 8-6155] done synthesizing module 'dpu_conv_top_gmem0_2_m_axi_burst_sequential' (0#1) [d:/project/DPU_Project_vivado/DPU_vivado/DPU_vivado.gen/sources_1/bd/DPU/ipshared/680d/hdl/verilog/dpu_conv_top_gmem0_2_m_axi.v:1656]
INFO: [Synth 8-6155] done synthesizing module 'dpu_conv_top_gmem0_2_m_axi_burst_converter' (0#1) [d:/project/DPU_Project_vivado/DPU_vivado/DPU_vivado.gen/sources_1/bd/DPU/ipshared/680d/hdl/verilog/dpu_conv_top_gmem0_2_m_axi.v:1050]
INFO: [Synth 8-6157] synthesizing module 'dpu_conv_top_gmem0_2_m_axi_reg_slice__parameterized1' [d:/project/DPU_Project_vivado/DPU_vivado/DPU_vivado.gen/sources_1/bd/DPU/ipshared/680d/hdl/verilog/dpu_conv_top_gmem0_2_m_axi.v:2053]
INFO: [Synth 8-6155] done synthesizing module 'dpu_conv_top_gmem0_2_m_axi_reg_slice__parameterized1' (0#1) [d:/project/DPU_Project_vivado/DPU_vivado/DPU_vivado.gen/sources_1/bd/DPU/ipshared/680d/hdl/verilog/dpu_conv_top_gmem0_2_m_axi.v:2053]
INFO: [Synth 8-6155] done synthesizing module 'dpu_conv_top_gmem0_2_m_axi_read' (0#1) [d:/project/DPU_Project_vivado/DPU_vivado/DPU_vivado.gen/sources_1/bd/DPU/ipshared/680d/hdl/verilog/dpu_conv_top_gmem0_2_m_axi.v:796]
INFO: [Synth 8-6155] done synthesizing module 'dpu_conv_top_gmem0_2_m_axi' (0#1) [d:/project/DPU_Project_vivado/DPU_vivado/DPU_vivado.gen/sources_1/bd/DPU/ipshared/680d/hdl/verilog/dpu_conv_top_gmem0_2_m_axi.v:9]
INFO: [Synth 8-6157] synthesizing module 'dpu_conv_top_gmem0_3_m_axi' [d:/project/DPU_Project_vivado/DPU_vivado/DPU_vivado.gen/sources_1/bd/DPU/ipshared/680d/hdl/verilog/dpu_conv_top_gmem0_3_m_axi.v:9]
INFO: [Synth 8-6157] synthesizing module 'dpu_conv_top_gmem0_3_m_axi_load' [d:/project/DPU_Project_vivado/DPU_vivado/DPU_vivado.gen/sources_1/bd/DPU/ipshared/680d/hdl/verilog/dpu_conv_top_gmem0_3_m_axi.v:284]
INFO: [Synth 8-6157] synthesizing module 'dpu_conv_top_gmem0_3_m_axi_fifo' [d:/project/DPU_Project_vivado/DPU_vivado/DPU_vivado.gen/sources_1/bd/DPU/ipshared/680d/hdl/verilog/dpu_conv_top_gmem0_3_m_axi.v:2157]
INFO: [Synth 8-6157] synthesizing module 'dpu_conv_top_gmem0_3_m_axi_srl' [d:/project/DPU_Project_vivado/DPU_vivado/DPU_vivado.gen/sources_1/bd/DPU/ipshared/680d/hdl/verilog/dpu_conv_top_gmem0_3_m_axi.v:2370]
INFO: [Synth 8-6155] done synthesizing module 'dpu_conv_top_gmem0_3_m_axi_srl' (0#1) [d:/project/DPU_Project_vivado/DPU_vivado/DPU_vivado.gen/sources_1/bd/DPU/ipshared/680d/hdl/verilog/dpu_conv_top_gmem0_3_m_axi.v:2370]
INFO: [Synth 8-6155] done synthesizing module 'dpu_conv_top_gmem0_3_m_axi_fifo' (0#1) [d:/project/DPU_Project_vivado/DPU_vivado/DPU_vivado.gen/sources_1/bd/DPU/ipshared/680d/hdl/verilog/dpu_conv_top_gmem0_3_m_axi.v:2157]
INFO: [Synth 8-6157] synthesizing module 'dpu_conv_top_gmem0_3_m_axi_reg_slice' [d:/project/DPU_Project_vivado/DPU_vivado/DPU_vivado.gen/sources_1/bd/DPU/ipshared/680d/hdl/verilog/dpu_conv_top_gmem0_3_m_axi.v:2053]
INFO: [Synth 8-6155] done synthesizing module 'dpu_conv_top_gmem0_3_m_axi_reg_slice' (0#1) [d:/project/DPU_Project_vivado/DPU_vivado/DPU_vivado.gen/sources_1/bd/DPU/ipshared/680d/hdl/verilog/dpu_conv_top_gmem0_3_m_axi.v:2053]
INFO: [Synth 8-6157] synthesizing module 'dpu_conv_top_gmem0_3_m_axi_fifo__parameterized0' [d:/project/DPU_Project_vivado/DPU_vivado/DPU_vivado.gen/sources_1/bd/DPU/ipshared/680d/hdl/verilog/dpu_conv_top_gmem0_3_m_axi.v:2157]
INFO: [Synth 8-6157] synthesizing module 'dpu_conv_top_gmem0_3_m_axi_srl__parameterized0' [d:/project/DPU_Project_vivado/DPU_vivado/DPU_vivado.gen/sources_1/bd/DPU/ipshared/680d/hdl/verilog/dpu_conv_top_gmem0_3_m_axi.v:2370]
INFO: [Synth 8-6155] done synthesizing module 'dpu_conv_top_gmem0_3_m_axi_srl__parameterized0' (0#1) [d:/project/DPU_Project_vivado/DPU_vivado/DPU_vivado.gen/sources_1/bd/DPU/ipshared/680d/hdl/verilog/dpu_conv_top_gmem0_3_m_axi.v:2370]
INFO: [Synth 8-6155] done synthesizing module 'dpu_conv_top_gmem0_3_m_axi_fifo__parameterized0' (0#1) [d:/project/DPU_Project_vivado/DPU_vivado/DPU_vivado.gen/sources_1/bd/DPU/ipshared/680d/hdl/verilog/dpu_conv_top_gmem0_3_m_axi.v:2157]
INFO: [Synth 8-6157] synthesizing module 'dpu_conv_top_gmem0_3_m_axi_fifo__parameterized1' [d:/project/DPU_Project_vivado/DPU_vivado/DPU_vivado.gen/sources_1/bd/DPU/ipshared/680d/hdl/verilog/dpu_conv_top_gmem0_3_m_axi.v:2157]
INFO: [Synth 8-6157] synthesizing module 'dpu_conv_top_gmem0_3_m_axi_mem' [d:/project/DPU_Project_vivado/DPU_vivado/DPU_vivado.gen/sources_1/bd/DPU/ipshared/680d/hdl/verilog/dpu_conv_top_gmem0_3_m_axi.v:2410]
INFO: [Synth 8-6155] done synthesizing module 'dpu_conv_top_gmem0_3_m_axi_mem' (0#1) [d:/project/DPU_Project_vivado/DPU_vivado/DPU_vivado.gen/sources_1/bd/DPU/ipshared/680d/hdl/verilog/dpu_conv_top_gmem0_3_m_axi.v:2410]
INFO: [Synth 8-6155] done synthesizing module 'dpu_conv_top_gmem0_3_m_axi_fifo__parameterized1' (0#1) [d:/project/DPU_Project_vivado/DPU_vivado/DPU_vivado.gen/sources_1/bd/DPU/ipshared/680d/hdl/verilog/dpu_conv_top_gmem0_3_m_axi.v:2157]
INFO: [Synth 8-6155] done synthesizing module 'dpu_conv_top_gmem0_3_m_axi_load' (0#1) [d:/project/DPU_Project_vivado/DPU_vivado/DPU_vivado.gen/sources_1/bd/DPU/ipshared/680d/hdl/verilog/dpu_conv_top_gmem0_3_m_axi.v:284]
INFO: [Synth 8-6157] synthesizing module 'dpu_conv_top_gmem0_3_m_axi_read' [d:/project/DPU_Project_vivado/DPU_vivado/DPU_vivado.gen/sources_1/bd/DPU/ipshared/680d/hdl/verilog/dpu_conv_top_gmem0_3_m_axi.v:796]
INFO: [Synth 8-6157] synthesizing module 'dpu_conv_top_gmem0_3_m_axi_fifo__parameterized2' [d:/project/DPU_Project_vivado/DPU_vivado/DPU_vivado.gen/sources_1/bd/DPU/ipshared/680d/hdl/verilog/dpu_conv_top_gmem0_3_m_axi.v:2157]
INFO: [Synth 8-6157] synthesizing module 'dpu_conv_top_gmem0_3_m_axi_srl__parameterized1' [d:/project/DPU_Project_vivado/DPU_vivado/DPU_vivado.gen/sources_1/bd/DPU/ipshared/680d/hdl/verilog/dpu_conv_top_gmem0_3_m_axi.v:2370]
INFO: [Synth 8-6155] done synthesizing module 'dpu_conv_top_gmem0_3_m_axi_srl__parameterized1' (0#1) [d:/project/DPU_Project_vivado/DPU_vivado/DPU_vivado.gen/sources_1/bd/DPU/ipshared/680d/hdl/verilog/dpu_conv_top_gmem0_3_m_axi.v:2370]
INFO: [Synth 8-6155] done synthesizing module 'dpu_conv_top_gmem0_3_m_axi_fifo__parameterized2' (0#1) [d:/project/DPU_Project_vivado/DPU_vivado/DPU_vivado.gen/sources_1/bd/DPU/ipshared/680d/hdl/verilog/dpu_conv_top_gmem0_3_m_axi.v:2157]
INFO: [Synth 8-6157] synthesizing module 'dpu_conv_top_gmem0_3_m_axi_burst_converter' [d:/project/DPU_Project_vivado/DPU_vivado/DPU_vivado.gen/sources_1/bd/DPU/ipshared/680d/hdl/verilog/dpu_conv_top_gmem0_3_m_axi.v:1050]
INFO: [Synth 8-6157] synthesizing module 'dpu_conv_top_gmem0_3_m_axi_burst_sequential' [d:/project/DPU_Project_vivado/DPU_vivado/DPU_vivado.gen/sources_1/bd/DPU/ipshared/680d/hdl/verilog/dpu_conv_top_gmem0_3_m_axi.v:1656]
INFO: [Common 17-14] Message 'Synth 8-6157' appears 100 times and further instances of the messages will be disabled. Use the Tcl command set_msg_config to change the current settings.
INFO: [Synth 8-6155] done synthesizing module 'dpu_conv_top_gmem0_3_m_axi_reg_slice__parameterized0' (0#1) [d:/project/DPU_Project_vivado/DPU_vivado/DPU_vivado.gen/sources_1/bd/DPU/ipshared/680d/hdl/verilog/dpu_conv_top_gmem0_3_m_axi.v:2053]
INFO: [Synth 8-6155] done synthesizing module 'dpu_conv_top_gmem0_3_m_axi_burst_sequential' (0#1) [d:/project/DPU_Project_vivado/DPU_vivado/DPU_vivado.gen/sources_1/bd/DPU/ipshared/680d/hdl/verilog/dpu_conv_top_gmem0_3_m_axi.v:1656]
INFO: [Synth 8-6155] done synthesizing module 'dpu_conv_top_gmem0_3_m_axi_burst_converter' (0#1) [d:/project/DPU_Project_vivado/DPU_vivado/DPU_vivado.gen/sources_1/bd/DPU/ipshared/680d/hdl/verilog/dpu_conv_top_gmem0_3_m_axi.v:1050]
INFO: [Synth 8-6155] done synthesizing module 'dpu_conv_top_gmem0_3_m_axi_reg_slice__parameterized1' (0#1) [d:/project/DPU_Project_vivado/DPU_vivado/DPU_vivado.gen/sources_1/bd/DPU/ipshared/680d/hdl/verilog/dpu_conv_top_gmem0_3_m_axi.v:2053]
INFO: [Synth 8-6155] done synthesizing module 'dpu_conv_top_gmem0_3_m_axi_read' (0#1) [d:/project/DPU_Project_vivado/DPU_vivado/DPU_vivado.gen/sources_1/bd/DPU/ipshared/680d/hdl/verilog/dpu_conv_top_gmem0_3_m_axi.v:796]
INFO: [Synth 8-6155] done synthesizing module 'dpu_conv_top_gmem0_3_m_axi' (0#1) [d:/project/DPU_Project_vivado/DPU_vivado/DPU_vivado.gen/sources_1/bd/DPU/ipshared/680d/hdl/verilog/dpu_conv_top_gmem0_3_m_axi.v:9]
INFO: [Common 17-14] Message 'Synth 8-6155' appears 100 times and further instances of the messages will be disabled. Use the Tcl command set_msg_config to change the current settings.
INFO: [Synth 8-4490] FSM extraction disabled for register 'ap_CS_fsm_reg' through user attribute
INFO: [Synth 8-4490] FSM extraction disabled for register 'ap_CS_fsm_reg' through user attribute
INFO: [Synth 8-4490] FSM extraction disabled for register 'ap_CS_fsm_reg' through user attribute
INFO: [Synth 8-6014] Unused sequential element int_ap_done_reg was removed.  [d:/project/DPU_Project_vivado/DPU_vivado/DPU_vivado.gen/sources_1/bd/DPU/ipshared/680d/hdl/verilog/dpu_conv_top_CTRL_s_axi.v:355]
INFO: [Synth 8-4490] FSM extraction disabled for register 'ap_CS_fsm_reg' through user attribute
INFO: [Synth 8-7129] Port in_BUS_RID[0] in module dpu_conv_top_gmem2_m_axi_read is either unconnected or has no load
INFO: [Synth 8-7129] Port in_BUS_RRESP[1] in module dpu_conv_top_gmem2_m_axi_read is either unconnected or has no load
INFO: [Synth 8-7129] Port in_BUS_RRESP[0] in module dpu_conv_top_gmem2_m_axi_read is either unconnected or has no load
INFO: [Synth 8-7129] Port in_BUS_RUSER[0] in module dpu_conv_top_gmem2_m_axi_read is either unconnected or has no load
INFO: [Synth 8-7129] Port in_BURST_AWLEN[7] in module dpu_conv_top_gmem2_m_axi_throttle is either unconnected or has no load
INFO: [Synth 8-7129] Port in_BURST_AWLEN[6] in module dpu_conv_top_gmem2_m_axi_throttle is either unconnected or has no load
INFO: [Synth 8-7129] Port in_BURST_AWLEN[5] in module dpu_conv_top_gmem2_m_axi_throttle is either unconnected or has no load
INFO: [Synth 8-7129] Port in_BURST_AWLEN[4] in module dpu_conv_top_gmem2_m_axi_throttle is either unconnected or has no load
INFO: [Synth 8-7129] Port in_BURST_AWLEN[3] in module dpu_conv_top_gmem2_m_axi_throttle is either unconnected or has no load
INFO: [Synth 8-7129] Port in_BURST_AWLEN[2] in module dpu_conv_top_gmem2_m_axi_throttle is either unconnected or has no load
INFO: [Synth 8-7129] Port in_BURST_AWLEN[1] in module dpu_conv_top_gmem2_m_axi_throttle is either unconnected or has no load
INFO: [Synth 8-7129] Port in_BURST_AWLEN[0] in module dpu_conv_top_gmem2_m_axi_throttle is either unconnected or has no load
INFO: [Synth 8-7129] Port in_BUS_BID[0] in module dpu_conv_top_gmem2_m_axi_write is either unconnected or has no load
INFO: [Synth 8-7129] Port in_BUS_BRESP[1] in module dpu_conv_top_gmem2_m_axi_write is either unconnected or has no load
INFO: [Synth 8-7129] Port in_BUS_BRESP[0] in module dpu_conv_top_gmem2_m_axi_write is either unconnected or has no load
INFO: [Synth 8-7129] Port in_BUS_BUSER[0] in module dpu_conv_top_gmem2_m_axi_write is either unconnected or has no load
INFO: [Synth 8-7129] Port in_BUS_RID[0] in module dpu_conv_top_gmem1_7_m_axi_read is either unconnected or has no load
INFO: [Synth 8-7129] Port in_BUS_RRESP[1] in module dpu_conv_top_gmem1_7_m_axi_read is either unconnected or has no load
INFO: [Synth 8-7129] Port in_BUS_RRESP[0] in module dpu_conv_top_gmem1_7_m_axi_read is either unconnected or has no load
INFO: [Synth 8-7129] Port in_BUS_RUSER[0] in module dpu_conv_top_gmem1_7_m_axi_read is either unconnected or has no load
INFO: [Synth 8-7129] Port AWREADY in module dpu_conv_top_gmem1_7_m_axi is either unconnected or has no load
INFO: [Synth 8-7129] Port WREADY in module dpu_conv_top_gmem1_7_m_axi is either unconnected or has no load
INFO: [Synth 8-7129] Port BID[0] in module dpu_conv_top_gmem1_7_m_axi is either unconnected or has no load
INFO: [Synth 8-7129] Port BRESP[1] in module dpu_conv_top_gmem1_7_m_axi is either unconnected or has no load
INFO: [Synth 8-7129] Port BRESP[0] in module dpu_conv_top_gmem1_7_m_axi is either unconnected or has no load
INFO: [Synth 8-7129] Port BUSER[0] in module dpu_conv_top_gmem1_7_m_axi is either unconnected or has no load
INFO: [Synth 8-7129] Port BVALID in module dpu_conv_top_gmem1_7_m_axi is either unconnected or has no load
INFO: [Synth 8-7129] Port I_CH0_AWADDR[63] in module dpu_conv_top_gmem1_7_m_axi is either unconnected or has no load
INFO: [Synth 8-7129] Port I_CH0_AWADDR[62] in module dpu_conv_top_gmem1_7_m_axi is either unconnected or has no load
INFO: [Synth 8-7129] Port I_CH0_AWADDR[61] in module dpu_conv_top_gmem1_7_m_axi is either unconnected or has no load
INFO: [Synth 8-7129] Port I_CH0_AWADDR[60] in module dpu_conv_top_gmem1_7_m_axi is either unconnected or has no load
INFO: [Synth 8-7129] Port I_CH0_AWADDR[59] in module dpu_conv_top_gmem1_7_m_axi is either unconnected or has no load
INFO: [Synth 8-7129] Port I_CH0_AWADDR[58] in module dpu_conv_top_gmem1_7_m_axi is either unconnected or has no load
INFO: [Synth 8-7129] Port I_CH0_AWADDR[57] in module dpu_conv_top_gmem1_7_m_axi is either unconnected or has no load
INFO: [Synth 8-7129] Port I_CH0_AWADDR[56] in module dpu_conv_top_gmem1_7_m_axi is either unconnected or has no load
INFO: [Synth 8-7129] Port I_CH0_AWADDR[55] in module dpu_conv_top_gmem1_7_m_axi is either unconnected or has no load
INFO: [Synth 8-7129] Port I_CH0_AWADDR[54] in module dpu_conv_top_gmem1_7_m_axi is either unconnected or has no load
INFO: [Synth 8-7129] Port I_CH0_AWADDR[53] in module dpu_conv_top_gmem1_7_m_axi is either unconnected or has no load
INFO: [Synth 8-7129] Port I_CH0_AWADDR[52] in module dpu_conv_top_gmem1_7_m_axi is either unconnected or has no load
INFO: [Synth 8-7129] Port I_CH0_AWADDR[51] in module dpu_conv_top_gmem1_7_m_axi is either unconnected or has no load
INFO: [Synth 8-7129] Port I_CH0_AWADDR[50] in module dpu_conv_top_gmem1_7_m_axi is either unconnected or has no load
INFO: [Synth 8-7129] Port I_CH0_AWADDR[49] in module dpu_conv_top_gmem1_7_m_axi is either unconnected or has no load
INFO: [Synth 8-7129] Port I_CH0_AWADDR[48] in module dpu_conv_top_gmem1_7_m_axi is either unconnected or has no load
INFO: [Synth 8-7129] Port I_CH0_AWADDR[47] in module dpu_conv_top_gmem1_7_m_axi is either unconnected or has no load
INFO: [Synth 8-7129] Port I_CH0_AWADDR[46] in module dpu_conv_top_gmem1_7_m_axi is either unconnected or has no load
INFO: [Synth 8-7129] Port I_CH0_AWADDR[45] in module dpu_conv_top_gmem1_7_m_axi is either unconnected or has no load
INFO: [Synth 8-7129] Port I_CH0_AWADDR[44] in module dpu_conv_top_gmem1_7_m_axi is either unconnected or has no load
INFO: [Synth 8-7129] Port I_CH0_AWADDR[43] in module dpu_conv_top_gmem1_7_m_axi is either unconnected or has no load
INFO: [Synth 8-7129] Port I_CH0_AWADDR[42] in module dpu_conv_top_gmem1_7_m_axi is either unconnected or has no load
INFO: [Synth 8-7129] Port I_CH0_AWADDR[41] in module dpu_conv_top_gmem1_7_m_axi is either unconnected or has no load
INFO: [Synth 8-7129] Port I_CH0_AWADDR[40] in module dpu_conv_top_gmem1_7_m_axi is either unconnected or has no load
INFO: [Synth 8-7129] Port I_CH0_AWADDR[39] in module dpu_conv_top_gmem1_7_m_axi is either unconnected or has no load
INFO: [Synth 8-7129] Port I_CH0_AWADDR[38] in module dpu_conv_top_gmem1_7_m_axi is either unconnected or has no load
INFO: [Synth 8-7129] Port I_CH0_AWADDR[37] in module dpu_conv_top_gmem1_7_m_axi is either unconnected or has no load
INFO: [Synth 8-7129] Port I_CH0_AWADDR[36] in module dpu_conv_top_gmem1_7_m_axi is either unconnected or has no load
INFO: [Synth 8-7129] Port I_CH0_AWADDR[35] in module dpu_conv_top_gmem1_7_m_axi is either unconnected or has no load
INFO: [Synth 8-7129] Port I_CH0_AWADDR[34] in module dpu_conv_top_gmem1_7_m_axi is either unconnected or has no load
INFO: [Synth 8-7129] Port I_CH0_AWADDR[33] in module dpu_conv_top_gmem1_7_m_axi is either unconnected or has no load
INFO: [Synth 8-7129] Port I_CH0_AWADDR[32] in module dpu_conv_top_gmem1_7_m_axi is either unconnected or has no load
INFO: [Synth 8-7129] Port I_CH0_AWADDR[31] in module dpu_conv_top_gmem1_7_m_axi is either unconnected or has no load
INFO: [Synth 8-7129] Port I_CH0_AWADDR[30] in module dpu_conv_top_gmem1_7_m_axi is either unconnected or has no load
INFO: [Synth 8-7129] Port I_CH0_AWADDR[29] in module dpu_conv_top_gmem1_7_m_axi is either unconnected or has no load
INFO: [Synth 8-7129] Port I_CH0_AWADDR[28] in module dpu_conv_top_gmem1_7_m_axi is either unconnected or has no load
INFO: [Synth 8-7129] Port I_CH0_AWADDR[27] in module dpu_conv_top_gmem1_7_m_axi is either unconnected or has no load
INFO: [Synth 8-7129] Port I_CH0_AWADDR[26] in module dpu_conv_top_gmem1_7_m_axi is either unconnected or has no load
INFO: [Synth 8-7129] Port I_CH0_AWADDR[25] in module dpu_conv_top_gmem1_7_m_axi is either unconnected or has no load
INFO: [Synth 8-7129] Port I_CH0_AWADDR[24] in module dpu_conv_top_gmem1_7_m_axi is either unconnected or has no load
INFO: [Synth 8-7129] Port I_CH0_AWADDR[23] in module dpu_conv_top_gmem1_7_m_axi is either unconnected or has no load
INFO: [Synth 8-7129] Port I_CH0_AWADDR[22] in module dpu_conv_top_gmem1_7_m_axi is either unconnected or has no load
INFO: [Synth 8-7129] Port I_CH0_AWADDR[21] in module dpu_conv_top_gmem1_7_m_axi is either unconnected or has no load
INFO: [Synth 8-7129] Port I_CH0_AWADDR[20] in module dpu_conv_top_gmem1_7_m_axi is either unconnected or has no load
INFO: [Synth 8-7129] Port I_CH0_AWADDR[19] in module dpu_conv_top_gmem1_7_m_axi is either unconnected or has no load
INFO: [Synth 8-7129] Port I_CH0_AWADDR[18] in module dpu_conv_top_gmem1_7_m_axi is either unconnected or has no load
INFO: [Synth 8-7129] Port I_CH0_AWADDR[17] in module dpu_conv_top_gmem1_7_m_axi is either unconnected or has no load
INFO: [Synth 8-7129] Port I_CH0_AWADDR[16] in module dpu_conv_top_gmem1_7_m_axi is either unconnected or has no load
INFO: [Synth 8-7129] Port I_CH0_AWADDR[15] in module dpu_conv_top_gmem1_7_m_axi is either unconnected or has no load
INFO: [Synth 8-7129] Port I_CH0_AWADDR[14] in module dpu_conv_top_gmem1_7_m_axi is either unconnected or has no load
INFO: [Synth 8-7129] Port I_CH0_AWADDR[13] in module dpu_conv_top_gmem1_7_m_axi is either unconnected or has no load
INFO: [Synth 8-7129] Port I_CH0_AWADDR[12] in module dpu_conv_top_gmem1_7_m_axi is either unconnected or has no load
INFO: [Synth 8-7129] Port I_CH0_AWADDR[11] in module dpu_conv_top_gmem1_7_m_axi is either unconnected or has no load
INFO: [Synth 8-7129] Port I_CH0_AWADDR[10] in module dpu_conv_top_gmem1_7_m_axi is either unconnected or has no load
INFO: [Synth 8-7129] Port I_CH0_AWADDR[9] in module dpu_conv_top_gmem1_7_m_axi is either unconnected or has no load
INFO: [Synth 8-7129] Port I_CH0_AWADDR[8] in module dpu_conv_top_gmem1_7_m_axi is either unconnected or has no load
INFO: [Synth 8-7129] Port I_CH0_AWADDR[7] in module dpu_conv_top_gmem1_7_m_axi is either unconnected or has no load
INFO: [Synth 8-7129] Port I_CH0_AWADDR[6] in module dpu_conv_top_gmem1_7_m_axi is either unconnected or has no load
INFO: [Synth 8-7129] Port I_CH0_AWADDR[5] in module dpu_conv_top_gmem1_7_m_axi is either unconnected or has no load
INFO: [Synth 8-7129] Port I_CH0_AWADDR[4] in module dpu_conv_top_gmem1_7_m_axi is either unconnected or has no load
INFO: [Synth 8-7129] Port I_CH0_AWADDR[3] in module dpu_conv_top_gmem1_7_m_axi is either unconnected or has no load
INFO: [Synth 8-7129] Port I_CH0_AWADDR[2] in module dpu_conv_top_gmem1_7_m_axi is either unconnected or has no load
INFO: [Synth 8-7129] Port I_CH0_AWADDR[1] in module dpu_conv_top_gmem1_7_m_axi is either unconnected or has no load
INFO: [Synth 8-7129] Port I_CH0_AWADDR[0] in module dpu_conv_top_gmem1_7_m_axi is either unconnected or has no load
INFO: [Synth 8-7129] Port I_CH0_AWLEN[31] in module dpu_conv_top_gmem1_7_m_axi is either unconnected or has no load
INFO: [Synth 8-7129] Port I_CH0_AWLEN[30] in module dpu_conv_top_gmem1_7_m_axi is either unconnected or has no load
INFO: [Synth 8-7129] Port I_CH0_AWLEN[29] in module dpu_conv_top_gmem1_7_m_axi is either unconnected or has no load
INFO: [Synth 8-7129] Port I_CH0_AWLEN[28] in module dpu_conv_top_gmem1_7_m_axi is either unconnected or has no load
INFO: [Synth 8-7129] Port I_CH0_AWLEN[27] in module dpu_conv_top_gmem1_7_m_axi is either unconnected or has no load
INFO: [Synth 8-7129] Port I_CH0_AWLEN[26] in module dpu_conv_top_gmem1_7_m_axi is either unconnected or has no load
INFO: [Synth 8-7129] Port I_CH0_AWLEN[25] in module dpu_conv_top_gmem1_7_m_axi is either unconnected or has no load
INFO: [Synth 8-7129] Port I_CH0_AWLEN[24] in module dpu_conv_top_gmem1_7_m_axi is either unconnected or has no load
INFO: [Synth 8-7129] Port I_CH0_AWLEN[23] in module dpu_conv_top_gmem1_7_m_axi is either unconnected or has no load
INFO: [Common 17-14] Message 'Synth 8-7129' appears 100 times and further instances of the messages will be disabled. Use the Tcl command set_msg_config to change the current settings.
---------------------------------------------------------------------------------
Finished RTL Elaboration : Time (s): cpu = 00:01:16 ; elapsed = 00:01:57 . Memory (MB): peak = 1945.277 ; gain = 1127.961
---------------------------------------------------------------------------------
---------------------------------------------------------------------------------
Start Handling Custom Attributes
---------------------------------------------------------------------------------
---------------------------------------------------------------------------------
Finished Handling Custom Attributes : Time (s): cpu = 00:01:22 ; elapsed = 00:02:10 . Memory (MB): peak = 1945.277 ; gain = 1127.961
---------------------------------------------------------------------------------
---------------------------------------------------------------------------------
Finished RTL Optimization Phase 1 : Time (s): cpu = 00:01:22 ; elapsed = 00:02:10 . Memory (MB): peak = 1945.277 ; gain = 1127.961
---------------------------------------------------------------------------------
Netlist sorting complete. Time (s): cpu = 00:00:06 ; elapsed = 00:00:08 . Memory (MB): peak = 1945.277 ; gain = 0.000
INFO: [Project 1-570] Preparing netlist for logic optimization

Processing XDC Constraints
Initializing timing engine
Parsing XDC File [d:/project/DPU_Project_vivado/DPU_vivado/DPU_vivado.gen/sources_1/bd/DPU/ip/DPU_dpu_conv_top_0_0/constraints/dpu_conv_top_ooc.xdc] for cell 'inst'
Finished Parsing XDC File [d:/project/DPU_Project_vivado/DPU_vivado/DPU_vivado.gen/sources_1/bd/DPU/ip/DPU_dpu_conv_top_0_0/constraints/dpu_conv_top_ooc.xdc] for cell 'inst'
Parsing XDC File [D:/project/DPU_Project_vivado/DPU_vivado/DPU_vivado.runs/DPU_dpu_conv_top_0_0_synth_1/dont_touch.xdc]
Finished Parsing XDC File [D:/project/DPU_Project_vivado/DPU_vivado/DPU_vivado.runs/DPU_dpu_conv_top_0_0_synth_1/dont_touch.xdc]
Completed Processing XDC Constraints

Netlist sorting complete. Time (s): cpu = 00:00:00 ; elapsed = 00:00:00.115 . Memory (MB): peak = 2096.629 ; gain = 0.000
INFO: [Project 1-111] Unisim Transformation Summary:
No Unisim elements were transformed.

Constraint Validation Runtime : Time (s): cpu = 00:00:06 ; elapsed = 00:00:09 . Memory (MB): peak = 2102.281 ; gain = 5.652
INFO: [Designutils 20-5008] Incremental synthesis strategy off
---------------------------------------------------------------------------------
Finished Constraint Validation : Time (s): cpu = 00:03:18 ; elapsed = 00:05:08 . Memory (MB): peak = 2102.281 ; gain = 1284.965
---------------------------------------------------------------------------------
---------------------------------------------------------------------------------
Start Loading Part and Timing Information
---------------------------------------------------------------------------------
Loading part: xc7z020clg400-1
---------------------------------------------------------------------------------
Finished Loading Part and Timing Information : Time (s): cpu = 00:03:18 ; elapsed = 00:05:08 . Memory (MB): peak = 2102.281 ; gain = 1284.965
---------------------------------------------------------------------------------
---------------------------------------------------------------------------------
Start Applying 'set_property' XDC Constraints
---------------------------------------------------------------------------------
---------------------------------------------------------------------------------
Finished applying 'set_property' XDC Constraints : Time (s): cpu = 00:03:18 ; elapsed = 00:05:08 . Memory (MB): peak = 2102.281 ; gain = 1284.965
---------------------------------------------------------------------------------
INFO: [Synth 8-4490] FSM extraction disabled for register 'ap_CS_fsm_reg' through user attribute
INFO: [Synth 8-4490] FSM extraction disabled for register 'ap_CS_fsm_reg' through user attribute
INFO: [Synth 8-4490] FSM extraction disabled for register 'ap_CS_fsm_reg' through user attribute
INFO: [Synth 8-4490] FSM extraction disabled for register 'ap_CS_fsm_reg' through user attribute
INFO: [Synth 8-4490] FSM extraction disabled for register 'ap_CS_fsm_reg' through user attribute
INFO: [Synth 8-4490] FSM extraction disabled for register 'ap_CS_fsm_reg' through user attribute
INFO: [Synth 8-4490] FSM extraction disabled for register 'ap_CS_fsm_reg' through user attribute
INFO: [Synth 8-802] inferred FSM for state register 'wstate_reg' in module 'dpu_conv_top_CTRL_s_axi'
INFO: [Synth 8-802] inferred FSM for state register 'rstate_reg' in module 'dpu_conv_top_CTRL_s_axi'
INFO: [Synth 8-802] inferred FSM for state register 'wstate_reg' in module 'dpu_conv_top_control_s_axi'
INFO: [Synth 8-802] inferred FSM for state register 'rstate_reg' in module 'dpu_conv_top_control_s_axi'
INFO: [Synth 8-802] inferred FSM for state register 'state_reg' in module 'dpu_conv_top_gmem0_m_axi_reg_slice'
INFO: [Synth 8-802] inferred FSM for state register 'state_reg' in module 'dpu_conv_top_gmem0_m_axi_reg_slice__parameterized0'
INFO: [Synth 8-802] inferred FSM for state register 'state_reg' in module 'dpu_conv_top_gmem0_m_axi_reg_slice__parameterized1'
INFO: [Synth 8-802] inferred FSM for state register 'state_reg' in module 'dpu_conv_top_gmem0_m_axi_reg_slice__parameterized2'
INFO: [Synth 8-802] inferred FSM for state register 'state_reg' in module 'dpu_conv_top_gmem0_0_m_axi_reg_slice'
INFO: [Synth 8-802] inferred FSM for state register 'state_reg' in module 'dpu_conv_top_gmem0_0_m_axi_reg_slice__parameterized0'
INFO: [Synth 8-802] inferred FSM for state register 'state_reg' in module 'dpu_conv_top_gmem0_0_m_axi_reg_slice__parameterized1'
INFO: [Synth 8-802] inferred FSM for state register 'state_reg' in module 'dpu_conv_top_gmem0_1_m_axi_reg_slice'
INFO: [Synth 8-802] inferred FSM for state register 'state_reg' in module 'dpu_conv_top_gmem0_1_m_axi_reg_slice__parameterized0'
INFO: [Synth 8-802] inferred FSM for state register 'state_reg' in module 'dpu_conv_top_gmem0_1_m_axi_reg_slice__parameterized1'
INFO: [Synth 8-802] inferred FSM for state register 'state_reg' in module 'dpu_conv_top_gmem0_2_m_axi_reg_slice'
INFO: [Synth 8-802] inferred FSM for state register 'state_reg' in module 'dpu_conv_top_gmem0_2_m_axi_reg_slice__parameterized0'
INFO: [Synth 8-802] inferred FSM for state register 'state_reg' in module 'dpu_conv_top_gmem0_2_m_axi_reg_slice__parameterized1'
INFO: [Synth 8-802] inferred FSM for state register 'state_reg' in module 'dpu_conv_top_gmem0_3_m_axi_reg_slice'
INFO: [Synth 8-802] inferred FSM for state register 'state_reg' in module 'dpu_conv_top_gmem0_3_m_axi_reg_slice__parameterized0'
INFO: [Synth 8-802] inferred FSM for state register 'state_reg' in module 'dpu_conv_top_gmem0_3_m_axi_reg_slice__parameterized1'
INFO: [Synth 8-802] inferred FSM for state register 'state_reg' in module 'dpu_conv_top_gmem0_4_m_axi_reg_slice'
INFO: [Synth 8-802] inferred FSM for state register 'state_reg' in module 'dpu_conv_top_gmem0_4_m_axi_reg_slice__parameterized0'
INFO: [Synth 8-802] inferred FSM for state register 'state_reg' in module 'dpu_conv_top_gmem0_4_m_axi_reg_slice__parameterized1'
INFO: [Synth 8-802] inferred FSM for state register 'state_reg' in module 'dpu_conv_top_gmem0_5_m_axi_reg_slice'
INFO: [Synth 8-802] inferred FSM for state register 'state_reg' in module 'dpu_conv_top_gmem0_5_m_axi_reg_slice__parameterized0'
INFO: [Synth 8-802] inferred FSM for state register 'state_reg' in module 'dpu_conv_top_gmem0_5_m_axi_reg_slice__parameterized1'
INFO: [Synth 8-802] inferred FSM for state register 'state_reg' in module 'dpu_conv_top_gmem0_6_m_axi_reg_slice'
INFO: [Synth 8-802] inferred FSM for state register 'state_reg' in module 'dpu_conv_top_gmem0_6_m_axi_reg_slice__parameterized0'
INFO: [Synth 8-802] inferred FSM for state register 'state_reg' in module 'dpu_conv_top_gmem0_6_m_axi_reg_slice__parameterized1'
INFO: [Synth 8-802] inferred FSM for state register 'state_reg' in module 'dpu_conv_top_gmem0_7_m_axi_reg_slice'
INFO: [Synth 8-802] inferred FSM for state register 'state_reg' in module 'dpu_conv_top_gmem0_7_m_axi_reg_slice__parameterized0'
INFO: [Synth 8-802] inferred FSM for state register 'state_reg' in module 'dpu_conv_top_gmem0_7_m_axi_reg_slice__parameterized1'
INFO: [Synth 8-802] inferred FSM for state register 'state_reg' in module 'dpu_conv_top_gmem1_m_axi_reg_slice'
INFO: [Synth 8-802] inferred FSM for state register 'state_reg' in module 'dpu_conv_top_gmem1_m_axi_reg_slice__parameterized0'
INFO: [Synth 8-802] inferred FSM for state register 'state_reg' in module 'dpu_conv_top_gmem1_0_m_axi_reg_slice'
INFO: [Synth 8-802] inferred FSM for state register 'state_reg' in module 'dpu_conv_top_gmem1_0_m_axi_reg_slice__parameterized0'
INFO: [Synth 8-802] inferred FSM for state register 'state_reg' in module 'dpu_conv_top_gmem1_0_m_axi_reg_slice__parameterized1'
INFO: [Synth 8-802] inferred FSM for state register 'state_reg' in module 'dpu_conv_top_gmem1_1_m_axi_reg_slice'
INFO: [Synth 8-802] inferred FSM for state register 'state_reg' in module 'dpu_conv_top_gmem1_1_m_axi_reg_slice__parameterized0'
INFO: [Synth 8-802] inferred FSM for state register 'state_reg' in module 'dpu_conv_top_gmem1_1_m_axi_reg_slice__parameterized1'
INFO: [Synth 8-802] inferred FSM for state register 'state_reg' in module 'dpu_conv_top_gmem1_2_m_axi_reg_slice'
INFO: [Synth 8-802] inferred FSM for state register 'state_reg' in module 'dpu_conv_top_gmem1_2_m_axi_reg_slice__parameterized0'
INFO: [Synth 8-802] inferred FSM for state register 'state_reg' in module 'dpu_conv_top_gmem1_2_m_axi_reg_slice__parameterized1'
INFO: [Synth 8-802] inferred FSM for state register 'state_reg' in module 'dpu_conv_top_gmem1_3_m_axi_reg_slice'
INFO: [Synth 8-802] inferred FSM for state register 'state_reg' in module 'dpu_conv_top_gmem1_3_m_axi_reg_slice__parameterized0'
INFO: [Synth 8-802] inferred FSM for state register 'state_reg' in module 'dpu_conv_top_gmem1_3_m_axi_reg_slice__parameterized1'
INFO: [Synth 8-802] inferred FSM for state register 'state_reg' in module 'dpu_conv_top_gmem1_4_m_axi_reg_slice'
INFO: [Synth 8-802] inferred FSM for state register 'state_reg' in module 'dpu_conv_top_gmem1_4_m_axi_reg_slice__parameterized0'
INFO: [Synth 8-802] inferred FSM for state register 'state_reg' in module 'dpu_conv_top_gmem1_4_m_axi_reg_slice__parameterized1'
INFO: [Synth 8-802] inferred FSM for state register 'state_reg' in module 'dpu_conv_top_gmem1_5_m_axi_reg_slice'
INFO: [Synth 8-802] inferred FSM for state register 'state_reg' in module 'dpu_conv_top_gmem1_5_m_axi_reg_slice__parameterized0'
INFO: [Synth 8-802] inferred FSM for state register 'state_reg' in module 'dpu_conv_top_gmem1_5_m_axi_reg_slice__parameterized1'
INFO: [Synth 8-802] inferred FSM for state register 'state_reg' in module 'dpu_conv_top_gmem1_6_m_axi_reg_slice'
INFO: [Synth 8-802] inferred FSM for state register 'state_reg' in module 'dpu_conv_top_gmem1_6_m_axi_reg_slice__parameterized0'
INFO: [Synth 8-802] inferred FSM for state register 'state_reg' in module 'dpu_conv_top_gmem1_6_m_axi_reg_slice__parameterized1'
INFO: [Synth 8-802] inferred FSM for state register 'state_reg' in module 'dpu_conv_top_gmem1_7_m_axi_reg_slice'
INFO: [Synth 8-802] inferred FSM for state register 'state_reg' in module 'dpu_conv_top_gmem1_7_m_axi_reg_slice__parameterized0'
INFO: [Synth 8-802] inferred FSM for state register 'state_reg' in module 'dpu_conv_top_gmem1_7_m_axi_reg_slice__parameterized1'
INFO: [Synth 8-802] inferred FSM for state register 'state_reg' in module 'dpu_conv_top_gmem2_m_axi_reg_slice'
INFO: [Synth 8-802] inferred FSM for state register 'state_reg' in module 'dpu_conv_top_gmem2_m_axi_reg_slice__parameterized0'
INFO: [Synth 8-802] inferred FSM for state register 'state_reg' in module 'dpu_conv_top_gmem2_m_axi_reg_slice__parameterized1'
INFO: [Synth 8-802] inferred FSM for state register 'state_reg' in module 'dpu_conv_top_gmem2_m_axi_reg_slice__parameterized2'
INFO: [Synth 8-802] inferred FSM for state register 'state_reg' in module 'dpu_conv_top_gmem2_m_axi_reg_slice__parameterized3'
INFO: [Synth 8-802] inferred FSM for state register 'state_reg' in module 'dpu_conv_top_gmem2_m_axi_reg_slice__parameterized4'
INFO: [Synth 8-4490] FSM extraction disabled for register 'ap_CS_fsm_reg' through user attribute
INFO: [Synth 8-4490] FSM extraction disabled for register 'ap_CS_fsm_reg' through user attribute
---------------------------------------------------------------------------------------------------
                   State |                     New Encoding |                Previous Encoding 
---------------------------------------------------------------------------------------------------
                  iSTATE |                             0001 |                               11
*
                  WRIDLE |                             0010 |                               00
                  WRDATA |                             0100 |                               01
                  WRRESP |                             1000 |                               10
---------------------------------------------------------------------------------------------------
INFO: [Synth 8-3354] encoded FSM with state register 'wstate_reg' using encoding 'one-hot' in module 'dpu_conv_top_CTRL_s_axi'
---------------------------------------------------------------------------------------------------
                   State |                     New Encoding |                Previous Encoding 
---------------------------------------------------------------------------------------------------
                  iSTATE |                              001 |                               10
*
                  RDIDLE |                              010 |                               00
                  RDDATA |                              100 |                               01
---------------------------------------------------------------------------------------------------
INFO: [Synth 8-3354] encoded FSM with state register 'rstate_reg' using encoding 'one-hot' in module 'dpu_conv_top_CTRL_s_axi'
---------------------------------------------------------------------------------------------------
                   State |                     New Encoding |                Previous Encoding 
---------------------------------------------------------------------------------------------------
                  iSTATE |                             0001 |                               11
*
                  WRIDLE |                             0010 |                               00
                  WRDATA |                             0100 |                               01
                  WRRESP |                             1000 |                               10
---------------------------------------------------------------------------------------------------
INFO: [Synth 8-3354] encoded FSM with state register 'wstate_reg' using encoding 'one-hot' in module 'dpu_conv_top_control_s_axi'
---------------------------------------------------------------------------------------------------
                   State |                     New Encoding |                Previous Encoding 
---------------------------------------------------------------------------------------------------
                  iSTATE |                              001 |                               10
*
                  RDIDLE |                              010 |                               00
                  RDDATA |                              100 |                               01
---------------------------------------------------------------------------------------------------
INFO: [Synth 8-3354] encoded FSM with state register 'rstate_reg' using encoding 'one-hot' in module 'dpu_conv_top_control_s_axi'
---------------------------------------------------------------------------------------------------
                   State |                     New Encoding |                Previous Encoding 
---------------------------------------------------------------------------------------------------
                    ZERO |                               00 |                               10
                     ONE |                               10 |                               11
                     TWO |                               01 |                               01
---------------------------------------------------------------------------------------------------
INFO: [Synth 8-3354] encoded FSM with state register 'state_reg' using encoding 'sequential' in module 'dpu_conv_top_gmem0_m_axi_reg_slice'
---------------------------------------------------------------------------------------------------
                   State |                     New Encoding |                Previous Encoding 
---------------------------------------------------------------------------------------------------
                    ZERO |                               00 |                               10
                     ONE |                               10 |                               11
                     TWO |                               01 |                               01
---------------------------------------------------------------------------------------------------
INFO: [Synth 8-3354] encoded FSM with state register 'state_reg' using encoding 'sequential' in module 'dpu_conv_top_gmem0_m_axi_reg_slice__parameterized0'
---------------------------------------------------------------------------------------------------
                   State |                     New Encoding |                Previous Encoding 
---------------------------------------------------------------------------------------------------
                    ZERO |                               00 |                               10
                     ONE |                               10 |                               11
                     TWO |                               01 |                               01
---------------------------------------------------------------------------------------------------
INFO: [Synth 8-3354] encoded FSM with state register 'state_reg' using encoding 'sequential' in module 'dpu_conv_top_gmem0_m_axi_reg_slice__parameterized1'
---------------------------------------------------------------------------------------------------
                   State |                     New Encoding |                Previous Encoding 
---------------------------------------------------------------------------------------------------
                    ZERO |                               00 |                               10
                     ONE |                               10 |                               11
                     TWO |                               01 |                               01
---------------------------------------------------------------------------------------------------
INFO: [Synth 8-3354] encoded FSM with state register 'state_reg' using encoding 'sequential' in module 'dpu_conv_top_gmem0_m_axi_reg_slice__parameterized2'
---------------------------------------------------------------------------------------------------
                   State |                     New Encoding |                Previous Encoding 
---------------------------------------------------------------------------------------------------
                    ZERO |                               00 |                               10
                     ONE |                               10 |                               11
                     TWO |                               01 |                               01
---------------------------------------------------------------------------------------------------
INFO: [Synth 8-3354] encoded FSM with state register 'state_reg' using encoding 'sequential' in module 'dpu_conv_top_gmem0_0_m_axi_reg_slice'
---------------------------------------------------------------------------------------------------
                   State |                     New Encoding |                Previous Encoding 
---------------------------------------------------------------------------------------------------
                    ZERO |                               00 |                               10
                     ONE |                               10 |                               11
                     TWO |                               01 |                               01
---------------------------------------------------------------------------------------------------
INFO: [Synth 8-3354] encoded FSM with state register 'state_reg' using encoding 'sequential' in module 'dpu_conv_top_gmem0_0_m_axi_reg_slice__parameterized0'
---------------------------------------------------------------------------------------------------
                   State |                     New Encoding |                Previous Encoding 
---------------------------------------------------------------------------------------------------
                    ZERO |                               00 |                               10
                     ONE |                               10 |                               11
                     TWO |                               01 |                               01
---------------------------------------------------------------------------------------------------
INFO: [Synth 8-3354] encoded FSM with state register 'state_reg' using encoding 'sequential' in module 'dpu_conv_top_gmem0_0_m_axi_reg_slice__parameterized1'
---------------------------------------------------------------------------------------------------
                   State |                     New Encoding |                Previous Encoding 
---------------------------------------------------------------------------------------------------
                    ZERO |                               00 |                               10
                     ONE |                               10 |                               11
                     TWO |                               01 |                               01
---------------------------------------------------------------------------------------------------
INFO: [Synth 8-3354] encoded FSM with state register 'state_reg' using encoding 'sequential' in module 'dpu_conv_top_gmem0_1_m_axi_reg_slice'
---------------------------------------------------------------------------------------------------
                   State |                     New Encoding |                Previous Encoding 
---------------------------------------------------------------------------------------------------
                    ZERO |                               00 |                               10
                     ONE |                               10 |                               11
                     TWO |                               01 |                               01
---------------------------------------------------------------------------------------------------
INFO: [Synth 8-3354] encoded FSM with state register 'state_reg' using encoding 'sequential' in module 'dpu_conv_top_gmem0_1_m_axi_reg_slice__parameterized0'
---------------------------------------------------------------------------------------------------
                   State |                     New Encoding |                Previous Encoding 
---------------------------------------------------------------------------------------------------
                    ZERO |                               00 |                               10
                     ONE |                               10 |                               11
                     TWO |                               01 |                               01
---------------------------------------------------------------------------------------------------
INFO: [Synth 8-3354] encoded FSM with state register 'state_reg' using encoding 'sequential' in module 'dpu_conv_top_gmem0_1_m_axi_reg_slice__parameterized1'
---------------------------------------------------------------------------------------------------
                   State |                     New Encoding |                Previous Encoding 
---------------------------------------------------------------------------------------------------
                    ZERO |                               00 |                               10
                     ONE |                               10 |                               11
                     TWO |                               01 |                               01
---------------------------------------------------------------------------------------------------
INFO: [Synth 8-3354] encoded FSM with state register 'state_reg' using encoding 'sequential' in module 'dpu_conv_top_gmem0_2_m_axi_reg_slice'
---------------------------------------------------------------------------------------------------
                   State |                     New Encoding |                Previous Encoding 
---------------------------------------------------------------------------------------------------
                    ZERO |                               00 |                               10
                     ONE |                               10 |                               11
                     TWO |                               01 |                               01
---------------------------------------------------------------------------------------------------
INFO: [Synth 8-3354] encoded FSM with state register 'state_reg' using encoding 'sequential' in module 'dpu_conv_top_gmem0_2_m_axi_reg_slice__parameterized0'
---------------------------------------------------------------------------------------------------
                   State |                     New Encoding |                Previous Encoding 
---------------------------------------------------------------------------------------------------
                    ZERO |                               00 |                               10
                     ONE |                               10 |                               11
                     TWO |                               01 |                               01
---------------------------------------------------------------------------------------------------
INFO: [Synth 8-3354] encoded FSM with state register 'state_reg' using encoding 'sequential' in module 'dpu_conv_top_gmem0_2_m_axi_reg_slice__parameterized1'
---------------------------------------------------------------------------------------------------
                   State |                     New Encoding |                Previous Encoding 
---------------------------------------------------------------------------------------------------
                    ZERO |                               00 |                               10
                     ONE |                               10 |                               11
                     TWO |                               01 |                               01
---------------------------------------------------------------------------------------------------
INFO: [Synth 8-3354] encoded FSM with state register 'state_reg' using encoding 'sequential' in module 'dpu_conv_top_gmem0_3_m_axi_reg_slice'
---------------------------------------------------------------------------------------------------
                   State |                     New Encoding |                Previous Encoding 
---------------------------------------------------------------------------------------------------
                    ZERO |                               00 |                               10
                     ONE |                               10 |                               11
                     TWO |                               01 |                               01
---------------------------------------------------------------------------------------------------
INFO: [Synth 8-3354] encoded FSM with state register 'state_reg' using encoding 'sequential' in module 'dpu_conv_top_gmem0_3_m_axi_reg_slice__parameterized0'
---------------------------------------------------------------------------------------------------
                   State |                     New Encoding |                Previous Encoding 
---------------------------------------------------------------------------------------------------
                    ZERO |                               00 |                               10
                     ONE |                               10 |                               11
                     TWO |                               01 |                               01
---------------------------------------------------------------------------------------------------
INFO: [Synth 8-3354] encoded FSM with state register 'state_reg' using encoding 'sequential' in module 'dpu_conv_top_gmem0_3_m_axi_reg_slice__parameterized1'
---------------------------------------------------------------------------------------------------
                   State |                     New Encoding |                Previous Encoding 
---------------------------------------------------------------------------------------------------
                    ZERO |                               00 |                               10
                     ONE |                               10 |                               11
                     TWO |                               01 |                               01
---------------------------------------------------------------------------------------------------
INFO: [Synth 8-3354] encoded FSM with state register 'state_reg' using encoding 'sequential' in module 'dpu_conv_top_gmem0_4_m_axi_reg_slice'
---------------------------------------------------------------------------------------------------
                   State |                     New Encoding |                Previous Encoding 
---------------------------------------------------------------------------------------------------
                    ZERO |                               00 |                               10
                     ONE |                               10 |                               11
                     TWO |                               01 |                               01
---------------------------------------------------------------------------------------------------
INFO: [Synth 8-3354] encoded FSM with state register 'state_reg' using encoding 'sequential' in module 'dpu_conv_top_gmem0_4_m_axi_reg_slice__parameterized0'
---------------------------------------------------------------------------------------------------
                   State |                     New Encoding |                Previous Encoding 
---------------------------------------------------------------------------------------------------
                    ZERO |                               00 |                               10
                     ONE |                               10 |                               11
                     TWO |                               01 |                               01
---------------------------------------------------------------------------------------------------
INFO: [Synth 8-3354] encoded FSM with state register 'state_reg' using encoding 'sequential' in module 'dpu_conv_top_gmem0_4_m_axi_reg_slice__parameterized1'
---------------------------------------------------------------------------------------------------
                   State |                     New Encoding |                Previous Encoding 
---------------------------------------------------------------------------------------------------
                    ZERO |                               00 |                               10
                     ONE |                               10 |                               11
                     TWO |                               01 |                               01
---------------------------------------------------------------------------------------------------
INFO: [Synth 8-3354] encoded FSM with state register 'state_reg' using encoding 'sequential' in module 'dpu_conv_top_gmem0_5_m_axi_reg_slice'
---------------------------------------------------------------------------------------------------
                   State |                     New Encoding |                Previous Encoding 
---------------------------------------------------------------------------------------------------
                    ZERO |                               00 |                               10
                     ONE |                               10 |                               11
                     TWO |                               01 |                               01
---------------------------------------------------------------------------------------------------
INFO: [Synth 8-3354] encoded FSM with state register 'state_reg' using encoding 'sequential' in module 'dpu_conv_top_gmem0_5_m_axi_reg_slice__parameterized0'
---------------------------------------------------------------------------------------------------
                   State |                     New Encoding |                Previous Encoding 
---------------------------------------------------------------------------------------------------
                    ZERO |                               00 |                               10
                     ONE |                               10 |                               11
                     TWO |                               01 |                               01
---------------------------------------------------------------------------------------------------
INFO: [Synth 8-3354] encoded FSM with state register 'state_reg' using encoding 'sequential' in module 'dpu_conv_top_gmem0_5_m_axi_reg_slice__parameterized1'
---------------------------------------------------------------------------------------------------
                   State |                     New Encoding |                Previous Encoding 
---------------------------------------------------------------------------------------------------
                    ZERO |                               00 |                               10
                     ONE |                               10 |                               11
                     TWO |                               01 |                               01
---------------------------------------------------------------------------------------------------
INFO: [Synth 8-3354] encoded FSM with state register 'state_reg' using encoding 'sequential' in module 'dpu_conv_top_gmem0_6_m_axi_reg_slice'
---------------------------------------------------------------------------------------------------
                   State |                     New Encoding |                Previous Encoding 
---------------------------------------------------------------------------------------------------
                    ZERO |                               00 |                               10
                     ONE |                               10 |                               11
                     TWO |                               01 |                               01
---------------------------------------------------------------------------------------------------
INFO: [Synth 8-3354] encoded FSM with state register 'state_reg' using encoding 'sequential' in module 'dpu_conv_top_gmem0_6_m_axi_reg_slice__parameterized0'
---------------------------------------------------------------------------------------------------
                   State |                     New Encoding |                Previous Encoding 
---------------------------------------------------------------------------------------------------
                    ZERO |                               00 |                               10
                     ONE |                               10 |                               11
                     TWO |                               01 |                               01
---------------------------------------------------------------------------------------------------
INFO: [Synth 8-3354] encoded FSM with state register 'state_reg' using encoding 'sequential' in module 'dpu_conv_top_gmem0_6_m_axi_reg_slice__parameterized1'
---------------------------------------------------------------------------------------------------
                   State |                     New Encoding |                Previous Encoding 
---------------------------------------------------------------------------------------------------
                    ZERO |                               00 |                               10
                     ONE |                               10 |                               11
                     TWO |                               01 |                               01
---------------------------------------------------------------------------------------------------
INFO: [Synth 8-3354] encoded FSM with state register 'state_reg' using encoding 'sequential' in module 'dpu_conv_top_gmem0_7_m_axi_reg_slice'
---------------------------------------------------------------------------------------------------
                   State |                     New Encoding |                Previous Encoding 
---------------------------------------------------------------------------------------------------
                    ZERO |                               00 |                               10
                     ONE |                               10 |                               11
                     TWO |                               01 |                               01
---------------------------------------------------------------------------------------------------
INFO: [Synth 8-3354] encoded FSM with state register 'state_reg' using encoding 'sequential' in module 'dpu_conv_top_gmem0_7_m_axi_reg_slice__parameterized0'
---------------------------------------------------------------------------------------------------
                   State |                     New Encoding |                Previous Encoding 
---------------------------------------------------------------------------------------------------
                    ZERO |                               00 |                               10
                     ONE |                               10 |                               11
                     TWO |                               01 |                               01
---------------------------------------------------------------------------------------------------
INFO: [Synth 8-3354] encoded FSM with state register 'state_reg' using encoding 'sequential' in module 'dpu_conv_top_gmem0_7_m_axi_reg_slice__parameterized1'
---------------------------------------------------------------------------------------------------
                   State |                     New Encoding |                Previous Encoding 
---------------------------------------------------------------------------------------------------
                    ZERO |                               00 |                               10
                     ONE |                               10 |                               11
                     TWO |                               01 |                               01
---------------------------------------------------------------------------------------------------
INFO: [Synth 8-3354] encoded FSM with state register 'state_reg' using encoding 'sequential' in module 'dpu_conv_top_gmem1_m_axi_reg_slice'
---------------------------------------------------------------------------------------------------
                   State |                     New Encoding |                Previous Encoding 
---------------------------------------------------------------------------------------------------
                    ZERO |                               00 |                               10
                     ONE |                               10 |                               11
                     TWO |                               01 |                               01
---------------------------------------------------------------------------------------------------
INFO: [Synth 8-3354] encoded FSM with state register 'state_reg' using encoding 'sequential' in module 'dpu_conv_top_gmem1_m_axi_reg_slice__parameterized0'
---------------------------------------------------------------------------------------------------
                   State |                     New Encoding |                Previous Encoding 
---------------------------------------------------------------------------------------------------
                    ZERO |                               00 |                               10
                     ONE |                               10 |                               11
                     TWO |                               01 |                               01
---------------------------------------------------------------------------------------------------
INFO: [Synth 8-3354] encoded FSM with state register 'state_reg' using encoding 'sequential' in module 'dpu_conv_top_gmem1_0_m_axi_reg_slice'
---------------------------------------------------------------------------------------------------
                   State |                     New Encoding |                Previous Encoding 
---------------------------------------------------------------------------------------------------
                    ZERO |                               00 |                               10
                     ONE |                               10 |                               11
                     TWO |                               01 |                               01
---------------------------------------------------------------------------------------------------
INFO: [Synth 8-3354] encoded FSM with state register 'state_reg' using encoding 'sequential' in module 'dpu_conv_top_gmem1_0_m_axi_reg_slice__parameterized0'
---------------------------------------------------------------------------------------------------
                   State |                     New Encoding |                Previous Encoding 
---------------------------------------------------------------------------------------------------
                    ZERO |                               00 |                               10
                     ONE |                               10 |                               11
                     TWO |                               01 |                               01
---------------------------------------------------------------------------------------------------
INFO: [Synth 8-3354] encoded FSM with state register 'state_reg' using encoding 'sequential' in module 'dpu_conv_top_gmem1_0_m_axi_reg_slice__parameterized1'
---------------------------------------------------------------------------------------------------
                   State |                     New Encoding |                Previous Encoding 
---------------------------------------------------------------------------------------------------
                    ZERO |                               00 |                               10
                     ONE |                               10 |                               11
                     TWO |                               01 |                               01
---------------------------------------------------------------------------------------------------
INFO: [Synth 8-3354] encoded FSM with state register 'state_reg' using encoding 'sequential' in module 'dpu_conv_top_gmem1_1_m_axi_reg_slice'
---------------------------------------------------------------------------------------------------
                   State |                     New Encoding |                Previous Encoding 
---------------------------------------------------------------------------------------------------
                    ZERO |                               00 |                               10
                     ONE |                               10 |                               11
                     TWO |                               01 |                               01
---------------------------------------------------------------------------------------------------
INFO: [Synth 8-3354] encoded FSM with state register 'state_reg' using encoding 'sequential' in module 'dpu_conv_top_gmem1_1_m_axi_reg_slice__parameterized0'
---------------------------------------------------------------------------------------------------
                   State |                     New Encoding |                Previous Encoding 
---------------------------------------------------------------------------------------------------
                    ZERO |                               00 |                               10
                     ONE |                               10 |                               11
                     TWO |                               01 |                               01
---------------------------------------------------------------------------------------------------
INFO: [Synth 8-3354] encoded FSM with state register 'state_reg' using encoding 'sequential' in module 'dpu_conv_top_gmem1_1_m_axi_reg_slice__parameterized1'
---------------------------------------------------------------------------------------------------
                   State |                     New Encoding |                Previous Encoding 
---------------------------------------------------------------------------------------------------
                    ZERO |                               00 |                               10
                     ONE |                               10 |                               11
                     TWO |                               01 |                               01
---------------------------------------------------------------------------------------------------
INFO: [Synth 8-3354] encoded FSM with state register 'state_reg' using encoding 'sequential' in module 'dpu_conv_top_gmem1_2_m_axi_reg_slice'
---------------------------------------------------------------------------------------------------
                   State |                     New Encoding |                Previous Encoding 
---------------------------------------------------------------------------------------------------
                    ZERO |                               00 |                               10
                     ONE |                               10 |                               11
                     TWO |                               01 |                               01
---------------------------------------------------------------------------------------------------
INFO: [Synth 8-3354] encoded FSM with state register 'state_reg' using encoding 'sequential' in module 'dpu_conv_top_gmem1_2_m_axi_reg_slice__parameterized0'
---------------------------------------------------------------------------------------------------
                   State |                     New Encoding |                Previous Encoding 
---------------------------------------------------------------------------------------------------
                    ZERO |                               00 |                               10
                     ONE |                               10 |                               11
                     TWO |                               01 |                               01
---------------------------------------------------------------------------------------------------
INFO: [Synth 8-3354] encoded FSM with state register 'state_reg' using encoding 'sequential' in module 'dpu_conv_top_gmem1_2_m_axi_reg_slice__parameterized1'
---------------------------------------------------------------------------------------------------
                   State |                     New Encoding |                Previous Encoding 
---------------------------------------------------------------------------------------------------
                    ZERO |                               00 |                               10
                     ONE |                               10 |                               11
                     TWO |                               01 |                               01
---------------------------------------------------------------------------------------------------
INFO: [Synth 8-3354] encoded FSM with state register 'state_reg' using encoding 'sequential' in module 'dpu_conv_top_gmem1_3_m_axi_reg_slice'
---------------------------------------------------------------------------------------------------
                   State |                     New Encoding |                Previous Encoding 
---------------------------------------------------------------------------------------------------
                    ZERO |                               00 |                               10
                     ONE |                               10 |                               11
                     TWO |                               01 |                               01
---------------------------------------------------------------------------------------------------
INFO: [Synth 8-3354] encoded FSM with state register 'state_reg' using encoding 'sequential' in module 'dpu_conv_top_gmem1_3_m_axi_reg_slice__parameterized0'
---------------------------------------------------------------------------------------------------
                   State |                     New Encoding |                Previous Encoding 
---------------------------------------------------------------------------------------------------
                    ZERO |                               00 |                               10
                     ONE |                               10 |                               11
                     TWO |                               01 |                               01
---------------------------------------------------------------------------------------------------
INFO: [Synth 8-3354] encoded FSM with state register 'state_reg' using encoding 'sequential' in module 'dpu_conv_top_gmem1_3_m_axi_reg_slice__parameterized1'
---------------------------------------------------------------------------------------------------
                   State |                     New Encoding |                Previous Encoding 
---------------------------------------------------------------------------------------------------
                    ZERO |                               00 |                               10
                     ONE |                               10 |                               11
                     TWO |                               01 |                               01
---------------------------------------------------------------------------------------------------
INFO: [Synth 8-3354] encoded FSM with state register 'state_reg' using encoding 'sequential' in module 'dpu_conv_top_gmem1_4_m_axi_reg_slice'
---------------------------------------------------------------------------------------------------
                   State |                     New Encoding |                Previous Encoding 
---------------------------------------------------------------------------------------------------
                    ZERO |                               00 |                               10
                     ONE |                               10 |                               11
                     TWO |                               01 |                               01
---------------------------------------------------------------------------------------------------
INFO: [Synth 8-3354] encoded FSM with state register 'state_reg' using encoding 'sequential' in module 'dpu_conv_top_gmem1_4_m_axi_reg_slice__parameterized0'
---------------------------------------------------------------------------------------------------
                   State |                     New Encoding |                Previous Encoding 
---------------------------------------------------------------------------------------------------
                    ZERO |                               00 |                               10
                     ONE |                               10 |                               11
                     TWO |                               01 |                               01
---------------------------------------------------------------------------------------------------
INFO: [Synth 8-3354] encoded FSM with state register 'state_reg' using encoding 'sequential' in module 'dpu_conv_top_gmem1_4_m_axi_reg_slice__parameterized1'
---------------------------------------------------------------------------------------------------
                   State |                     New Encoding |                Previous Encoding 
---------------------------------------------------------------------------------------------------
                    ZERO |                               00 |                               10
                     ONE |                               10 |                               11
                     TWO |                               01 |                               01
---------------------------------------------------------------------------------------------------
INFO: [Synth 8-3354] encoded FSM with state register 'state_reg' using encoding 'sequential' in module 'dpu_conv_top_gmem1_5_m_axi_reg_slice'
---------------------------------------------------------------------------------------------------
                   State |                     New Encoding |                Previous Encoding 
---------------------------------------------------------------------------------------------------
                    ZERO |                               00 |                               10
                     ONE |                               10 |                               11
                     TWO |                               01 |                               01
---------------------------------------------------------------------------------------------------
INFO: [Synth 8-3354] encoded FSM with state register 'state_reg' using encoding 'sequential' in module 'dpu_conv_top_gmem1_5_m_axi_reg_slice__parameterized0'
---------------------------------------------------------------------------------------------------
                   State |                     New Encoding |                Previous Encoding 
---------------------------------------------------------------------------------------------------
                    ZERO |                               00 |                               10
                     ONE |                               10 |                               11
                     TWO |                               01 |                               01
---------------------------------------------------------------------------------------------------
INFO: [Synth 8-3354] encoded FSM with state register 'state_reg' using encoding 'sequential' in module 'dpu_conv_top_gmem1_5_m_axi_reg_slice__parameterized1'
---------------------------------------------------------------------------------------------------
                   State |                     New Encoding |                Previous Encoding 
---------------------------------------------------------------------------------------------------
                    ZERO |                               00 |                               10
                     ONE |                               10 |                               11
                     TWO |                               01 |                               01
---------------------------------------------------------------------------------------------------
INFO: [Synth 8-3354] encoded FSM with state register 'state_reg' using encoding 'sequential' in module 'dpu_conv_top_gmem1_6_m_axi_reg_slice'
---------------------------------------------------------------------------------------------------
                   State |                     New Encoding |                Previous Encoding 
---------------------------------------------------------------------------------------------------
                    ZERO |                               00 |                               10
                     ONE |                               10 |                               11
                     TWO |                               01 |                               01
---------------------------------------------------------------------------------------------------
INFO: [Synth 8-3354] encoded FSM with state register 'state_reg' using encoding 'sequential' in module 'dpu_conv_top_gmem1_6_m_axi_reg_slice__parameterized0'
---------------------------------------------------------------------------------------------------
                   State |                     New Encoding |                Previous Encoding 
---------------------------------------------------------------------------------------------------
                    ZERO |                               00 |                               10
                     ONE |                               10 |                               11
                     TWO |                               01 |                               01
---------------------------------------------------------------------------------------------------
INFO: [Synth 8-3354] encoded FSM with state register 'state_reg' using encoding 'sequential' in module 'dpu_conv_top_gmem1_6_m_axi_reg_slice__parameterized1'
---------------------------------------------------------------------------------------------------
                   State |                     New Encoding |                Previous Encoding 
---------------------------------------------------------------------------------------------------
                    ZERO |                               00 |                               10
                     ONE |                               10 |                               11
                     TWO |                               01 |                               01
---------------------------------------------------------------------------------------------------
INFO: [Synth 8-3354] encoded FSM with state register 'state_reg' using encoding 'sequential' in module 'dpu_conv_top_gmem1_7_m_axi_reg_slice'
---------------------------------------------------------------------------------------------------
                   State |                     New Encoding |                Previous Encoding 
---------------------------------------------------------------------------------------------------
                    ZERO |                               00 |                               10
                     ONE |                               10 |                               11
                     TWO |                               01 |                               01
---------------------------------------------------------------------------------------------------
INFO: [Synth 8-3354] encoded FSM with state register 'state_reg' using encoding 'sequential' in module 'dpu_conv_top_gmem1_7_m_axi_reg_slice__parameterized0'
---------------------------------------------------------------------------------------------------
                   State |                     New Encoding |                Previous Encoding 
---------------------------------------------------------------------------------------------------
                    ZERO |                               00 |                               10
                     ONE |                               10 |                               11
                     TWO |                               01 |                               01
---------------------------------------------------------------------------------------------------
INFO: [Synth 8-3354] encoded FSM with state register 'state_reg' using encoding 'sequential' in module 'dpu_conv_top_gmem1_7_m_axi_reg_slice__parameterized1'
---------------------------------------------------------------------------------------------------
                   State |                     New Encoding |                Previous Encoding 
---------------------------------------------------------------------------------------------------
                    ZERO |                               00 |                               10
                     ONE |                               10 |                               11
                     TWO |                               01 |                               01
---------------------------------------------------------------------------------------------------
INFO: [Synth 8-3354] encoded FSM with state register 'state_reg' using encoding 'sequential' in module 'dpu_conv_top_gmem2_m_axi_reg_slice'
---------------------------------------------------------------------------------------------------
                   State |                     New Encoding |                Previous Encoding 
---------------------------------------------------------------------------------------------------
                    ZERO |                               00 |                               10
                     ONE |                               10 |                               11
                     TWO |                               01 |                               01
---------------------------------------------------------------------------------------------------
INFO: [Synth 8-3354] encoded FSM with state register 'state_reg' using encoding 'sequential' in module 'dpu_conv_top_gmem2_m_axi_reg_slice__parameterized0'
---------------------------------------------------------------------------------------------------
                   State |                     New Encoding |                Previous Encoding 
---------------------------------------------------------------------------------------------------
                    ZERO |                               00 |                               10
                     ONE |                               10 |                               11
                     TWO |                               01 |                               01
---------------------------------------------------------------------------------------------------
INFO: [Synth 8-3354] encoded FSM with state register 'state_reg' using encoding 'sequential' in module 'dpu_conv_top_gmem2_m_axi_reg_slice__parameterized1'
---------------------------------------------------------------------------------------------------
                   State |                     New Encoding |                Previous Encoding 
---------------------------------------------------------------------------------------------------
                    ZERO |                               00 |                               10
                     ONE |                               10 |                               11
                     TWO |                               01 |                               01
---------------------------------------------------------------------------------------------------
INFO: [Synth 8-3354] encoded FSM with state register 'state_reg' using encoding 'sequential' in module 'dpu_conv_top_gmem2_m_axi_reg_slice__parameterized2'
---------------------------------------------------------------------------------------------------
                   State |                     New Encoding |                Previous Encoding 
---------------------------------------------------------------------------------------------------
                    ZERO |                               00 |                               10
                     ONE |                               10 |                               11
                     TWO |                               01 |                               01
---------------------------------------------------------------------------------------------------
INFO: [Synth 8-3354] encoded FSM with state register 'state_reg' using encoding 'sequential' in module 'dpu_conv_top_gmem2_m_axi_reg_slice__parameterized3'
---------------------------------------------------------------------------------------------------
                   State |                     New Encoding |                Previous Encoding 
---------------------------------------------------------------------------------------------------
                    ZERO |                               00 |                               10
                     ONE |                               10 |                               11
                     TWO |                               01 |                               01
---------------------------------------------------------------------------------------------------
INFO: [Synth 8-3354] encoded FSM with state register 'state_reg' using encoding 'sequential' in module 'dpu_conv_top_gmem2_m_axi_reg_slice__parameterized4'
---------------------------------------------------------------------------------
Finished RTL Optimization Phase 2 : Time (s): cpu = 00:04:22 ; elapsed = 00:07:00 . Memory (MB): peak = 2102.281 ; gain = 1284.965
---------------------------------------------------------------------------------
---------------------------------------------------------------------------------
Start RTL Component Statistics 
---------------------------------------------------------------------------------
Detailed RTL Component Info : 
+---Adders : 
	   3 Input   64 Bit       Adders := 85    
	   2 Input   64 Bit       Adders := 74    
	   4 Input   64 Bit       Adders := 1     
	   2 Input   32 Bit       Adders := 111   
	   3 Input   32 Bit       Adders := 16    
	   2 Input   20 Bit       Adders := 20    
	   2 Input   16 Bit       Adders := 1     
	   2 Input   15 Bit       Adders := 2     
	   2 Input   14 Bit       Adders := 2     
	   2 Input   12 Bit       Adders := 21    
	   2 Input   11 Bit       Adders := 17    
	   3 Input   10 Bit       Adders := 2     
	   2 Input   10 Bit       Adders := 17    
	   2 Input    9 Bit       Adders := 37    
	   3 Input    9 Bit       Adders := 2     
	   2 Input    8 Bit       Adders := 51    
	   3 Input    8 Bit       Adders := 2     
	   2 Input    7 Bit       Adders := 8     
	   2 Input    6 Bit       Adders := 42    
	   2 Input    5 Bit       Adders := 130   
	   2 Input    4 Bit       Adders := 105   
	   2 Input    3 Bit       Adders := 99    
	   3 Input    3 Bit       Adders := 17    
	   2 Input    2 Bit       Adders := 40    
+---XORs : 
	   2 Input      1 Bit         XORs := 5     
+---Registers : 
	               97 Bit    Registers := 40    
	               96 Bit    Registers := 21    
	               73 Bit    Registers := 4     
	               72 Bit    Registers := 1     
	               64 Bit    Registers := 240   
	               63 Bit    Registers := 1     
	               57 Bit    Registers := 1     
	               56 Bit    Registers := 2     
	               52 Bit    Registers := 20    
	               50 Bit    Registers := 1     
	               44 Bit    Registers := 2     
	               36 Bit    Registers := 2     
	               34 Bit    Registers := 58    
	               33 Bit    Registers := 34    
	               32 Bit    Registers := 258   
	               24 Bit    Registers := 2     
	               22 Bit    Registers := 1     
	               21 Bit    Registers := 1     
	               20 Bit    Registers := 41    
	               19 Bit    Registers := 1     
	               18 Bit    Registers := 72    
	               16 Bit    Registers := 2     
	               14 Bit    Registers := 2     
	               13 Bit    Registers := 1     
	               12 Bit    Registers := 23    
	               11 Bit    Registers := 19    
	               10 Bit    Registers := 60    
	                9 Bit    Registers := 42    
	                8 Bit    Registers := 241   
	                7 Bit    Registers := 15    
	                6 Bit    Registers := 23    
	                5 Bit    Registers := 131   
	                4 Bit    Registers := 147   
	                3 Bit    Registers := 42    
	                2 Bit    Registers := 81    
	                1 Bit    Registers := 1279  
+---RAMs : 
	               8K Bit	(255 X 34 bit)          RAMs := 18    
+---Muxes : 
	   2 Input   97 Bit        Muxes := 20    
	   2 Input   73 Bit        Muxes := 2     
	   2 Input   64 Bit        Muxes := 64    
	   2 Input   34 Bit        Muxes := 18    
	   2 Input   33 Bit        Muxes := 17    
	   2 Input   32 Bit        Muxes := 188   
	   2 Input   30 Bit        Muxes := 2     
	   3 Input   24 Bit        Muxes := 1     
	   2 Input   24 Bit        Muxes := 1     
	   2 Input   22 Bit        Muxes := 1     
	   2 Input   21 Bit        Muxes := 1     
	   2 Input   20 Bit        Muxes := 44    
	   2 Input   19 Bit        Muxes := 1     
	   2 Input   18 Bit        Muxes := 1     
	   2 Input   17 Bit        Muxes := 1     
	   2 Input   16 Bit        Muxes := 1     
	   5 Input   16 Bit        Muxes := 1     
	   2 Input   15 Bit        Muxes := 1     
	   2 Input   14 Bit        Muxes := 4     
	   4 Input   14 Bit        Muxes := 1     
	   2 Input   13 Bit        Muxes := 4     
	   2 Input   12 Bit        Muxes := 22    
	   4 Input   12 Bit        Muxes := 41    
	   2 Input   11 Bit        Muxes := 18    
	   2 Input   10 Bit        Muxes := 61    
	   2 Input    9 Bit        Muxes := 21    
	   2 Input    8 Bit        Muxes := 56    
	   4 Input    8 Bit        Muxes := 24    
	   2 Input    7 Bit        Muxes := 5     
	   2 Input    6 Bit        Muxes := 21    
	   2 Input    5 Bit        Muxes := 87    
	   2 Input    4 Bit        Muxes := 40    
	   3 Input    4 Bit        Muxes := 2     
	   4 Input    4 Bit        Muxes := 2     
	   2 Input    3 Bit        Muxes := 83    
	   5 Input    3 Bit        Muxes := 17    
	   4 Input    3 Bit        Muxes := 17    
	   3 Input    3 Bit        Muxes := 7     
	   2 Input    2 Bit        Muxes := 1019  
	   3 Input    2 Bit        Muxes := 183   
	   4 Input    2 Bit        Muxes := 61    
	   5 Input    2 Bit        Muxes := 17    
	   2 Input    1 Bit        Muxes := 1311  
	   4 Input    1 Bit        Muxes := 4     
---------------------------------------------------------------------------------
Finished RTL Component Statistics 
---------------------------------------------------------------------------------
---------------------------------------------------------------------------------
Start Part Resource Summary
---------------------------------------------------------------------------------
Part Resources:
DSPs: 220 (col length:60)
BRAMs: 280 (col length: RAMB18 60 RAMB36 30)
---------------------------------------------------------------------------------
Finished Part Resource Summary
---------------------------------------------------------------------------------
---------------------------------------------------------------------------------
Start Cross Boundary and Area Optimization
---------------------------------------------------------------------------------
DSP Report: Generating DSP bound7_reg_684_reg, operation Mode is: (A*B)'.
DSP Report: register bound7_reg_684_reg is absorbed into DSP bound7_reg_684_reg.
DSP Report: operator mul_8ns_11ns_19_1_1_U123/tmp_product is absorbed into DSP bound7_reg_684_reg.
INFO: [Synth 8-3886] merging instance 'gmem1_5_addr_4_reg_7956_reg[0]' (FDE) to 'gmem1_5_addr_8_reg_8004_reg[0]'
INFO: [Synth 8-3886] merging instance 'gmem1_5_addr_1_reg_7920_reg[0]' (FDE) to 'gmem1_5_addr_3_reg_7944_reg[0]'
INFO: [Synth 8-3886] merging instance 'gmem1_5_addr_3_reg_7944_reg[0]' (FDE) to 'gmem1_5_addr_5_reg_7968_reg[0]'
INFO: [Synth 8-3886] merging instance 'gmem1_5_addr_5_reg_7968_reg[0]' (FDE) to 'gmem1_5_addr_7_reg_7992_reg[0]'
INFO: [Synth 8-3886] merging instance 'gmem1_4_addr_4_reg_7848_reg[0]' (FDE) to 'gmem1_4_addr_8_reg_7896_reg[0]'
INFO: [Synth 8-3886] merging instance 'gmem1_4_addr_1_reg_7812_reg[0]' (FDE) to 'gmem1_4_addr_3_reg_7836_reg[0]'
INFO: [Synth 8-3886] merging instance 'gmem1_4_addr_3_reg_7836_reg[0]' (FDE) to 'gmem1_4_addr_5_reg_7860_reg[0]'
INFO: [Synth 8-3886] merging instance 'gmem1_4_addr_5_reg_7860_reg[0]' (FDE) to 'gmem1_4_addr_7_reg_7884_reg[0]'
INFO: [Synth 8-3333] propagating constant 0 across sequential element (\zext_ln23_1_reg_6969_reg[8] )
INFO: [Synth 8-3333] propagating constant 0 across sequential element (\ic_mid2_reg_7012_reg[6] )
INFO: [Synth 8-3886] merging instance 'gmem1_7_addr_4_reg_8172_reg[0]' (FDE) to 'gmem1_7_addr_8_reg_8220_reg[0]'
INFO: [Synth 8-3886] merging instance 'gmem1_7_addr_1_reg_8136_reg[0]' (FDE) to 'gmem1_7_addr_3_reg_8160_reg[0]'
INFO: [Synth 8-3886] merging instance 'gmem1_7_addr_3_reg_8160_reg[0]' (FDE) to 'gmem1_7_addr_5_reg_8184_reg[0]'
INFO: [Synth 8-3886] merging instance 'gmem1_7_addr_5_reg_8184_reg[0]' (FDE) to 'gmem1_7_addr_7_reg_8208_reg[0]'
INFO: [Synth 8-3886] merging instance 'gmem1_6_addr_4_reg_8064_reg[0]' (FDE) to 'gmem1_6_addr_8_reg_8112_reg[0]'
INFO: [Synth 8-3886] merging instance 'gmem1_6_addr_1_reg_8028_reg[0]' (FDE) to 'gmem1_6_addr_3_reg_8052_reg[0]'
INFO: [Synth 8-3886] merging instance 'gmem1_6_addr_3_reg_8052_reg[0]' (FDE) to 'gmem1_6_addr_5_reg_8076_reg[0]'
INFO: [Synth 8-3886] merging instance 'gmem1_6_addr_5_reg_8076_reg[0]' (FDE) to 'gmem1_6_addr_7_reg_8100_reg[0]'
INFO: [Synth 8-3333] propagating constant 0 across sequential element (\zext_ln23_2_cast_reg_6964_reg[30] )
INFO: [Synth 8-3936] Found unconnected internal register 'mac_muladd_8s_8s_32s_32_4_1_U69/dpu_conv_top_mac_muladd_8s_8s_32s_32_4_1_DSP48_0_U/p_reg_reg' and it is trimmed from '44' to '32' bits. [d:/project/DPU_Project_vivado/DPU_vivado/DPU_vivado.gen/sources_1/bd/DPU/ipshared/680d/hdl/verilog/dpu_conv_top_mac_muladd_8s_8s_32s_32_4_1.v:37]
INFO: [Synth 8-3936] Found unconnected internal register 'mac_muladd_8s_8s_32s_32_4_1_U68/dpu_conv_top_mac_muladd_8s_8s_32s_32_4_1_DSP48_0_U/p_reg_reg' and it is trimmed from '44' to '32' bits. [d:/project/DPU_Project_vivado/DPU_vivado/DPU_vivado.gen/sources_1/bd/DPU/ipshared/680d/hdl/verilog/dpu_conv_top_mac_muladd_8s_8s_32s_32_4_1.v:37]
INFO: [Synth 8-3936] Found unconnected internal register 'mac_muladd_8s_8s_32s_32_4_1_U67/dpu_conv_top_mac_muladd_8s_8s_32s_32_4_1_DSP48_0_U/p_reg_reg' and it is trimmed from '44' to '32' bits. [d:/project/DPU_Project_vivado/DPU_vivado/DPU_vivado.gen/sources_1/bd/DPU/ipshared/680d/hdl/verilog/dpu_conv_top_mac_muladd_8s_8s_32s_32_4_1.v:37]
INFO: [Synth 8-3936] Found unconnected internal register 'mac_muladd_8s_8s_32s_32_4_1_U66/dpu_conv_top_mac_muladd_8s_8s_32s_32_4_1_DSP48_0_U/p_reg_reg' and it is trimmed from '44' to '32' bits. [d:/project/DPU_Project_vivado/DPU_vivado/DPU_vivado.gen/sources_1/bd/DPU/ipshared/680d/hdl/verilog/dpu_conv_top_mac_muladd_8s_8s_32s_32_4_1.v:37]
INFO: [Synth 8-3936] Found unconnected internal register 'mac_muladd_8s_8s_32s_32_4_1_U65/dpu_conv_top_mac_muladd_8s_8s_32s_32_4_1_DSP48_0_U/p_reg_reg' and it is trimmed from '44' to '32' bits. [d:/project/DPU_Project_vivado/DPU_vivado/DPU_vivado.gen/sources_1/bd/DPU/ipshared/680d/hdl/verilog/dpu_conv_top_mac_muladd_8s_8s_32s_32_4_1.v:37]
INFO: [Synth 8-3936] Found unconnected internal register 'mac_muladd_8s_8s_32s_32_4_1_U64/dpu_conv_top_mac_muladd_8s_8s_32s_32_4_1_DSP48_0_U/p_reg_reg' and it is trimmed from '44' to '32' bits. [d:/project/DPU_Project_vivado/DPU_vivado/DPU_vivado.gen/sources_1/bd/DPU/ipshared/680d/hdl/verilog/dpu_conv_top_mac_muladd_8s_8s_32s_32_4_1.v:37]
INFO: [Synth 8-3936] Found unconnected internal register 'mac_muladd_8s_8s_32s_32_4_1_U63/dpu_conv_top_mac_muladd_8s_8s_32s_32_4_1_DSP48_0_U/p_reg_reg' and it is trimmed from '44' to '32' bits. [d:/project/DPU_Project_vivado/DPU_vivado/DPU_vivado.gen/sources_1/bd/DPU/ipshared/680d/hdl/verilog/dpu_conv_top_mac_muladd_8s_8s_32s_32_4_1.v:37]
INFO: [Synth 8-3936] Found unconnected internal register 'mac_muladd_8s_8s_32s_32_4_1_U62/dpu_conv_top_mac_muladd_8s_8s_32s_32_4_1_DSP48_0_U/p_reg_reg' and it is trimmed from '44' to '32' bits. [d:/project/DPU_Project_vivado/DPU_vivado/DPU_vivado.gen/sources_1/bd/DPU/ipshared/680d/hdl/verilog/dpu_conv_top_mac_muladd_8s_8s_32s_32_4_1.v:37]
INFO: [Synth 8-3936] Found unconnected internal register 'mac_muladd_8s_8s_32s_32_4_1_U61/dpu_conv_top_mac_muladd_8s_8s_32s_32_4_1_DSP48_0_U/p_reg_reg' and it is trimmed from '44' to '32' bits. [d:/project/DPU_Project_vivado/DPU_vivado/DPU_vivado.gen/sources_1/bd/DPU/ipshared/680d/hdl/verilog/dpu_conv_top_mac_muladd_8s_8s_32s_32_4_1.v:37]
INFO: [Synth 8-3936] Found unconnected internal register 'mac_muladd_8s_8s_32s_32_4_1_U60/dpu_conv_top_mac_muladd_8s_8s_32s_32_4_1_DSP48_0_U/p_reg_reg' and it is trimmed from '44' to '32' bits. [d:/project/DPU_Project_vivado/DPU_vivado/DPU_vivado.gen/sources_1/bd/DPU/ipshared/680d/hdl/verilog/dpu_conv_top_mac_muladd_8s_8s_32s_32_4_1.v:37]
INFO: [Synth 8-3936] Found unconnected internal register 'mac_muladd_8s_8s_32s_32_4_1_U59/dpu_conv_top_mac_muladd_8s_8s_32s_32_4_1_DSP48_0_U/p_reg_reg' and it is trimmed from '44' to '32' bits. [d:/project/DPU_Project_vivado/DPU_vivado/DPU_vivado.gen/sources_1/bd/DPU/ipshared/680d/hdl/verilog/dpu_conv_top_mac_muladd_8s_8s_32s_32_4_1.v:37]
INFO: [Synth 8-3936] Found unconnected internal register 'mac_muladd_8s_8s_32s_32_4_1_U58/dpu_conv_top_mac_muladd_8s_8s_32s_32_4_1_DSP48_0_U/p_reg_reg' and it is trimmed from '44' to '32' bits. [d:/project/DPU_Project_vivado/DPU_vivado/DPU_vivado.gen/sources_1/bd/DPU/ipshared/680d/hdl/verilog/dpu_conv_top_mac_muladd_8s_8s_32s_32_4_1.v:37]
INFO: [Synth 8-3936] Found unconnected internal register 'mac_muladd_8s_8s_32s_32_4_1_U57/dpu_conv_top_mac_muladd_8s_8s_32s_32_4_1_DSP48_0_U/p_reg_reg' and it is trimmed from '44' to '32' bits. [d:/project/DPU_Project_vivado/DPU_vivado/DPU_vivado.gen/sources_1/bd/DPU/ipshared/680d/hdl/verilog/dpu_conv_top_mac_muladd_8s_8s_32s_32_4_1.v:37]
INFO: [Synth 8-3936] Found unconnected internal register 'mac_muladd_8s_8s_32s_32_4_1_U56/dpu_conv_top_mac_muladd_8s_8s_32s_32_4_1_DSP48_0_U/p_reg_reg' and it is trimmed from '44' to '32' bits. [d:/project/DPU_Project_vivado/DPU_vivado/DPU_vivado.gen/sources_1/bd/DPU/ipshared/680d/hdl/verilog/dpu_conv_top_mac_muladd_8s_8s_32s_32_4_1.v:37]
INFO: [Synth 8-3936] Found unconnected internal register 'mac_muladd_8s_8s_32s_32_4_1_U55/dpu_conv_top_mac_muladd_8s_8s_32s_32_4_1_DSP48_0_U/p_reg_reg' and it is trimmed from '44' to '32' bits. [d:/project/DPU_Project_vivado/DPU_vivado/DPU_vivado.gen/sources_1/bd/DPU/ipshared/680d/hdl/verilog/dpu_conv_top_mac_muladd_8s_8s_32s_32_4_1.v:37]
INFO: [Synth 8-3936] Found unconnected internal register 'mac_muladd_8s_8s_32s_32_4_1_U54/dpu_conv_top_mac_muladd_8s_8s_32s_32_4_1_DSP48_0_U/p_reg_reg' and it is trimmed from '44' to '32' bits. [d:/project/DPU_Project_vivado/DPU_vivado/DPU_vivado.gen/sources_1/bd/DPU/ipshared/680d/hdl/verilog/dpu_conv_top_mac_muladd_8s_8s_32s_32_4_1.v:37]
INFO: [Synth 8-3936] Found unconnected internal register 'mac_muladd_8s_8s_32s_32_4_1_U53/dpu_conv_top_mac_muladd_8s_8s_32s_32_4_1_DSP48_0_U/p_reg_reg' and it is trimmed from '44' to '32' bits. [d:/project/DPU_Project_vivado/DPU_vivado/DPU_vivado.gen/sources_1/bd/DPU/ipshared/680d/hdl/verilog/dpu_conv_top_mac_muladd_8s_8s_32s_32_4_1.v:37]
INFO: [Synth 8-3936] Found unconnected internal register 'mac_muladd_8s_8s_32s_32_4_1_U52/dpu_conv_top_mac_muladd_8s_8s_32s_32_4_1_DSP48_0_U/p_reg_reg' and it is trimmed from '44' to '32' bits. [d:/project/DPU_Project_vivado/DPU_vivado/DPU_vivado.gen/sources_1/bd/DPU/ipshared/680d/hdl/verilog/dpu_conv_top_mac_muladd_8s_8s_32s_32_4_1.v:37]
INFO: [Synth 8-3936] Found unconnected internal register 'mac_muladd_8s_8s_32s_32_4_1_U51/dpu_conv_top_mac_muladd_8s_8s_32s_32_4_1_DSP48_0_U/p_reg_reg' and it is trimmed from '44' to '32' bits. [d:/project/DPU_Project_vivado/DPU_vivado/DPU_vivado.gen/sources_1/bd/DPU/ipshared/680d/hdl/verilog/dpu_conv_top_mac_muladd_8s_8s_32s_32_4_1.v:37]
INFO: [Synth 8-3936] Found unconnected internal register 'mac_muladd_8s_8s_32s_32_4_1_U50/dpu_conv_top_mac_muladd_8s_8s_32s_32_4_1_DSP48_0_U/p_reg_reg' and it is trimmed from '44' to '32' bits. [d:/project/DPU_Project_vivado/DPU_vivado/DPU_vivado.gen/sources_1/bd/DPU/ipshared/680d/hdl/verilog/dpu_conv_top_mac_muladd_8s_8s_32s_32_4_1.v:37]
INFO: [Synth 8-3936] Found unconnected internal register 'mac_muladd_8s_8s_32s_32_4_1_U49/dpu_conv_top_mac_muladd_8s_8s_32s_32_4_1_DSP48_0_U/p_reg_reg' and it is trimmed from '44' to '32' bits. [d:/project/DPU_Project_vivado/DPU_vivado/DPU_vivado.gen/sources_1/bd/DPU/ipshared/680d/hdl/verilog/dpu_conv_top_mac_muladd_8s_8s_32s_32_4_1.v:37]
INFO: [Synth 8-3936] Found unconnected internal register 'mac_muladd_8s_8s_32s_32_4_1_U48/dpu_conv_top_mac_muladd_8s_8s_32s_32_4_1_DSP48_0_U/p_reg_reg' and it is trimmed from '44' to '32' bits. [d:/project/DPU_Project_vivado/DPU_vivado/DPU_vivado.gen/sources_1/bd/DPU/ipshared/680d/hdl/verilog/dpu_conv_top_mac_muladd_8s_8s_32s_32_4_1.v:37]
INFO: [Synth 8-3936] Found unconnected internal register 'mac_muladd_8s_8s_32s_32_4_1_U47/dpu_conv_top_mac_muladd_8s_8s_32s_32_4_1_DSP48_0_U/p_reg_reg' and it is trimmed from '44' to '32' bits. [d:/project/DPU_Project_vivado/DPU_vivado/DPU_vivado.gen/sources_1/bd/DPU/ipshared/680d/hdl/verilog/dpu_conv_top_mac_muladd_8s_8s_32s_32_4_1.v:37]
INFO: [Synth 8-3936] Found unconnected internal register 'mac_muladd_8s_8s_32s_32_4_1_U46/dpu_conv_top_mac_muladd_8s_8s_32s_32_4_1_DSP48_0_U/p_reg_reg' and it is trimmed from '44' to '32' bits. [d:/project/DPU_Project_vivado/DPU_vivado/DPU_vivado.gen/sources_1/bd/DPU/ipshared/680d/hdl/verilog/dpu_conv_top_mac_muladd_8s_8s_32s_32_4_1.v:37]
INFO: [Synth 8-3936] Found unconnected internal register 'mac_muladd_8s_8s_32s_32_4_1_U45/dpu_conv_top_mac_muladd_8s_8s_32s_32_4_1_DSP48_0_U/p_reg_reg' and it is trimmed from '44' to '32' bits. [d:/project/DPU_Project_vivado/DPU_vivado/DPU_vivado.gen/sources_1/bd/DPU/ipshared/680d/hdl/verilog/dpu_conv_top_mac_muladd_8s_8s_32s_32_4_1.v:37]
INFO: [Synth 8-3936] Found unconnected internal register 'mac_muladd_8s_8s_32s_32_4_1_U44/dpu_conv_top_mac_muladd_8s_8s_32s_32_4_1_DSP48_0_U/p_reg_reg' and it is trimmed from '44' to '32' bits. [d:/project/DPU_Project_vivado/DPU_vivado/DPU_vivado.gen/sources_1/bd/DPU/ipshared/680d/hdl/verilog/dpu_conv_top_mac_muladd_8s_8s_32s_32_4_1.v:37]
INFO: [Synth 8-3936] Found unconnected internal register 'mac_muladd_8s_8s_32s_32_4_1_U43/dpu_conv_top_mac_muladd_8s_8s_32s_32_4_1_DSP48_0_U/p_reg_reg' and it is trimmed from '44' to '32' bits. [d:/project/DPU_Project_vivado/DPU_vivado/DPU_vivado.gen/sources_1/bd/DPU/ipshared/680d/hdl/verilog/dpu_conv_top_mac_muladd_8s_8s_32s_32_4_1.v:37]
INFO: [Synth 8-3936] Found unconnected internal register 'mac_muladd_8s_8s_32s_32_4_1_U42/dpu_conv_top_mac_muladd_8s_8s_32s_32_4_1_DSP48_0_U/p_reg_reg' and it is trimmed from '44' to '32' bits. [d:/project/DPU_Project_vivado/DPU_vivado/DPU_vivado.gen/sources_1/bd/DPU/ipshared/680d/hdl/verilog/dpu_conv_top_mac_muladd_8s_8s_32s_32_4_1.v:37]
INFO: [Synth 8-3936] Found unconnected internal register 'mac_muladd_8s_8s_32s_32_4_1_U41/dpu_conv_top_mac_muladd_8s_8s_32s_32_4_1_DSP48_0_U/p_reg_reg' and it is trimmed from '44' to '32' bits. [d:/project/DPU_Project_vivado/DPU_vivado/DPU_vivado.gen/sources_1/bd/DPU/ipshared/680d/hdl/verilog/dpu_conv_top_mac_muladd_8s_8s_32s_32_4_1.v:37]
INFO: [Synth 8-3936] Found unconnected internal register 'mac_muladd_8s_8s_32s_32_4_1_U40/dpu_conv_top_mac_muladd_8s_8s_32s_32_4_1_DSP48_0_U/p_reg_reg' and it is trimmed from '44' to '32' bits. [d:/project/DPU_Project_vivado/DPU_vivado/DPU_vivado.gen/sources_1/bd/DPU/ipshared/680d/hdl/verilog/dpu_conv_top_mac_muladd_8s_8s_32s_32_4_1.v:37]
INFO: [Synth 8-3936] Found unconnected internal register 'mac_muladd_8s_8s_32s_32_4_1_U39/dpu_conv_top_mac_muladd_8s_8s_32s_32_4_1_DSP48_0_U/p_reg_reg' and it is trimmed from '44' to '32' bits. [d:/project/DPU_Project_vivado/DPU_vivado/DPU_vivado.gen/sources_1/bd/DPU/ipshared/680d/hdl/verilog/dpu_conv_top_mac_muladd_8s_8s_32s_32_4_1.v:37]
INFO: [Synth 8-3936] Found unconnected internal register 'mac_muladd_8s_8s_32s_32_4_1_U38/dpu_conv_top_mac_muladd_8s_8s_32s_32_4_1_DSP48_0_U/p_reg_reg' and it is trimmed from '44' to '32' bits. [d:/project/DPU_Project_vivado/DPU_vivado/DPU_vivado.gen/sources_1/bd/DPU/ipshared/680d/hdl/verilog/dpu_conv_top_mac_muladd_8s_8s_32s_32_4_1.v:37]
INFO: [Synth 8-3936] Found unconnected internal register 'mac_muladd_8s_8s_32s_32_4_1_U37/dpu_conv_top_mac_muladd_8s_8s_32s_32_4_1_DSP48_0_U/p_reg_reg' and it is trimmed from '44' to '32' bits. [d:/project/DPU_Project_vivado/DPU_vivado/DPU_vivado.gen/sources_1/bd/DPU/ipshared/680d/hdl/verilog/dpu_conv_top_mac_muladd_8s_8s_32s_32_4_1.v:37]
INFO: [Synth 8-3936] Found unconnected internal register 'mac_muladd_8s_8s_32s_32_4_1_U36/dpu_conv_top_mac_muladd_8s_8s_32s_32_4_1_DSP48_0_U/p_reg_reg' and it is trimmed from '44' to '32' bits. [d:/project/DPU_Project_vivado/DPU_vivado/DPU_vivado.gen/sources_1/bd/DPU/ipshared/680d/hdl/verilog/dpu_conv_top_mac_muladd_8s_8s_32s_32_4_1.v:37]
INFO: [Synth 8-3936] Found unconnected internal register 'mac_muladd_8s_8s_32s_32_4_1_U35/dpu_conv_top_mac_muladd_8s_8s_32s_32_4_1_DSP48_0_U/p_reg_reg' and it is trimmed from '44' to '32' bits. [d:/project/DPU_Project_vivado/DPU_vivado/DPU_vivado.gen/sources_1/bd/DPU/ipshared/680d/hdl/verilog/dpu_conv_top_mac_muladd_8s_8s_32s_32_4_1.v:37]
INFO: [Synth 8-3936] Found unconnected internal register 'mac_muladd_8s_8s_32s_32_4_1_U34/dpu_conv_top_mac_muladd_8s_8s_32s_32_4_1_DSP48_0_U/p_reg_reg' and it is trimmed from '44' to '32' bits. [d:/project/DPU_Project_vivado/DPU_vivado/DPU_vivado.gen/sources_1/bd/DPU/ipshared/680d/hdl/verilog/dpu_conv_top_mac_muladd_8s_8s_32s_32_4_1.v:37]
INFO: [Synth 8-3936] Found unconnected internal register 'mac_muladd_8s_8s_32s_32_4_1_U33/dpu_conv_top_mac_muladd_8s_8s_32s_32_4_1_DSP48_0_U/p_reg_reg' and it is trimmed from '44' to '32' bits. [d:/project/DPU_Project_vivado/DPU_vivado/DPU_vivado.gen/sources_1/bd/DPU/ipshared/680d/hdl/verilog/dpu_conv_top_mac_muladd_8s_8s_32s_32_4_1.v:37]
INFO: [Synth 8-3936] Found unconnected internal register 'mac_muladd_8s_8s_32s_32_4_1_U32/dpu_conv_top_mac_muladd_8s_8s_32s_32_4_1_DSP48_0_U/p_reg_reg' and it is trimmed from '44' to '32' bits. [d:/project/DPU_Project_vivado/DPU_vivado/DPU_vivado.gen/sources_1/bd/DPU/ipshared/680d/hdl/verilog/dpu_conv_top_mac_muladd_8s_8s_32s_32_4_1.v:37]
INFO: [Synth 8-3936] Found unconnected internal register 'mac_muladd_8s_8s_32s_32_4_1_U31/dpu_conv_top_mac_muladd_8s_8s_32s_32_4_1_DSP48_0_U/p_reg_reg' and it is trimmed from '44' to '32' bits. [d:/project/DPU_Project_vivado/DPU_vivado/DPU_vivado.gen/sources_1/bd/DPU/ipshared/680d/hdl/verilog/dpu_conv_top_mac_muladd_8s_8s_32s_32_4_1.v:37]
INFO: [Synth 8-3936] Found unconnected internal register 'mac_muladd_8s_8s_32s_32_4_1_U30/dpu_conv_top_mac_muladd_8s_8s_32s_32_4_1_DSP48_0_U/p_reg_reg' and it is trimmed from '44' to '32' bits. [d:/project/DPU_Project_vivado/DPU_vivado/DPU_vivado.gen/sources_1/bd/DPU/ipshared/680d/hdl/verilog/dpu_conv_top_mac_muladd_8s_8s_32s_32_4_1.v:37]
INFO: [Synth 8-3936] Found unconnected internal register 'mac_muladd_8s_8s_32s_32_4_1_U29/dpu_conv_top_mac_muladd_8s_8s_32s_32_4_1_DSP48_0_U/p_reg_reg' and it is trimmed from '44' to '32' bits. [d:/project/DPU_Project_vivado/DPU_vivado/DPU_vivado.gen/sources_1/bd/DPU/ipshared/680d/hdl/verilog/dpu_conv_top_mac_muladd_8s_8s_32s_32_4_1.v:37]
INFO: [Synth 8-3936] Found unconnected internal register 'mac_muladd_8s_8s_32s_32_4_1_U28/dpu_conv_top_mac_muladd_8s_8s_32s_32_4_1_DSP48_0_U/p_reg_reg' and it is trimmed from '44' to '32' bits. [d:/project/DPU_Project_vivado/DPU_vivado/DPU_vivado.gen/sources_1/bd/DPU/ipshared/680d/hdl/verilog/dpu_conv_top_mac_muladd_8s_8s_32s_32_4_1.v:37]
INFO: [Synth 8-3936] Found unconnected internal register 'mac_muladd_8s_8s_32s_32_4_1_U27/dpu_conv_top_mac_muladd_8s_8s_32s_32_4_1_DSP48_0_U/p_reg_reg' and it is trimmed from '44' to '32' bits. [d:/project/DPU_Project_vivado/DPU_vivado/DPU_vivado.gen/sources_1/bd/DPU/ipshared/680d/hdl/verilog/dpu_conv_top_mac_muladd_8s_8s_32s_32_4_1.v:37]
INFO: [Synth 8-3936] Found unconnected internal register 'mac_muladd_8s_8s_32s_32_4_1_U26/dpu_conv_top_mac_muladd_8s_8s_32s_32_4_1_DSP48_0_U/p_reg_reg' and it is trimmed from '44' to '32' bits. [d:/project/DPU_Project_vivado/DPU_vivado/DPU_vivado.gen/sources_1/bd/DPU/ipshared/680d/hdl/verilog/dpu_conv_top_mac_muladd_8s_8s_32s_32_4_1.v:37]
INFO: [Synth 8-3936] Found unconnected internal register 'mac_muladd_8s_8s_32s_32_4_1_U25/dpu_conv_top_mac_muladd_8s_8s_32s_32_4_1_DSP48_0_U/p_reg_reg' and it is trimmed from '44' to '32' bits. [d:/project/DPU_Project_vivado/DPU_vivado/DPU_vivado.gen/sources_1/bd/DPU/ipshared/680d/hdl/verilog/dpu_conv_top_mac_muladd_8s_8s_32s_32_4_1.v:37]
INFO: [Synth 8-3936] Found unconnected internal register 'mac_muladd_8s_8s_32s_32_4_1_U24/dpu_conv_top_mac_muladd_8s_8s_32s_32_4_1_DSP48_0_U/p_reg_reg' and it is trimmed from '44' to '32' bits. [d:/project/DPU_Project_vivado/DPU_vivado/DPU_vivado.gen/sources_1/bd/DPU/ipshared/680d/hdl/verilog/dpu_conv_top_mac_muladd_8s_8s_32s_32_4_1.v:37]
INFO: [Synth 8-3936] Found unconnected internal register 'mac_muladd_8s_8s_32s_32_4_1_U23/dpu_conv_top_mac_muladd_8s_8s_32s_32_4_1_DSP48_0_U/p_reg_reg' and it is trimmed from '44' to '32' bits. [d:/project/DPU_Project_vivado/DPU_vivado/DPU_vivado.gen/sources_1/bd/DPU/ipshared/680d/hdl/verilog/dpu_conv_top_mac_muladd_8s_8s_32s_32_4_1.v:37]
INFO: [Synth 8-3936] Found unconnected internal register 'mac_muladd_8s_8s_32s_32_4_1_U22/dpu_conv_top_mac_muladd_8s_8s_32s_32_4_1_DSP48_0_U/p_reg_reg' and it is trimmed from '44' to '32' bits. [d:/project/DPU_Project_vivado/DPU_vivado/DPU_vivado.gen/sources_1/bd/DPU/ipshared/680d/hdl/verilog/dpu_conv_top_mac_muladd_8s_8s_32s_32_4_1.v:37]
INFO: [Synth 8-3936] Found unconnected internal register 'mac_muladd_8s_8s_32s_32_4_1_U21/dpu_conv_top_mac_muladd_8s_8s_32s_32_4_1_DSP48_0_U/p_reg_reg' and it is trimmed from '44' to '32' bits. [d:/project/DPU_Project_vivado/DPU_vivado/DPU_vivado.gen/sources_1/bd/DPU/ipshared/680d/hdl/verilog/dpu_conv_top_mac_muladd_8s_8s_32s_32_4_1.v:37]
INFO: [Synth 8-3936] Found unconnected internal register 'mac_muladd_8s_8s_32s_32_4_1_U20/dpu_conv_top_mac_muladd_8s_8s_32s_32_4_1_DSP48_0_U/p_reg_reg' and it is trimmed from '44' to '32' bits. [d:/project/DPU_Project_vivado/DPU_vivado/DPU_vivado.gen/sources_1/bd/DPU/ipshared/680d/hdl/verilog/dpu_conv_top_mac_muladd_8s_8s_32s_32_4_1.v:37]
INFO: [Synth 8-3936] Found unconnected internal register 'mac_muladd_8s_8s_32s_32_4_1_U19/dpu_conv_top_mac_muladd_8s_8s_32s_32_4_1_DSP48_0_U/p_reg_reg' and it is trimmed from '44' to '32' bits. [d:/project/DPU_Project_vivado/DPU_vivado/DPU_vivado.gen/sources_1/bd/DPU/ipshared/680d/hdl/verilog/dpu_conv_top_mac_muladd_8s_8s_32s_32_4_1.v:37]
INFO: [Synth 8-3936] Found unconnected internal register 'mac_muladd_8s_8s_32s_32_4_1_U18/dpu_conv_top_mac_muladd_8s_8s_32s_32_4_1_DSP48_0_U/p_reg_reg' and it is trimmed from '44' to '32' bits. [d:/project/DPU_Project_vivado/DPU_vivado/DPU_vivado.gen/sources_1/bd/DPU/ipshared/680d/hdl/verilog/dpu_conv_top_mac_muladd_8s_8s_32s_32_4_1.v:37]
INFO: [Synth 8-3936] Found unconnected internal register 'mac_muladd_8s_8s_32s_32_4_1_U17/dpu_conv_top_mac_muladd_8s_8s_32s_32_4_1_DSP48_0_U/p_reg_reg' and it is trimmed from '44' to '32' bits. [d:/project/DPU_Project_vivado/DPU_vivado/DPU_vivado.gen/sources_1/bd/DPU/ipshared/680d/hdl/verilog/dpu_conv_top_mac_muladd_8s_8s_32s_32_4_1.v:37]
INFO: [Synth 8-3936] Found unconnected internal register 'mac_muladd_8s_8s_32s_32_4_1_U16/dpu_conv_top_mac_muladd_8s_8s_32s_32_4_1_DSP48_0_U/p_reg_reg' and it is trimmed from '44' to '32' bits. [d:/project/DPU_Project_vivado/DPU_vivado/DPU_vivado.gen/sources_1/bd/DPU/ipshared/680d/hdl/verilog/dpu_conv_top_mac_muladd_8s_8s_32s_32_4_1.v:37]
INFO: [Synth 8-3936] Found unconnected internal register 'mac_muladd_8s_8s_32s_32_4_1_U15/dpu_conv_top_mac_muladd_8s_8s_32s_32_4_1_DSP48_0_U/p_reg_reg' and it is trimmed from '44' to '32' bits. [d:/project/DPU_Project_vivado/DPU_vivado/DPU_vivado.gen/sources_1/bd/DPU/ipshared/680d/hdl/verilog/dpu_conv_top_mac_muladd_8s_8s_32s_32_4_1.v:37]
INFO: [Synth 8-3936] Found unconnected internal register 'mac_muladd_8s_8s_32s_32_4_1_U14/dpu_conv_top_mac_muladd_8s_8s_32s_32_4_1_DSP48_0_U/p_reg_reg' and it is trimmed from '44' to '32' bits. [d:/project/DPU_Project_vivado/DPU_vivado/DPU_vivado.gen/sources_1/bd/DPU/ipshared/680d/hdl/verilog/dpu_conv_top_mac_muladd_8s_8s_32s_32_4_1.v:37]
INFO: [Synth 8-3936] Found unconnected internal register 'mac_muladd_8s_8s_32s_32_4_1_U13/dpu_conv_top_mac_muladd_8s_8s_32s_32_4_1_DSP48_0_U/p_reg_reg' and it is trimmed from '44' to '32' bits. [d:/project/DPU_Project_vivado/DPU_vivado/DPU_vivado.gen/sources_1/bd/DPU/ipshared/680d/hdl/verilog/dpu_conv_top_mac_muladd_8s_8s_32s_32_4_1.v:37]
INFO: [Synth 8-3936] Found unconnected internal register 'mac_muladd_8s_8s_32s_32_4_1_U12/dpu_conv_top_mac_muladd_8s_8s_32s_32_4_1_DSP48_0_U/p_reg_reg' and it is trimmed from '44' to '32' bits. [d:/project/DPU_Project_vivado/DPU_vivado/DPU_vivado.gen/sources_1/bd/DPU/ipshared/680d/hdl/verilog/dpu_conv_top_mac_muladd_8s_8s_32s_32_4_1.v:37]
INFO: [Synth 8-3936] Found unconnected internal register 'mac_muladd_8s_8s_32s_32_4_1_U11/dpu_conv_top_mac_muladd_8s_8s_32s_32_4_1_DSP48_0_U/p_reg_reg' and it is trimmed from '44' to '32' bits. [d:/project/DPU_Project_vivado/DPU_vivado/DPU_vivado.gen/sources_1/bd/DPU/ipshared/680d/hdl/verilog/dpu_conv_top_mac_muladd_8s_8s_32s_32_4_1.v:37]
INFO: [Synth 8-3936] Found unconnected internal register 'mac_muladd_8s_8s_32s_32_4_1_U10/dpu_conv_top_mac_muladd_8s_8s_32s_32_4_1_DSP48_0_U/p_reg_reg' and it is trimmed from '44' to '32' bits. [d:/project/DPU_Project_vivado/DPU_vivado/DPU_vivado.gen/sources_1/bd/DPU/ipshared/680d/hdl/verilog/dpu_conv_top_mac_muladd_8s_8s_32s_32_4_1.v:37]
INFO: [Synth 8-3936] Found unconnected internal register 'mac_muladd_8s_8s_32s_32_4_1_U9/dpu_conv_top_mac_muladd_8s_8s_32s_32_4_1_DSP48_0_U/p_reg_reg' and it is trimmed from '44' to '32' bits. [d:/project/DPU_Project_vivado/DPU_vivado/DPU_vivado.gen/sources_1/bd/DPU/ipshared/680d/hdl/verilog/dpu_conv_top_mac_muladd_8s_8s_32s_32_4_1.v:37]
INFO: [Synth 8-3936] Found unconnected internal register 'mac_muladd_8s_8s_32s_32_4_1_U8/dpu_conv_top_mac_muladd_8s_8s_32s_32_4_1_DSP48_0_U/p_reg_reg' and it is trimmed from '44' to '32' bits. [d:/project/DPU_Project_vivado/DPU_vivado/DPU_vivado.gen/sources_1/bd/DPU/ipshared/680d/hdl/verilog/dpu_conv_top_mac_muladd_8s_8s_32s_32_4_1.v:37]
INFO: [Synth 8-3936] Found unconnected internal register 'mac_muladd_8s_8s_32s_32_4_1_U7/dpu_conv_top_mac_muladd_8s_8s_32s_32_4_1_DSP48_0_U/p_reg_reg' and it is trimmed from '44' to '32' bits. [d:/project/DPU_Project_vivado/DPU_vivado/DPU_vivado.gen/sources_1/bd/DPU/ipshared/680d/hdl/verilog/dpu_conv_top_mac_muladd_8s_8s_32s_32_4_1.v:37]
INFO: [Synth 8-3936] Found unconnected internal register 'mac_muladd_8s_8s_32s_32_4_1_U6/dpu_conv_top_mac_muladd_8s_8s_32s_32_4_1_DSP48_0_U/p_reg_reg' and it is trimmed from '44' to '32' bits. [d:/project/DPU_Project_vivado/DPU_vivado/DPU_vivado.gen/sources_1/bd/DPU/ipshared/680d/hdl/verilog/dpu_conv_top_mac_muladd_8s_8s_32s_32_4_1.v:37]
INFO: [Synth 8-3936] Found unconnected internal register 'mac_muladd_8s_8s_32s_32_4_1_U5/dpu_conv_top_mac_muladd_8s_8s_32s_32_4_1_DSP48_0_U/p_reg_reg' and it is trimmed from '44' to '32' bits. [d:/project/DPU_Project_vivado/DPU_vivado/DPU_vivado.gen/sources_1/bd/DPU/ipshared/680d/hdl/verilog/dpu_conv_top_mac_muladd_8s_8s_32s_32_4_1.v:37]
INFO: [Synth 8-3936] Found unconnected internal register 'mac_muladd_8s_8s_32s_32_4_1_U4/dpu_conv_top_mac_muladd_8s_8s_32s_32_4_1_DSP48_0_U/p_reg_reg' and it is trimmed from '44' to '32' bits. [d:/project/DPU_Project_vivado/DPU_vivado/DPU_vivado.gen/sources_1/bd/DPU/ipshared/680d/hdl/verilog/dpu_conv_top_mac_muladd_8s_8s_32s_32_4_1.v:37]
INFO: [Synth 8-3936] Found unconnected internal register 'mac_muladd_8s_8s_32s_32_4_1_U3/dpu_conv_top_mac_muladd_8s_8s_32s_32_4_1_DSP48_0_U/p_reg_reg' and it is trimmed from '44' to '32' bits. [d:/project/DPU_Project_vivado/DPU_vivado/DPU_vivado.gen/sources_1/bd/DPU/ipshared/680d/hdl/verilog/dpu_conv_top_mac_muladd_8s_8s_32s_32_4_1.v:37]
INFO: [Synth 8-3936] Found unconnected internal register 'mac_muladd_8s_8s_32s_32_4_1_U2/dpu_conv_top_mac_muladd_8s_8s_32s_32_4_1_DSP48_0_U/p_reg_reg' and it is trimmed from '44' to '32' bits. [d:/project/DPU_Project_vivado/DPU_vivado/DPU_vivado.gen/sources_1/bd/DPU/ipshared/680d/hdl/verilog/dpu_conv_top_mac_muladd_8s_8s_32s_32_4_1.v:37]
INFO: [Synth 8-3936] Found unconnected internal register 'mac_muladd_8s_8s_32s_32_4_1_U1/dpu_conv_top_mac_muladd_8s_8s_32s_32_4_1_DSP48_0_U/p_reg_reg' and it is trimmed from '44' to '32' bits. [d:/project/DPU_Project_vivado/DPU_vivado/DPU_vivado.gen/sources_1/bd/DPU/ipshared/680d/hdl/verilog/dpu_conv_top_mac_muladd_8s_8s_32s_32_4_1.v:37]
INFO: [Synth 8-3936] Found unconnected internal register 'mac_muladd_8s_8s_32s_32_4_1_U72/dpu_conv_top_mac_muladd_8s_8s_32s_32_4_1_DSP48_0_U/p_reg_reg' and it is trimmed from '44' to '32' bits. [d:/project/DPU_Project_vivado/DPU_vivado/DPU_vivado.gen/sources_1/bd/DPU/ipshared/680d/hdl/verilog/dpu_conv_top_mac_muladd_8s_8s_32s_32_4_1.v:37]
INFO: [Synth 8-3936] Found unconnected internal register 'mac_muladd_8s_8s_32s_32_4_1_U71/dpu_conv_top_mac_muladd_8s_8s_32s_32_4_1_DSP48_0_U/p_reg_reg' and it is trimmed from '44' to '32' bits. [d:/project/DPU_Project_vivado/DPU_vivado/DPU_vivado.gen/sources_1/bd/DPU/ipshared/680d/hdl/verilog/dpu_conv_top_mac_muladd_8s_8s_32s_32_4_1.v:37]
INFO: [Synth 8-3936] Found unconnected internal register 'mac_muladd_8s_8s_32s_32_4_1_U70/dpu_conv_top_mac_muladd_8s_8s_32s_32_4_1_DSP48_0_U/p_reg_reg' and it is trimmed from '44' to '32' bits. [d:/project/DPU_Project_vivado/DPU_vivado/DPU_vivado.gen/sources_1/bd/DPU/ipshared/680d/hdl/verilog/dpu_conv_top_mac_muladd_8s_8s_32s_32_4_1.v:37]
INFO: [Synth 8-3936] Found unconnected internal register 'mac_muladd_8s_8s_32s_32_4_1_U72/dpu_conv_top_mac_muladd_8s_8s_32s_32_4_1_DSP48_0_U/m_reg_reg' and it is trimmed from '43' to '32' bits. [d:/project/DPU_Project_vivado/DPU_vivado/DPU_vivado.gen/sources_1/bd/DPU/ipshared/680d/hdl/verilog/dpu_conv_top_mac_muladd_8s_8s_32s_32_4_1.v:31]
INFO: [Synth 8-3936] Found unconnected internal register 'mac_muladd_8s_8s_32s_32_4_1_U71/dpu_conv_top_mac_muladd_8s_8s_32s_32_4_1_DSP48_0_U/m_reg_reg' and it is trimmed from '43' to '32' bits. [d:/project/DPU_Project_vivado/DPU_vivado/DPU_vivado.gen/sources_1/bd/DPU/ipshared/680d/hdl/verilog/dpu_conv_top_mac_muladd_8s_8s_32s_32_4_1.v:31]
INFO: [Synth 8-3936] Found unconnected internal register 'mac_muladd_8s_8s_32s_32_4_1_U70/dpu_conv_top_mac_muladd_8s_8s_32s_32_4_1_DSP48_0_U/m_reg_reg' and it is trimmed from '43' to '32' bits. [d:/project/DPU_Project_vivado/DPU_vivado/DPU_vivado.gen/sources_1/bd/DPU/ipshared/680d/hdl/verilog/dpu_conv_top_mac_muladd_8s_8s_32s_32_4_1.v:31]
INFO: [Synth 8-3936] Found unconnected internal register 'mac_muladd_8s_8s_32s_32_4_1_U69/dpu_conv_top_mac_muladd_8s_8s_32s_32_4_1_DSP48_0_U/m_reg_reg' and it is trimmed from '43' to '32' bits. [d:/project/DPU_Project_vivado/DPU_vivado/DPU_vivado.gen/sources_1/bd/DPU/ipshared/680d/hdl/verilog/dpu_conv_top_mac_muladd_8s_8s_32s_32_4_1.v:31]
INFO: [Synth 8-3936] Found unconnected internal register 'mac_muladd_8s_8s_32s_32_4_1_U68/dpu_conv_top_mac_muladd_8s_8s_32s_32_4_1_DSP48_0_U/m_reg_reg' and it is trimmed from '43' to '32' bits. [d:/project/DPU_Project_vivado/DPU_vivado/DPU_vivado.gen/sources_1/bd/DPU/ipshared/680d/hdl/verilog/dpu_conv_top_mac_muladd_8s_8s_32s_32_4_1.v:31]
INFO: [Synth 8-3936] Found unconnected internal register 'mac_muladd_8s_8s_32s_32_4_1_U67/dpu_conv_top_mac_muladd_8s_8s_32s_32_4_1_DSP48_0_U/m_reg_reg' and it is trimmed from '43' to '32' bits. [d:/project/DPU_Project_vivado/DPU_vivado/DPU_vivado.gen/sources_1/bd/DPU/ipshared/680d/hdl/verilog/dpu_conv_top_mac_muladd_8s_8s_32s_32_4_1.v:31]
INFO: [Synth 8-3936] Found unconnected internal register 'mac_muladd_8s_8s_32s_32_4_1_U66/dpu_conv_top_mac_muladd_8s_8s_32s_32_4_1_DSP48_0_U/m_reg_reg' and it is trimmed from '43' to '32' bits. [d:/project/DPU_Project_vivado/DPU_vivado/DPU_vivado.gen/sources_1/bd/DPU/ipshared/680d/hdl/verilog/dpu_conv_top_mac_muladd_8s_8s_32s_32_4_1.v:31]
INFO: [Synth 8-3936] Found unconnected internal register 'mac_muladd_8s_8s_32s_32_4_1_U65/dpu_conv_top_mac_muladd_8s_8s_32s_32_4_1_DSP48_0_U/m_reg_reg' and it is trimmed from '43' to '32' bits. [d:/project/DPU_Project_vivado/DPU_vivado/DPU_vivado.gen/sources_1/bd/DPU/ipshared/680d/hdl/verilog/dpu_conv_top_mac_muladd_8s_8s_32s_32_4_1.v:31]
INFO: [Synth 8-3936] Found unconnected internal register 'mac_muladd_8s_8s_32s_32_4_1_U64/dpu_conv_top_mac_muladd_8s_8s_32s_32_4_1_DSP48_0_U/m_reg_reg' and it is trimmed from '43' to '32' bits. [d:/project/DPU_Project_vivado/DPU_vivado/DPU_vivado.gen/sources_1/bd/DPU/ipshared/680d/hdl/verilog/dpu_conv_top_mac_muladd_8s_8s_32s_32_4_1.v:31]
INFO: [Synth 8-3936] Found unconnected internal register 'mac_muladd_8s_8s_32s_32_4_1_U63/dpu_conv_top_mac_muladd_8s_8s_32s_32_4_1_DSP48_0_U/m_reg_reg' and it is trimmed from '43' to '32' bits. [d:/project/DPU_Project_vivado/DPU_vivado/DPU_vivado.gen/sources_1/bd/DPU/ipshared/680d/hdl/verilog/dpu_conv_top_mac_muladd_8s_8s_32s_32_4_1.v:31]
INFO: [Synth 8-3936] Found unconnected internal register 'mac_muladd_8s_8s_32s_32_4_1_U62/dpu_conv_top_mac_muladd_8s_8s_32s_32_4_1_DSP48_0_U/m_reg_reg' and it is trimmed from '43' to '32' bits. [d:/project/DPU_Project_vivado/DPU_vivado/DPU_vivado.gen/sources_1/bd/DPU/ipshared/680d/hdl/verilog/dpu_conv_top_mac_muladd_8s_8s_32s_32_4_1.v:31]
INFO: [Synth 8-3936] Found unconnected internal register 'mac_muladd_8s_8s_32s_32_4_1_U61/dpu_conv_top_mac_muladd_8s_8s_32s_32_4_1_DSP48_0_U/m_reg_reg' and it is trimmed from '43' to '32' bits. [d:/project/DPU_Project_vivado/DPU_vivado/DPU_vivado.gen/sources_1/bd/DPU/ipshared/680d/hdl/verilog/dpu_conv_top_mac_muladd_8s_8s_32s_32_4_1.v:31]
INFO: [Synth 8-3936] Found unconnected internal register 'mac_muladd_8s_8s_32s_32_4_1_U60/dpu_conv_top_mac_muladd_8s_8s_32s_32_4_1_DSP48_0_U/m_reg_reg' and it is trimmed from '43' to '32' bits. [d:/project/DPU_Project_vivado/DPU_vivado/DPU_vivado.gen/sources_1/bd/DPU/ipshared/680d/hdl/verilog/dpu_conv_top_mac_muladd_8s_8s_32s_32_4_1.v:31]
INFO: [Synth 8-3936] Found unconnected internal register 'mac_muladd_8s_8s_32s_32_4_1_U59/dpu_conv_top_mac_muladd_8s_8s_32s_32_4_1_DSP48_0_U/m_reg_reg' and it is trimmed from '43' to '32' bits. [d:/project/DPU_Project_vivado/DPU_vivado/DPU_vivado.gen/sources_1/bd/DPU/ipshared/680d/hdl/verilog/dpu_conv_top_mac_muladd_8s_8s_32s_32_4_1.v:31]
INFO: [Synth 8-3936] Found unconnected internal register 'mac_muladd_8s_8s_32s_32_4_1_U58/dpu_conv_top_mac_muladd_8s_8s_32s_32_4_1_DSP48_0_U/m_reg_reg' and it is trimmed from '43' to '32' bits. [d:/project/DPU_Project_vivado/DPU_vivado/DPU_vivado.gen/sources_1/bd/DPU/ipshared/680d/hdl/verilog/dpu_conv_top_mac_muladd_8s_8s_32s_32_4_1.v:31]
INFO: [Synth 8-3936] Found unconnected internal register 'mac_muladd_8s_8s_32s_32_4_1_U57/dpu_conv_top_mac_muladd_8s_8s_32s_32_4_1_DSP48_0_U/m_reg_reg' and it is trimmed from '43' to '32' bits. [d:/project/DPU_Project_vivado/DPU_vivado/DPU_vivado.gen/sources_1/bd/DPU/ipshared/680d/hdl/verilog/dpu_conv_top_mac_muladd_8s_8s_32s_32_4_1.v:31]
INFO: [Synth 8-3936] Found unconnected internal register 'mac_muladd_8s_8s_32s_32_4_1_U56/dpu_conv_top_mac_muladd_8s_8s_32s_32_4_1_DSP48_0_U/m_reg_reg' and it is trimmed from '43' to '32' bits. [d:/project/DPU_Project_vivado/DPU_vivado/DPU_vivado.gen/sources_1/bd/DPU/ipshared/680d/hdl/verilog/dpu_conv_top_mac_muladd_8s_8s_32s_32_4_1.v:31]
INFO: [Synth 8-3936] Found unconnected internal register 'mac_muladd_8s_8s_32s_32_4_1_U55/dpu_conv_top_mac_muladd_8s_8s_32s_32_4_1_DSP48_0_U/m_reg_reg' and it is trimmed from '43' to '32' bits. [d:/project/DPU_Project_vivado/DPU_vivado/DPU_vivado.gen/sources_1/bd/DPU/ipshared/680d/hdl/verilog/dpu_conv_top_mac_muladd_8s_8s_32s_32_4_1.v:31]
INFO: [Synth 8-3936] Found unconnected internal register 'mac_muladd_8s_8s_32s_32_4_1_U54/dpu_conv_top_mac_muladd_8s_8s_32s_32_4_1_DSP48_0_U/m_reg_reg' and it is trimmed from '43' to '32' bits. [d:/project/DPU_Project_vivado/DPU_vivado/DPU_vivado.gen/sources_1/bd/DPU/ipshared/680d/hdl/verilog/dpu_conv_top_mac_muladd_8s_8s_32s_32_4_1.v:31]
INFO: [Synth 8-3936] Found unconnected internal register 'mac_muladd_8s_8s_32s_32_4_1_U53/dpu_conv_top_mac_muladd_8s_8s_32s_32_4_1_DSP48_0_U/m_reg_reg' and it is trimmed from '43' to '32' bits. [d:/project/DPU_Project_vivado/DPU_vivado/DPU_vivado.gen/sources_1/bd/DPU/ipshared/680d/hdl/verilog/dpu_conv_top_mac_muladd_8s_8s_32s_32_4_1.v:31]
INFO: [Synth 8-3936] Found unconnected internal register 'mac_muladd_8s_8s_32s_32_4_1_U52/dpu_conv_top_mac_muladd_8s_8s_32s_32_4_1_DSP48_0_U/m_reg_reg' and it is trimmed from '43' to '32' bits. [d:/project/DPU_Project_vivado/DPU_vivado/DPU_vivado.gen/sources_1/bd/DPU/ipshared/680d/hdl/verilog/dpu_conv_top_mac_muladd_8s_8s_32s_32_4_1.v:31]
INFO: [Synth 8-3936] Found unconnected internal register 'mac_muladd_8s_8s_32s_32_4_1_U51/dpu_conv_top_mac_muladd_8s_8s_32s_32_4_1_DSP48_0_U/m_reg_reg' and it is trimmed from '43' to '32' bits. [d:/project/DPU_Project_vivado/DPU_vivado/DPU_vivado.gen/sources_1/bd/DPU/ipshared/680d/hdl/verilog/dpu_conv_top_mac_muladd_8s_8s_32s_32_4_1.v:31]
INFO: [Synth 8-3936] Found unconnected internal register 'mac_muladd_8s_8s_32s_32_4_1_U50/dpu_conv_top_mac_muladd_8s_8s_32s_32_4_1_DSP48_0_U/m_reg_reg' and it is trimmed from '43' to '32' bits. [d:/project/DPU_Project_vivado/DPU_vivado/DPU_vivado.gen/sources_1/bd/DPU/ipshared/680d/hdl/verilog/dpu_conv_top_mac_muladd_8s_8s_32s_32_4_1.v:31]
INFO: [Synth 8-3936] Found unconnected internal register 'mac_muladd_8s_8s_32s_32_4_1_U49/dpu_conv_top_mac_muladd_8s_8s_32s_32_4_1_DSP48_0_U/m_reg_reg' and it is trimmed from '43' to '32' bits. [d:/project/DPU_Project_vivado/DPU_vivado/DPU_vivado.gen/sources_1/bd/DPU/ipshared/680d/hdl/verilog/dpu_conv_top_mac_muladd_8s_8s_32s_32_4_1.v:31]
INFO: [Synth 8-3936] Found unconnected internal register 'mac_muladd_8s_8s_32s_32_4_1_U48/dpu_conv_top_mac_muladd_8s_8s_32s_32_4_1_DSP48_0_U/m_reg_reg' and it is trimmed from '43' to '32' bits. [d:/project/DPU_Project_vivado/DPU_vivado/DPU_vivado.gen/sources_1/bd/DPU/ipshared/680d/hdl/verilog/dpu_conv_top_mac_muladd_8s_8s_32s_32_4_1.v:31]
INFO: [Synth 8-3936] Found unconnected internal register 'mac_muladd_8s_8s_32s_32_4_1_U47/dpu_conv_top_mac_muladd_8s_8s_32s_32_4_1_DSP48_0_U/m_reg_reg' and it is trimmed from '43' to '32' bits. [d:/project/DPU_Project_vivado/DPU_vivado/DPU_vivado.gen/sources_1/bd/DPU/ipshared/680d/hdl/verilog/dpu_conv_top_mac_muladd_8s_8s_32s_32_4_1.v:31]
INFO: [Synth 8-3936] Found unconnected internal register 'mac_muladd_8s_8s_32s_32_4_1_U46/dpu_conv_top_mac_muladd_8s_8s_32s_32_4_1_DSP48_0_U/m_reg_reg' and it is trimmed from '43' to '32' bits. [d:/project/DPU_Project_vivado/DPU_vivado/DPU_vivado.gen/sources_1/bd/DPU/ipshared/680d/hdl/verilog/dpu_conv_top_mac_muladd_8s_8s_32s_32_4_1.v:31]
INFO: [Synth 8-3936] Found unconnected internal register 'mac_muladd_8s_8s_32s_32_4_1_U45/dpu_conv_top_mac_muladd_8s_8s_32s_32_4_1_DSP48_0_U/m_reg_reg' and it is trimmed from '43' to '32' bits. [d:/project/DPU_Project_vivado/DPU_vivado/DPU_vivado.gen/sources_1/bd/DPU/ipshared/680d/hdl/verilog/dpu_conv_top_mac_muladd_8s_8s_32s_32_4_1.v:31]
INFO: [Common 17-14] Message 'Synth 8-3936' appears 100 times and further instances of the messages will be disabled. Use the Tcl command set_msg_config to change the current settings.
INFO: [Common 17-14] Message 'Synth 8-3936' appears 100 times and further instances of the messages will be disabled. Use the Tcl command set_msg_config to change the current settings.
DSP Report: Generating DSP mac_muladd_8s_8s_32s_32_4_1_U1/dpu_conv_top_mac_muladd_8s_8s_32s_32_4_1_DSP48_0_U/p_reg_reg, operation Mode is: (C+(A''*B'')')'.
DSP Report: register mac_muladd_8s_8s_32s_32_4_1_U1/dpu_conv_top_mac_muladd_8s_8s_32s_32_4_1_DSP48_0_U/p_reg_reg is absorbed into DSP mac_muladd_8s_8s_32s_32_4_1_U1/dpu_conv_top_mac_muladd_8s_8s_32s_32_4_1_DSP48_0_U/p_reg_reg.
DSP Report: register mac_muladd_8s_8s_32s_32_4_1_U1/dpu_conv_top_mac_muladd_8s_8s_32s_32_4_1_DSP48_0_U/p_reg_reg is absorbed into DSP mac_muladd_8s_8s_32s_32_4_1_U1/dpu_conv_top_mac_muladd_8s_8s_32s_32_4_1_DSP48_0_U/p_reg_reg.
DSP Report: register mac_muladd_8s_8s_32s_32_4_1_U1/dpu_conv_top_mac_muladd_8s_8s_32s_32_4_1_DSP48_0_U/p_reg_reg is absorbed into DSP mac_muladd_8s_8s_32s_32_4_1_U1/dpu_conv_top_mac_muladd_8s_8s_32s_32_4_1_DSP48_0_U/p_reg_reg.
DSP Report: register mac_muladd_8s_8s_32s_32_4_1_U1/dpu_conv_top_mac_muladd_8s_8s_32s_32_4_1_DSP48_0_U/p_reg_reg is absorbed into DSP mac_muladd_8s_8s_32s_32_4_1_U1/dpu_conv_top_mac_muladd_8s_8s_32s_32_4_1_DSP48_0_U/p_reg_reg.
DSP Report: register mac_muladd_8s_8s_32s_32_4_1_U1/dpu_conv_top_mac_muladd_8s_8s_32s_32_4_1_DSP48_0_U/p_reg_reg is absorbed into DSP mac_muladd_8s_8s_32s_32_4_1_U1/dpu_conv_top_mac_muladd_8s_8s_32s_32_4_1_DSP48_0_U/p_reg_reg.
DSP Report: register mac_muladd_8s_8s_32s_32_4_1_U1/dpu_conv_top_mac_muladd_8s_8s_32s_32_4_1_DSP48_0_U/m_reg_reg is absorbed into DSP mac_muladd_8s_8s_32s_32_4_1_U1/dpu_conv_top_mac_muladd_8s_8s_32s_32_4_1_DSP48_0_U/p_reg_reg.
DSP Report: operator mac_muladd_8s_8s_32s_32_4_1_U1/dpu_conv_top_mac_muladd_8s_8s_32s_32_4_1_DSP48_0_U/p is absorbed into DSP mac_muladd_8s_8s_32s_32_4_1_U1/dpu_conv_top_mac_muladd_8s_8s_32s_32_4_1_DSP48_0_U/p_reg_reg.
DSP Report: operator mac_muladd_8s_8s_32s_32_4_1_U1/dpu_conv_top_mac_muladd_8s_8s_32s_32_4_1_DSP48_0_U/m is absorbed into DSP mac_muladd_8s_8s_32s_32_4_1_U1/dpu_conv_top_mac_muladd_8s_8s_32s_32_4_1_DSP48_0_U/p_reg_reg.
DSP Report: Generating DSP mac_muladd_8s_8s_32s_32_4_1_U2/dpu_conv_top_mac_muladd_8s_8s_32s_32_4_1_DSP48_0_U/p_reg_reg, operation Mode is: (C+(A''*B'')')'.
DSP Report: register mac_muladd_8s_8s_32s_32_4_1_U2/dpu_conv_top_mac_muladd_8s_8s_32s_32_4_1_DSP48_0_U/p_reg_reg is absorbed into DSP mac_muladd_8s_8s_32s_32_4_1_U2/dpu_conv_top_mac_muladd_8s_8s_32s_32_4_1_DSP48_0_U/p_reg_reg.
DSP Report: register mac_muladd_8s_8s_32s_32_4_1_U2/dpu_conv_top_mac_muladd_8s_8s_32s_32_4_1_DSP48_0_U/p_reg_reg is absorbed into DSP mac_muladd_8s_8s_32s_32_4_1_U2/dpu_conv_top_mac_muladd_8s_8s_32s_32_4_1_DSP48_0_U/p_reg_reg.
DSP Report: register mac_muladd_8s_8s_32s_32_4_1_U2/dpu_conv_top_mac_muladd_8s_8s_32s_32_4_1_DSP48_0_U/p_reg_reg is absorbed into DSP mac_muladd_8s_8s_32s_32_4_1_U2/dpu_conv_top_mac_muladd_8s_8s_32s_32_4_1_DSP48_0_U/p_reg_reg.
DSP Report: register mac_muladd_8s_8s_32s_32_4_1_U2/dpu_conv_top_mac_muladd_8s_8s_32s_32_4_1_DSP48_0_U/p_reg_reg is absorbed into DSP mac_muladd_8s_8s_32s_32_4_1_U2/dpu_conv_top_mac_muladd_8s_8s_32s_32_4_1_DSP48_0_U/p_reg_reg.
DSP Report: register mac_muladd_8s_8s_32s_32_4_1_U2/dpu_conv_top_mac_muladd_8s_8s_32s_32_4_1_DSP48_0_U/p_reg_reg is absorbed into DSP mac_muladd_8s_8s_32s_32_4_1_U2/dpu_conv_top_mac_muladd_8s_8s_32s_32_4_1_DSP48_0_U/p_reg_reg.
DSP Report: register mac_muladd_8s_8s_32s_32_4_1_U2/dpu_conv_top_mac_muladd_8s_8s_32s_32_4_1_DSP48_0_U/m_reg_reg is absorbed into DSP mac_muladd_8s_8s_32s_32_4_1_U2/dpu_conv_top_mac_muladd_8s_8s_32s_32_4_1_DSP48_0_U/p_reg_reg.
DSP Report: operator mac_muladd_8s_8s_32s_32_4_1_U2/dpu_conv_top_mac_muladd_8s_8s_32s_32_4_1_DSP48_0_U/p is absorbed into DSP mac_muladd_8s_8s_32s_32_4_1_U2/dpu_conv_top_mac_muladd_8s_8s_32s_32_4_1_DSP48_0_U/p_reg_reg.
DSP Report: operator mac_muladd_8s_8s_32s_32_4_1_U2/dpu_conv_top_mac_muladd_8s_8s_32s_32_4_1_DSP48_0_U/m is absorbed into DSP mac_muladd_8s_8s_32s_32_4_1_U2/dpu_conv_top_mac_muladd_8s_8s_32s_32_4_1_DSP48_0_U/p_reg_reg.
DSP Report: Generating DSP mac_muladd_8s_8s_32s_32_4_1_U3/dpu_conv_top_mac_muladd_8s_8s_32s_32_4_1_DSP48_0_U/p_reg_reg, operation Mode is: (C+(A''*B'')')'.
DSP Report: register mac_muladd_8s_8s_32s_32_4_1_U3/dpu_conv_top_mac_muladd_8s_8s_32s_32_4_1_DSP48_0_U/p_reg_reg is absorbed into DSP mac_muladd_8s_8s_32s_32_4_1_U3/dpu_conv_top_mac_muladd_8s_8s_32s_32_4_1_DSP48_0_U/p_reg_reg.
DSP Report: register mac_muladd_8s_8s_32s_32_4_1_U3/dpu_conv_top_mac_muladd_8s_8s_32s_32_4_1_DSP48_0_U/p_reg_reg is absorbed into DSP mac_muladd_8s_8s_32s_32_4_1_U3/dpu_conv_top_mac_muladd_8s_8s_32s_32_4_1_DSP48_0_U/p_reg_reg.
DSP Report: register mac_muladd_8s_8s_32s_32_4_1_U3/dpu_conv_top_mac_muladd_8s_8s_32s_32_4_1_DSP48_0_U/p_reg_reg is absorbed into DSP mac_muladd_8s_8s_32s_32_4_1_U3/dpu_conv_top_mac_muladd_8s_8s_32s_32_4_1_DSP48_0_U/p_reg_reg.
DSP Report: register mac_muladd_8s_8s_32s_32_4_1_U3/dpu_conv_top_mac_muladd_8s_8s_32s_32_4_1_DSP48_0_U/p_reg_reg is absorbed into DSP mac_muladd_8s_8s_32s_32_4_1_U3/dpu_conv_top_mac_muladd_8s_8s_32s_32_4_1_DSP48_0_U/p_reg_reg.
DSP Report: register mac_muladd_8s_8s_32s_32_4_1_U3/dpu_conv_top_mac_muladd_8s_8s_32s_32_4_1_DSP48_0_U/p_reg_reg is absorbed into DSP mac_muladd_8s_8s_32s_32_4_1_U3/dpu_conv_top_mac_muladd_8s_8s_32s_32_4_1_DSP48_0_U/p_reg_reg.
DSP Report: register mac_muladd_8s_8s_32s_32_4_1_U3/dpu_conv_top_mac_muladd_8s_8s_32s_32_4_1_DSP48_0_U/m_reg_reg is absorbed into DSP mac_muladd_8s_8s_32s_32_4_1_U3/dpu_conv_top_mac_muladd_8s_8s_32s_32_4_1_DSP48_0_U/p_reg_reg.
DSP Report: operator mac_muladd_8s_8s_32s_32_4_1_U3/dpu_conv_top_mac_muladd_8s_8s_32s_32_4_1_DSP48_0_U/p is absorbed into DSP mac_muladd_8s_8s_32s_32_4_1_U3/dpu_conv_top_mac_muladd_8s_8s_32s_32_4_1_DSP48_0_U/p_reg_reg.
DSP Report: operator mac_muladd_8s_8s_32s_32_4_1_U3/dpu_conv_top_mac_muladd_8s_8s_32s_32_4_1_DSP48_0_U/m is absorbed into DSP mac_muladd_8s_8s_32s_32_4_1_U3/dpu_conv_top_mac_muladd_8s_8s_32s_32_4_1_DSP48_0_U/p_reg_reg.
DSP Report: Generating DSP mac_muladd_8s_8s_32s_32_4_1_U4/dpu_conv_top_mac_muladd_8s_8s_32s_32_4_1_DSP48_0_U/p_reg_reg, operation Mode is: (C+(A''*B'')')'.
DSP Report: register mac_muladd_8s_8s_32s_32_4_1_U4/dpu_conv_top_mac_muladd_8s_8s_32s_32_4_1_DSP48_0_U/p_reg_reg is absorbed into DSP mac_muladd_8s_8s_32s_32_4_1_U4/dpu_conv_top_mac_muladd_8s_8s_32s_32_4_1_DSP48_0_U/p_reg_reg.
DSP Report: register mac_muladd_8s_8s_32s_32_4_1_U4/dpu_conv_top_mac_muladd_8s_8s_32s_32_4_1_DSP48_0_U/p_reg_reg is absorbed into DSP mac_muladd_8s_8s_32s_32_4_1_U4/dpu_conv_top_mac_muladd_8s_8s_32s_32_4_1_DSP48_0_U/p_reg_reg.
DSP Report: register mac_muladd_8s_8s_32s_32_4_1_U4/dpu_conv_top_mac_muladd_8s_8s_32s_32_4_1_DSP48_0_U/p_reg_reg is absorbed into DSP mac_muladd_8s_8s_32s_32_4_1_U4/dpu_conv_top_mac_muladd_8s_8s_32s_32_4_1_DSP48_0_U/p_reg_reg.
DSP Report: register mac_muladd_8s_8s_32s_32_4_1_U4/dpu_conv_top_mac_muladd_8s_8s_32s_32_4_1_DSP48_0_U/p_reg_reg is absorbed into DSP mac_muladd_8s_8s_32s_32_4_1_U4/dpu_conv_top_mac_muladd_8s_8s_32s_32_4_1_DSP48_0_U/p_reg_reg.
DSP Report: register mac_muladd_8s_8s_32s_32_4_1_U4/dpu_conv_top_mac_muladd_8s_8s_32s_32_4_1_DSP48_0_U/p_reg_reg is absorbed into DSP mac_muladd_8s_8s_32s_32_4_1_U4/dpu_conv_top_mac_muladd_8s_8s_32s_32_4_1_DSP48_0_U/p_reg_reg.
DSP Report: register mac_muladd_8s_8s_32s_32_4_1_U4/dpu_conv_top_mac_muladd_8s_8s_32s_32_4_1_DSP48_0_U/m_reg_reg is absorbed into DSP mac_muladd_8s_8s_32s_32_4_1_U4/dpu_conv_top_mac_muladd_8s_8s_32s_32_4_1_DSP48_0_U/p_reg_reg.
DSP Report: operator mac_muladd_8s_8s_32s_32_4_1_U4/dpu_conv_top_mac_muladd_8s_8s_32s_32_4_1_DSP48_0_U/p is absorbed into DSP mac_muladd_8s_8s_32s_32_4_1_U4/dpu_conv_top_mac_muladd_8s_8s_32s_32_4_1_DSP48_0_U/p_reg_reg.
DSP Report: operator mac_muladd_8s_8s_32s_32_4_1_U4/dpu_conv_top_mac_muladd_8s_8s_32s_32_4_1_DSP48_0_U/m is absorbed into DSP mac_muladd_8s_8s_32s_32_4_1_U4/dpu_conv_top_mac_muladd_8s_8s_32s_32_4_1_DSP48_0_U/p_reg_reg.
DSP Report: Generating DSP mac_muladd_8s_8s_32s_32_4_1_U5/dpu_conv_top_mac_muladd_8s_8s_32s_32_4_1_DSP48_0_U/p_reg_reg, operation Mode is: (PCIN or C')+(A''*B'')'.
DSP Report: register mac_muladd_8s_8s_32s_32_4_1_U5/dpu_conv_top_mac_muladd_8s_8s_32s_32_4_1_DSP48_0_U/p_reg_reg is absorbed into DSP mac_muladd_8s_8s_32s_32_4_1_U5/dpu_conv_top_mac_muladd_8s_8s_32s_32_4_1_DSP48_0_U/p_reg_reg.
DSP Report: register mac_muladd_8s_8s_32s_32_4_1_U5/dpu_conv_top_mac_muladd_8s_8s_32s_32_4_1_DSP48_0_U/p_reg_reg is absorbed into DSP mac_muladd_8s_8s_32s_32_4_1_U5/dpu_conv_top_mac_muladd_8s_8s_32s_32_4_1_DSP48_0_U/p_reg_reg.
DSP Report: register mac_muladd_8s_8s_32s_32_4_1_U5/dpu_conv_top_mac_muladd_8s_8s_32s_32_4_1_DSP48_0_U/p_reg_reg is absorbed into DSP mac_muladd_8s_8s_32s_32_4_1_U5/dpu_conv_top_mac_muladd_8s_8s_32s_32_4_1_DSP48_0_U/p_reg_reg.
DSP Report: register mac_muladd_8s_8s_32s_32_4_1_U5/dpu_conv_top_mac_muladd_8s_8s_32s_32_4_1_DSP48_0_U/p_reg_reg is absorbed into DSP mac_muladd_8s_8s_32s_32_4_1_U5/dpu_conv_top_mac_muladd_8s_8s_32s_32_4_1_DSP48_0_U/p_reg_reg.
DSP Report: register ap_phi_reg_pp0_iter0_acc_10_reg_927_reg is absorbed into DSP mac_muladd_8s_8s_32s_32_4_1_U5/dpu_conv_top_mac_muladd_8s_8s_32s_32_4_1_DSP48_0_U/p_reg_reg.
DSP Report: register mac_muladd_8s_8s_32s_32_4_1_U5/dpu_conv_top_mac_muladd_8s_8s_32s_32_4_1_DSP48_0_U/p_reg_reg is absorbed into DSP mac_muladd_8s_8s_32s_32_4_1_U5/dpu_conv_top_mac_muladd_8s_8s_32s_32_4_1_DSP48_0_U/p_reg_reg.
DSP Report: register mac_muladd_8s_8s_32s_32_4_1_U5/dpu_conv_top_mac_muladd_8s_8s_32s_32_4_1_DSP48_0_U/m_reg_reg is absorbed into DSP mac_muladd_8s_8s_32s_32_4_1_U5/dpu_conv_top_mac_muladd_8s_8s_32s_32_4_1_DSP48_0_U/p_reg_reg.
DSP Report: operator mac_muladd_8s_8s_32s_32_4_1_U5/dpu_conv_top_mac_muladd_8s_8s_32s_32_4_1_DSP48_0_U/p is absorbed into DSP mac_muladd_8s_8s_32s_32_4_1_U5/dpu_conv_top_mac_muladd_8s_8s_32s_32_4_1_DSP48_0_U/p_reg_reg.
DSP Report: operator mac_muladd_8s_8s_32s_32_4_1_U5/dpu_conv_top_mac_muladd_8s_8s_32s_32_4_1_DSP48_0_U/m is absorbed into DSP mac_muladd_8s_8s_32s_32_4_1_U5/dpu_conv_top_mac_muladd_8s_8s_32s_32_4_1_DSP48_0_U/p_reg_reg.
DSP Report: Generating DSP mac_muladd_8s_8s_32s_32_4_1_U6/dpu_conv_top_mac_muladd_8s_8s_32s_32_4_1_DSP48_0_U/p_reg_reg, operation Mode is: (PCIN+(A''*B'')')'.
DSP Report: register mac_muladd_8s_8s_32s_32_4_1_U6/dpu_conv_top_mac_muladd_8s_8s_32s_32_4_1_DSP48_0_U/p_reg_reg is absorbed into DSP mac_muladd_8s_8s_32s_32_4_1_U6/dpu_conv_top_mac_muladd_8s_8s_32s_32_4_1_DSP48_0_U/p_reg_reg.
DSP Report: register mac_muladd_8s_8s_32s_32_4_1_U6/dpu_conv_top_mac_muladd_8s_8s_32s_32_4_1_DSP48_0_U/p_reg_reg is absorbed into DSP mac_muladd_8s_8s_32s_32_4_1_U6/dpu_conv_top_mac_muladd_8s_8s_32s_32_4_1_DSP48_0_U/p_reg_reg.
DSP Report: register mac_muladd_8s_8s_32s_32_4_1_U6/dpu_conv_top_mac_muladd_8s_8s_32s_32_4_1_DSP48_0_U/p_reg_reg is absorbed into DSP mac_muladd_8s_8s_32s_32_4_1_U6/dpu_conv_top_mac_muladd_8s_8s_32s_32_4_1_DSP48_0_U/p_reg_reg.
DSP Report: register mac_muladd_8s_8s_32s_32_4_1_U6/dpu_conv_top_mac_muladd_8s_8s_32s_32_4_1_DSP48_0_U/p_reg_reg is absorbed into DSP mac_muladd_8s_8s_32s_32_4_1_U6/dpu_conv_top_mac_muladd_8s_8s_32s_32_4_1_DSP48_0_U/p_reg_reg.
DSP Report: register mac_muladd_8s_8s_32s_32_4_1_U6/dpu_conv_top_mac_muladd_8s_8s_32s_32_4_1_DSP48_0_U/p_reg_reg is absorbed into DSP mac_muladd_8s_8s_32s_32_4_1_U6/dpu_conv_top_mac_muladd_8s_8s_32s_32_4_1_DSP48_0_U/p_reg_reg.
DSP Report: register mac_muladd_8s_8s_32s_32_4_1_U6/dpu_conv_top_mac_muladd_8s_8s_32s_32_4_1_DSP48_0_U/m_reg_reg is absorbed into DSP mac_muladd_8s_8s_32s_32_4_1_U6/dpu_conv_top_mac_muladd_8s_8s_32s_32_4_1_DSP48_0_U/p_reg_reg.
DSP Report: operator mac_muladd_8s_8s_32s_32_4_1_U6/dpu_conv_top_mac_muladd_8s_8s_32s_32_4_1_DSP48_0_U/p is absorbed into DSP mac_muladd_8s_8s_32s_32_4_1_U6/dpu_conv_top_mac_muladd_8s_8s_32s_32_4_1_DSP48_0_U/p_reg_reg.
DSP Report: operator mac_muladd_8s_8s_32s_32_4_1_U6/dpu_conv_top_mac_muladd_8s_8s_32s_32_4_1_DSP48_0_U/m is absorbed into DSP mac_muladd_8s_8s_32s_32_4_1_U6/dpu_conv_top_mac_muladd_8s_8s_32s_32_4_1_DSP48_0_U/p_reg_reg.
DSP Report: Generating DSP mac_muladd_8s_8s_32s_32_4_1_U7/dpu_conv_top_mac_muladd_8s_8s_32s_32_4_1_DSP48_0_U/p_reg_reg, operation Mode is: (C+(A''*B'')')'.
DSP Report: register mac_muladd_8s_8s_32s_32_4_1_U7/dpu_conv_top_mac_muladd_8s_8s_32s_32_4_1_DSP48_0_U/p_reg_reg is absorbed into DSP mac_muladd_8s_8s_32s_32_4_1_U7/dpu_conv_top_mac_muladd_8s_8s_32s_32_4_1_DSP48_0_U/p_reg_reg.
DSP Report: register mac_muladd_8s_8s_32s_32_4_1_U7/dpu_conv_top_mac_muladd_8s_8s_32s_32_4_1_DSP48_0_U/p_reg_reg is absorbed into DSP mac_muladd_8s_8s_32s_32_4_1_U7/dpu_conv_top_mac_muladd_8s_8s_32s_32_4_1_DSP48_0_U/p_reg_reg.
DSP Report: register mac_muladd_8s_8s_32s_32_4_1_U7/dpu_conv_top_mac_muladd_8s_8s_32s_32_4_1_DSP48_0_U/p_reg_reg is absorbed into DSP mac_muladd_8s_8s_32s_32_4_1_U7/dpu_conv_top_mac_muladd_8s_8s_32s_32_4_1_DSP48_0_U/p_reg_reg.
DSP Report: register mac_muladd_8s_8s_32s_32_4_1_U7/dpu_conv_top_mac_muladd_8s_8s_32s_32_4_1_DSP48_0_U/p_reg_reg is absorbed into DSP mac_muladd_8s_8s_32s_32_4_1_U7/dpu_conv_top_mac_muladd_8s_8s_32s_32_4_1_DSP48_0_U/p_reg_reg.
DSP Report: register mac_muladd_8s_8s_32s_32_4_1_U7/dpu_conv_top_mac_muladd_8s_8s_32s_32_4_1_DSP48_0_U/p_reg_reg is absorbed into DSP mac_muladd_8s_8s_32s_32_4_1_U7/dpu_conv_top_mac_muladd_8s_8s_32s_32_4_1_DSP48_0_U/p_reg_reg.
DSP Report: register mac_muladd_8s_8s_32s_32_4_1_U7/dpu_conv_top_mac_muladd_8s_8s_32s_32_4_1_DSP48_0_U/m_reg_reg is absorbed into DSP mac_muladd_8s_8s_32s_32_4_1_U7/dpu_conv_top_mac_muladd_8s_8s_32s_32_4_1_DSP48_0_U/p_reg_reg.
DSP Report: operator mac_muladd_8s_8s_32s_32_4_1_U7/dpu_conv_top_mac_muladd_8s_8s_32s_32_4_1_DSP48_0_U/p is absorbed into DSP mac_muladd_8s_8s_32s_32_4_1_U7/dpu_conv_top_mac_muladd_8s_8s_32s_32_4_1_DSP48_0_U/p_reg_reg.
DSP Report: operator mac_muladd_8s_8s_32s_32_4_1_U7/dpu_conv_top_mac_muladd_8s_8s_32s_32_4_1_DSP48_0_U/m is absorbed into DSP mac_muladd_8s_8s_32s_32_4_1_U7/dpu_conv_top_mac_muladd_8s_8s_32s_32_4_1_DSP48_0_U/p_reg_reg.
DSP Report: Generating DSP mac_muladd_8s_8s_32s_32_4_1_U8/dpu_conv_top_mac_muladd_8s_8s_32s_32_4_1_DSP48_0_U/p_reg_reg, operation Mode is: (C+(A''*B'')')'.
DSP Report: register mac_muladd_8s_8s_32s_32_4_1_U8/dpu_conv_top_mac_muladd_8s_8s_32s_32_4_1_DSP48_0_U/p_reg_reg is absorbed into DSP mac_muladd_8s_8s_32s_32_4_1_U8/dpu_conv_top_mac_muladd_8s_8s_32s_32_4_1_DSP48_0_U/p_reg_reg.
DSP Report: register mac_muladd_8s_8s_32s_32_4_1_U8/dpu_conv_top_mac_muladd_8s_8s_32s_32_4_1_DSP48_0_U/p_reg_reg is absorbed into DSP mac_muladd_8s_8s_32s_32_4_1_U8/dpu_conv_top_mac_muladd_8s_8s_32s_32_4_1_DSP48_0_U/p_reg_reg.
DSP Report: register mac_muladd_8s_8s_32s_32_4_1_U8/dpu_conv_top_mac_muladd_8s_8s_32s_32_4_1_DSP48_0_U/p_reg_reg is absorbed into DSP mac_muladd_8s_8s_32s_32_4_1_U8/dpu_conv_top_mac_muladd_8s_8s_32s_32_4_1_DSP48_0_U/p_reg_reg.
DSP Report: register mac_muladd_8s_8s_32s_32_4_1_U8/dpu_conv_top_mac_muladd_8s_8s_32s_32_4_1_DSP48_0_U/p_reg_reg is absorbed into DSP mac_muladd_8s_8s_32s_32_4_1_U8/dpu_conv_top_mac_muladd_8s_8s_32s_32_4_1_DSP48_0_U/p_reg_reg.
DSP Report: register mac_muladd_8s_8s_32s_32_4_1_U8/dpu_conv_top_mac_muladd_8s_8s_32s_32_4_1_DSP48_0_U/p_reg_reg is absorbed into DSP mac_muladd_8s_8s_32s_32_4_1_U8/dpu_conv_top_mac_muladd_8s_8s_32s_32_4_1_DSP48_0_U/p_reg_reg.
DSP Report: register mac_muladd_8s_8s_32s_32_4_1_U8/dpu_conv_top_mac_muladd_8s_8s_32s_32_4_1_DSP48_0_U/m_reg_reg is absorbed into DSP mac_muladd_8s_8s_32s_32_4_1_U8/dpu_conv_top_mac_muladd_8s_8s_32s_32_4_1_DSP48_0_U/p_reg_reg.
DSP Report: operator mac_muladd_8s_8s_32s_32_4_1_U8/dpu_conv_top_mac_muladd_8s_8s_32s_32_4_1_DSP48_0_U/p is absorbed into DSP mac_muladd_8s_8s_32s_32_4_1_U8/dpu_conv_top_mac_muladd_8s_8s_32s_32_4_1_DSP48_0_U/p_reg_reg.
DSP Report: operator mac_muladd_8s_8s_32s_32_4_1_U8/dpu_conv_top_mac_muladd_8s_8s_32s_32_4_1_DSP48_0_U/m is absorbed into DSP mac_muladd_8s_8s_32s_32_4_1_U8/dpu_conv_top_mac_muladd_8s_8s_32s_32_4_1_DSP48_0_U/p_reg_reg.
DSP Report: Generating DSP mac_muladd_8s_8s_32s_32_4_1_U9/dpu_conv_top_mac_muladd_8s_8s_32s_32_4_1_DSP48_0_U/p_reg_reg, operation Mode is: (C+(A''*B'')')'.
DSP Report: register mac_muladd_8s_8s_32s_32_4_1_U9/dpu_conv_top_mac_muladd_8s_8s_32s_32_4_1_DSP48_0_U/p_reg_reg is absorbed into DSP mac_muladd_8s_8s_32s_32_4_1_U9/dpu_conv_top_mac_muladd_8s_8s_32s_32_4_1_DSP48_0_U/p_reg_reg.
DSP Report: register mac_muladd_8s_8s_32s_32_4_1_U9/dpu_conv_top_mac_muladd_8s_8s_32s_32_4_1_DSP48_0_U/p_reg_reg is absorbed into DSP mac_muladd_8s_8s_32s_32_4_1_U9/dpu_conv_top_mac_muladd_8s_8s_32s_32_4_1_DSP48_0_U/p_reg_reg.
DSP Report: register mac_muladd_8s_8s_32s_32_4_1_U9/dpu_conv_top_mac_muladd_8s_8s_32s_32_4_1_DSP48_0_U/p_reg_reg is absorbed into DSP mac_muladd_8s_8s_32s_32_4_1_U9/dpu_conv_top_mac_muladd_8s_8s_32s_32_4_1_DSP48_0_U/p_reg_reg.
DSP Report: register mac_muladd_8s_8s_32s_32_4_1_U9/dpu_conv_top_mac_muladd_8s_8s_32s_32_4_1_DSP48_0_U/p_reg_reg is absorbed into DSP mac_muladd_8s_8s_32s_32_4_1_U9/dpu_conv_top_mac_muladd_8s_8s_32s_32_4_1_DSP48_0_U/p_reg_reg.
DSP Report: register mac_muladd_8s_8s_32s_32_4_1_U9/dpu_conv_top_mac_muladd_8s_8s_32s_32_4_1_DSP48_0_U/p_reg_reg is absorbed into DSP mac_muladd_8s_8s_32s_32_4_1_U9/dpu_conv_top_mac_muladd_8s_8s_32s_32_4_1_DSP48_0_U/p_reg_reg.
DSP Report: register mac_muladd_8s_8s_32s_32_4_1_U9/dpu_conv_top_mac_muladd_8s_8s_32s_32_4_1_DSP48_0_U/m_reg_reg is absorbed into DSP mac_muladd_8s_8s_32s_32_4_1_U9/dpu_conv_top_mac_muladd_8s_8s_32s_32_4_1_DSP48_0_U/p_reg_reg.
DSP Report: operator mac_muladd_8s_8s_32s_32_4_1_U9/dpu_conv_top_mac_muladd_8s_8s_32s_32_4_1_DSP48_0_U/p is absorbed into DSP mac_muladd_8s_8s_32s_32_4_1_U9/dpu_conv_top_mac_muladd_8s_8s_32s_32_4_1_DSP48_0_U/p_reg_reg.
DSP Report: operator mac_muladd_8s_8s_32s_32_4_1_U9/dpu_conv_top_mac_muladd_8s_8s_32s_32_4_1_DSP48_0_U/m is absorbed into DSP mac_muladd_8s_8s_32s_32_4_1_U9/dpu_conv_top_mac_muladd_8s_8s_32s_32_4_1_DSP48_0_U/p_reg_reg.
DSP Report: Generating DSP mac_muladd_8s_8s_32s_32_4_1_U10/dpu_conv_top_mac_muladd_8s_8s_32s_32_4_1_DSP48_0_U/p_reg_reg, operation Mode is: (C+(A''*B'')')'.
DSP Report: register mac_muladd_8s_8s_32s_32_4_1_U10/dpu_conv_top_mac_muladd_8s_8s_32s_32_4_1_DSP48_0_U/p_reg_reg is absorbed into DSP mac_muladd_8s_8s_32s_32_4_1_U10/dpu_conv_top_mac_muladd_8s_8s_32s_32_4_1_DSP48_0_U/p_reg_reg.
DSP Report: register mac_muladd_8s_8s_32s_32_4_1_U10/dpu_conv_top_mac_muladd_8s_8s_32s_32_4_1_DSP48_0_U/p_reg_reg is absorbed into DSP mac_muladd_8s_8s_32s_32_4_1_U10/dpu_conv_top_mac_muladd_8s_8s_32s_32_4_1_DSP48_0_U/p_reg_reg.
DSP Report: register mac_muladd_8s_8s_32s_32_4_1_U10/dpu_conv_top_mac_muladd_8s_8s_32s_32_4_1_DSP48_0_U/p_reg_reg is absorbed into DSP mac_muladd_8s_8s_32s_32_4_1_U10/dpu_conv_top_mac_muladd_8s_8s_32s_32_4_1_DSP48_0_U/p_reg_reg.
DSP Report: register mac_muladd_8s_8s_32s_32_4_1_U10/dpu_conv_top_mac_muladd_8s_8s_32s_32_4_1_DSP48_0_U/p_reg_reg is absorbed into DSP mac_muladd_8s_8s_32s_32_4_1_U10/dpu_conv_top_mac_muladd_8s_8s_32s_32_4_1_DSP48_0_U/p_reg_reg.
DSP Report: register mac_muladd_8s_8s_32s_32_4_1_U10/dpu_conv_top_mac_muladd_8s_8s_32s_32_4_1_DSP48_0_U/p_reg_reg is absorbed into DSP mac_muladd_8s_8s_32s_32_4_1_U10/dpu_conv_top_mac_muladd_8s_8s_32s_32_4_1_DSP48_0_U/p_reg_reg.
DSP Report: register mac_muladd_8s_8s_32s_32_4_1_U10/dpu_conv_top_mac_muladd_8s_8s_32s_32_4_1_DSP48_0_U/m_reg_reg is absorbed into DSP mac_muladd_8s_8s_32s_32_4_1_U10/dpu_conv_top_mac_muladd_8s_8s_32s_32_4_1_DSP48_0_U/p_reg_reg.
DSP Report: operator mac_muladd_8s_8s_32s_32_4_1_U10/dpu_conv_top_mac_muladd_8s_8s_32s_32_4_1_DSP48_0_U/p is absorbed into DSP mac_muladd_8s_8s_32s_32_4_1_U10/dpu_conv_top_mac_muladd_8s_8s_32s_32_4_1_DSP48_0_U/p_reg_reg.
DSP Report: operator mac_muladd_8s_8s_32s_32_4_1_U10/dpu_conv_top_mac_muladd_8s_8s_32s_32_4_1_DSP48_0_U/m is absorbed into DSP mac_muladd_8s_8s_32s_32_4_1_U10/dpu_conv_top_mac_muladd_8s_8s_32s_32_4_1_DSP48_0_U/p_reg_reg.
DSP Report: Generating DSP mac_muladd_8s_8s_32s_32_4_1_U11/dpu_conv_top_mac_muladd_8s_8s_32s_32_4_1_DSP48_0_U/p_reg_reg, operation Mode is: (C+(A''*B'')')'.
DSP Report: register mac_muladd_8s_8s_32s_32_4_1_U11/dpu_conv_top_mac_muladd_8s_8s_32s_32_4_1_DSP48_0_U/p_reg_reg is absorbed into DSP mac_muladd_8s_8s_32s_32_4_1_U11/dpu_conv_top_mac_muladd_8s_8s_32s_32_4_1_DSP48_0_U/p_reg_reg.
DSP Report: register mac_muladd_8s_8s_32s_32_4_1_U11/dpu_conv_top_mac_muladd_8s_8s_32s_32_4_1_DSP48_0_U/p_reg_reg is absorbed into DSP mac_muladd_8s_8s_32s_32_4_1_U11/dpu_conv_top_mac_muladd_8s_8s_32s_32_4_1_DSP48_0_U/p_reg_reg.
DSP Report: register mac_muladd_8s_8s_32s_32_4_1_U11/dpu_conv_top_mac_muladd_8s_8s_32s_32_4_1_DSP48_0_U/p_reg_reg is absorbed into DSP mac_muladd_8s_8s_32s_32_4_1_U11/dpu_conv_top_mac_muladd_8s_8s_32s_32_4_1_DSP48_0_U/p_reg_reg.
DSP Report: register mac_muladd_8s_8s_32s_32_4_1_U11/dpu_conv_top_mac_muladd_8s_8s_32s_32_4_1_DSP48_0_U/p_reg_reg is absorbed into DSP mac_muladd_8s_8s_32s_32_4_1_U11/dpu_conv_top_mac_muladd_8s_8s_32s_32_4_1_DSP48_0_U/p_reg_reg.
DSP Report: register mac_muladd_8s_8s_32s_32_4_1_U11/dpu_conv_top_mac_muladd_8s_8s_32s_32_4_1_DSP48_0_U/p_reg_reg is absorbed into DSP mac_muladd_8s_8s_32s_32_4_1_U11/dpu_conv_top_mac_muladd_8s_8s_32s_32_4_1_DSP48_0_U/p_reg_reg.
DSP Report: register mac_muladd_8s_8s_32s_32_4_1_U11/dpu_conv_top_mac_muladd_8s_8s_32s_32_4_1_DSP48_0_U/m_reg_reg is absorbed into DSP mac_muladd_8s_8s_32s_32_4_1_U11/dpu_conv_top_mac_muladd_8s_8s_32s_32_4_1_DSP48_0_U/p_reg_reg.
DSP Report: operator mac_muladd_8s_8s_32s_32_4_1_U11/dpu_conv_top_mac_muladd_8s_8s_32s_32_4_1_DSP48_0_U/p is absorbed into DSP mac_muladd_8s_8s_32s_32_4_1_U11/dpu_conv_top_mac_muladd_8s_8s_32s_32_4_1_DSP48_0_U/p_reg_reg.
DSP Report: operator mac_muladd_8s_8s_32s_32_4_1_U11/dpu_conv_top_mac_muladd_8s_8s_32s_32_4_1_DSP48_0_U/m is absorbed into DSP mac_muladd_8s_8s_32s_32_4_1_U11/dpu_conv_top_mac_muladd_8s_8s_32s_32_4_1_DSP48_0_U/p_reg_reg.
DSP Report: Generating DSP mac_muladd_8s_8s_32s_32_4_1_U12/dpu_conv_top_mac_muladd_8s_8s_32s_32_4_1_DSP48_0_U/p_reg_reg, operation Mode is: (C+(A''*B'')')'.
DSP Report: register mac_muladd_8s_8s_32s_32_4_1_U12/dpu_conv_top_mac_muladd_8s_8s_32s_32_4_1_DSP48_0_U/p_reg_reg is absorbed into DSP mac_muladd_8s_8s_32s_32_4_1_U12/dpu_conv_top_mac_muladd_8s_8s_32s_32_4_1_DSP48_0_U/p_reg_reg.
DSP Report: register mac_muladd_8s_8s_32s_32_4_1_U12/dpu_conv_top_mac_muladd_8s_8s_32s_32_4_1_DSP48_0_U/p_reg_reg is absorbed into DSP mac_muladd_8s_8s_32s_32_4_1_U12/dpu_conv_top_mac_muladd_8s_8s_32s_32_4_1_DSP48_0_U/p_reg_reg.
DSP Report: register mac_muladd_8s_8s_32s_32_4_1_U12/dpu_conv_top_mac_muladd_8s_8s_32s_32_4_1_DSP48_0_U/p_reg_reg is absorbed into DSP mac_muladd_8s_8s_32s_32_4_1_U12/dpu_conv_top_mac_muladd_8s_8s_32s_32_4_1_DSP48_0_U/p_reg_reg.
DSP Report: register mac_muladd_8s_8s_32s_32_4_1_U12/dpu_conv_top_mac_muladd_8s_8s_32s_32_4_1_DSP48_0_U/p_reg_reg is absorbed into DSP mac_muladd_8s_8s_32s_32_4_1_U12/dpu_conv_top_mac_muladd_8s_8s_32s_32_4_1_DSP48_0_U/p_reg_reg.
DSP Report: register mac_muladd_8s_8s_32s_32_4_1_U12/dpu_conv_top_mac_muladd_8s_8s_32s_32_4_1_DSP48_0_U/p_reg_reg is absorbed into DSP mac_muladd_8s_8s_32s_32_4_1_U12/dpu_conv_top_mac_muladd_8s_8s_32s_32_4_1_DSP48_0_U/p_reg_reg.
DSP Report: register mac_muladd_8s_8s_32s_32_4_1_U12/dpu_conv_top_mac_muladd_8s_8s_32s_32_4_1_DSP48_0_U/m_reg_reg is absorbed into DSP mac_muladd_8s_8s_32s_32_4_1_U12/dpu_conv_top_mac_muladd_8s_8s_32s_32_4_1_DSP48_0_U/p_reg_reg.
DSP Report: operator mac_muladd_8s_8s_32s_32_4_1_U12/dpu_conv_top_mac_muladd_8s_8s_32s_32_4_1_DSP48_0_U/p is absorbed into DSP mac_muladd_8s_8s_32s_32_4_1_U12/dpu_conv_top_mac_muladd_8s_8s_32s_32_4_1_DSP48_0_U/p_reg_reg.
DSP Report: operator mac_muladd_8s_8s_32s_32_4_1_U12/dpu_conv_top_mac_muladd_8s_8s_32s_32_4_1_DSP48_0_U/m is absorbed into DSP mac_muladd_8s_8s_32s_32_4_1_U12/dpu_conv_top_mac_muladd_8s_8s_32s_32_4_1_DSP48_0_U/p_reg_reg.
DSP Report: Generating DSP mac_muladd_8s_8s_32s_32_4_1_U13/dpu_conv_top_mac_muladd_8s_8s_32s_32_4_1_DSP48_0_U/p_reg_reg, operation Mode is: (C+(A''*B'')')'.
DSP Report: register mac_muladd_8s_8s_32s_32_4_1_U13/dpu_conv_top_mac_muladd_8s_8s_32s_32_4_1_DSP48_0_U/p_reg_reg is absorbed into DSP mac_muladd_8s_8s_32s_32_4_1_U13/dpu_conv_top_mac_muladd_8s_8s_32s_32_4_1_DSP48_0_U/p_reg_reg.
DSP Report: register mac_muladd_8s_8s_32s_32_4_1_U13/dpu_conv_top_mac_muladd_8s_8s_32s_32_4_1_DSP48_0_U/p_reg_reg is absorbed into DSP mac_muladd_8s_8s_32s_32_4_1_U13/dpu_conv_top_mac_muladd_8s_8s_32s_32_4_1_DSP48_0_U/p_reg_reg.
DSP Report: register mac_muladd_8s_8s_32s_32_4_1_U13/dpu_conv_top_mac_muladd_8s_8s_32s_32_4_1_DSP48_0_U/p_reg_reg is absorbed into DSP mac_muladd_8s_8s_32s_32_4_1_U13/dpu_conv_top_mac_muladd_8s_8s_32s_32_4_1_DSP48_0_U/p_reg_reg.
DSP Report: register mac_muladd_8s_8s_32s_32_4_1_U13/dpu_conv_top_mac_muladd_8s_8s_32s_32_4_1_DSP48_0_U/p_reg_reg is absorbed into DSP mac_muladd_8s_8s_32s_32_4_1_U13/dpu_conv_top_mac_muladd_8s_8s_32s_32_4_1_DSP48_0_U/p_reg_reg.
DSP Report: register mac_muladd_8s_8s_32s_32_4_1_U13/dpu_conv_top_mac_muladd_8s_8s_32s_32_4_1_DSP48_0_U/p_reg_reg is absorbed into DSP mac_muladd_8s_8s_32s_32_4_1_U13/dpu_conv_top_mac_muladd_8s_8s_32s_32_4_1_DSP48_0_U/p_reg_reg.
DSP Report: register mac_muladd_8s_8s_32s_32_4_1_U13/dpu_conv_top_mac_muladd_8s_8s_32s_32_4_1_DSP48_0_U/m_reg_reg is absorbed into DSP mac_muladd_8s_8s_32s_32_4_1_U13/dpu_conv_top_mac_muladd_8s_8s_32s_32_4_1_DSP48_0_U/p_reg_reg.
DSP Report: operator mac_muladd_8s_8s_32s_32_4_1_U13/dpu_conv_top_mac_muladd_8s_8s_32s_32_4_1_DSP48_0_U/p is absorbed into DSP mac_muladd_8s_8s_32s_32_4_1_U13/dpu_conv_top_mac_muladd_8s_8s_32s_32_4_1_DSP48_0_U/p_reg_reg.
DSP Report: operator mac_muladd_8s_8s_32s_32_4_1_U13/dpu_conv_top_mac_muladd_8s_8s_32s_32_4_1_DSP48_0_U/m is absorbed into DSP mac_muladd_8s_8s_32s_32_4_1_U13/dpu_conv_top_mac_muladd_8s_8s_32s_32_4_1_DSP48_0_U/p_reg_reg.
DSP Report: Generating DSP mac_muladd_8s_8s_32s_32_4_1_U14/dpu_conv_top_mac_muladd_8s_8s_32s_32_4_1_DSP48_0_U/p_reg_reg, operation Mode is: (PCIN or C')+(A''*B'')'.
DSP Report: register mac_muladd_8s_8s_32s_32_4_1_U14/dpu_conv_top_mac_muladd_8s_8s_32s_32_4_1_DSP48_0_U/p_reg_reg is absorbed into DSP mac_muladd_8s_8s_32s_32_4_1_U14/dpu_conv_top_mac_muladd_8s_8s_32s_32_4_1_DSP48_0_U/p_reg_reg.
DSP Report: register mac_muladd_8s_8s_32s_32_4_1_U14/dpu_conv_top_mac_muladd_8s_8s_32s_32_4_1_DSP48_0_U/p_reg_reg is absorbed into DSP mac_muladd_8s_8s_32s_32_4_1_U14/dpu_conv_top_mac_muladd_8s_8s_32s_32_4_1_DSP48_0_U/p_reg_reg.
DSP Report: register mac_muladd_8s_8s_32s_32_4_1_U14/dpu_conv_top_mac_muladd_8s_8s_32s_32_4_1_DSP48_0_U/p_reg_reg is absorbed into DSP mac_muladd_8s_8s_32s_32_4_1_U14/dpu_conv_top_mac_muladd_8s_8s_32s_32_4_1_DSP48_0_U/p_reg_reg.
DSP Report: register mac_muladd_8s_8s_32s_32_4_1_U14/dpu_conv_top_mac_muladd_8s_8s_32s_32_4_1_DSP48_0_U/p_reg_reg is absorbed into DSP mac_muladd_8s_8s_32s_32_4_1_U14/dpu_conv_top_mac_muladd_8s_8s_32s_32_4_1_DSP48_0_U/p_reg_reg.
DSP Report: register ap_phi_reg_pp0_iter0_acc_26_reg_1101_reg is absorbed into DSP mac_muladd_8s_8s_32s_32_4_1_U14/dpu_conv_top_mac_muladd_8s_8s_32s_32_4_1_DSP48_0_U/p_reg_reg.
DSP Report: register mac_muladd_8s_8s_32s_32_4_1_U14/dpu_conv_top_mac_muladd_8s_8s_32s_32_4_1_DSP48_0_U/p_reg_reg is absorbed into DSP mac_muladd_8s_8s_32s_32_4_1_U14/dpu_conv_top_mac_muladd_8s_8s_32s_32_4_1_DSP48_0_U/p_reg_reg.
DSP Report: register mac_muladd_8s_8s_32s_32_4_1_U14/dpu_conv_top_mac_muladd_8s_8s_32s_32_4_1_DSP48_0_U/m_reg_reg is absorbed into DSP mac_muladd_8s_8s_32s_32_4_1_U14/dpu_conv_top_mac_muladd_8s_8s_32s_32_4_1_DSP48_0_U/p_reg_reg.
DSP Report: operator mac_muladd_8s_8s_32s_32_4_1_U14/dpu_conv_top_mac_muladd_8s_8s_32s_32_4_1_DSP48_0_U/p is absorbed into DSP mac_muladd_8s_8s_32s_32_4_1_U14/dpu_conv_top_mac_muladd_8s_8s_32s_32_4_1_DSP48_0_U/p_reg_reg.
DSP Report: operator mac_muladd_8s_8s_32s_32_4_1_U14/dpu_conv_top_mac_muladd_8s_8s_32s_32_4_1_DSP48_0_U/m is absorbed into DSP mac_muladd_8s_8s_32s_32_4_1_U14/dpu_conv_top_mac_muladd_8s_8s_32s_32_4_1_DSP48_0_U/p_reg_reg.
DSP Report: Generating DSP mac_muladd_8s_8s_32s_32_4_1_U15/dpu_conv_top_mac_muladd_8s_8s_32s_32_4_1_DSP48_0_U/p_reg_reg, operation Mode is: (PCIN+(A''*B'')')'.
DSP Report: register mac_muladd_8s_8s_32s_32_4_1_U15/dpu_conv_top_mac_muladd_8s_8s_32s_32_4_1_DSP48_0_U/p_reg_reg is absorbed into DSP mac_muladd_8s_8s_32s_32_4_1_U15/dpu_conv_top_mac_muladd_8s_8s_32s_32_4_1_DSP48_0_U/p_reg_reg.
DSP Report: register mac_muladd_8s_8s_32s_32_4_1_U15/dpu_conv_top_mac_muladd_8s_8s_32s_32_4_1_DSP48_0_U/p_reg_reg is absorbed into DSP mac_muladd_8s_8s_32s_32_4_1_U15/dpu_conv_top_mac_muladd_8s_8s_32s_32_4_1_DSP48_0_U/p_reg_reg.
DSP Report: register mac_muladd_8s_8s_32s_32_4_1_U15/dpu_conv_top_mac_muladd_8s_8s_32s_32_4_1_DSP48_0_U/p_reg_reg is absorbed into DSP mac_muladd_8s_8s_32s_32_4_1_U15/dpu_conv_top_mac_muladd_8s_8s_32s_32_4_1_DSP48_0_U/p_reg_reg.
DSP Report: register mac_muladd_8s_8s_32s_32_4_1_U15/dpu_conv_top_mac_muladd_8s_8s_32s_32_4_1_DSP48_0_U/p_reg_reg is absorbed into DSP mac_muladd_8s_8s_32s_32_4_1_U15/dpu_conv_top_mac_muladd_8s_8s_32s_32_4_1_DSP48_0_U/p_reg_reg.
DSP Report: register mac_muladd_8s_8s_32s_32_4_1_U15/dpu_conv_top_mac_muladd_8s_8s_32s_32_4_1_DSP48_0_U/p_reg_reg is absorbed into DSP mac_muladd_8s_8s_32s_32_4_1_U15/dpu_conv_top_mac_muladd_8s_8s_32s_32_4_1_DSP48_0_U/p_reg_reg.
DSP Report: register mac_muladd_8s_8s_32s_32_4_1_U15/dpu_conv_top_mac_muladd_8s_8s_32s_32_4_1_DSP48_0_U/m_reg_reg is absorbed into DSP mac_muladd_8s_8s_32s_32_4_1_U15/dpu_conv_top_mac_muladd_8s_8s_32s_32_4_1_DSP48_0_U/p_reg_reg.
DSP Report: operator mac_muladd_8s_8s_32s_32_4_1_U15/dpu_conv_top_mac_muladd_8s_8s_32s_32_4_1_DSP48_0_U/p is absorbed into DSP mac_muladd_8s_8s_32s_32_4_1_U15/dpu_conv_top_mac_muladd_8s_8s_32s_32_4_1_DSP48_0_U/p_reg_reg.
DSP Report: operator mac_muladd_8s_8s_32s_32_4_1_U15/dpu_conv_top_mac_muladd_8s_8s_32s_32_4_1_DSP48_0_U/m is absorbed into DSP mac_muladd_8s_8s_32s_32_4_1_U15/dpu_conv_top_mac_muladd_8s_8s_32s_32_4_1_DSP48_0_U/p_reg_reg.
DSP Report: Generating DSP mac_muladd_8s_8s_32s_32_4_1_U16/dpu_conv_top_mac_muladd_8s_8s_32s_32_4_1_DSP48_0_U/p_reg_reg, operation Mode is: (C+(A''*B'')')'.
DSP Report: register mac_muladd_8s_8s_32s_32_4_1_U16/dpu_conv_top_mac_muladd_8s_8s_32s_32_4_1_DSP48_0_U/p_reg_reg is absorbed into DSP mac_muladd_8s_8s_32s_32_4_1_U16/dpu_conv_top_mac_muladd_8s_8s_32s_32_4_1_DSP48_0_U/p_reg_reg.
DSP Report: register mac_muladd_8s_8s_32s_32_4_1_U16/dpu_conv_top_mac_muladd_8s_8s_32s_32_4_1_DSP48_0_U/p_reg_reg is absorbed into DSP mac_muladd_8s_8s_32s_32_4_1_U16/dpu_conv_top_mac_muladd_8s_8s_32s_32_4_1_DSP48_0_U/p_reg_reg.
DSP Report: register mac_muladd_8s_8s_32s_32_4_1_U16/dpu_conv_top_mac_muladd_8s_8s_32s_32_4_1_DSP48_0_U/p_reg_reg is absorbed into DSP mac_muladd_8s_8s_32s_32_4_1_U16/dpu_conv_top_mac_muladd_8s_8s_32s_32_4_1_DSP48_0_U/p_reg_reg.
DSP Report: register mac_muladd_8s_8s_32s_32_4_1_U16/dpu_conv_top_mac_muladd_8s_8s_32s_32_4_1_DSP48_0_U/p_reg_reg is absorbed into DSP mac_muladd_8s_8s_32s_32_4_1_U16/dpu_conv_top_mac_muladd_8s_8s_32s_32_4_1_DSP48_0_U/p_reg_reg.
DSP Report: register mac_muladd_8s_8s_32s_32_4_1_U16/dpu_conv_top_mac_muladd_8s_8s_32s_32_4_1_DSP48_0_U/p_reg_reg is absorbed into DSP mac_muladd_8s_8s_32s_32_4_1_U16/dpu_conv_top_mac_muladd_8s_8s_32s_32_4_1_DSP48_0_U/p_reg_reg.
DSP Report: register mac_muladd_8s_8s_32s_32_4_1_U16/dpu_conv_top_mac_muladd_8s_8s_32s_32_4_1_DSP48_0_U/m_reg_reg is absorbed into DSP mac_muladd_8s_8s_32s_32_4_1_U16/dpu_conv_top_mac_muladd_8s_8s_32s_32_4_1_DSP48_0_U/p_reg_reg.
DSP Report: operator mac_muladd_8s_8s_32s_32_4_1_U16/dpu_conv_top_mac_muladd_8s_8s_32s_32_4_1_DSP48_0_U/p is absorbed into DSP mac_muladd_8s_8s_32s_32_4_1_U16/dpu_conv_top_mac_muladd_8s_8s_32s_32_4_1_DSP48_0_U/p_reg_reg.
DSP Report: operator mac_muladd_8s_8s_32s_32_4_1_U16/dpu_conv_top_mac_muladd_8s_8s_32s_32_4_1_DSP48_0_U/m is absorbed into DSP mac_muladd_8s_8s_32s_32_4_1_U16/dpu_conv_top_mac_muladd_8s_8s_32s_32_4_1_DSP48_0_U/p_reg_reg.
DSP Report: Generating DSP mac_muladd_8s_8s_32s_32_4_1_U17/dpu_conv_top_mac_muladd_8s_8s_32s_32_4_1_DSP48_0_U/p_reg_reg, operation Mode is: (C+(A''*B'')')'.
DSP Report: register mac_muladd_8s_8s_32s_32_4_1_U17/dpu_conv_top_mac_muladd_8s_8s_32s_32_4_1_DSP48_0_U/p_reg_reg is absorbed into DSP mac_muladd_8s_8s_32s_32_4_1_U17/dpu_conv_top_mac_muladd_8s_8s_32s_32_4_1_DSP48_0_U/p_reg_reg.
DSP Report: register mac_muladd_8s_8s_32s_32_4_1_U17/dpu_conv_top_mac_muladd_8s_8s_32s_32_4_1_DSP48_0_U/p_reg_reg is absorbed into DSP mac_muladd_8s_8s_32s_32_4_1_U17/dpu_conv_top_mac_muladd_8s_8s_32s_32_4_1_DSP48_0_U/p_reg_reg.
DSP Report: register mac_muladd_8s_8s_32s_32_4_1_U17/dpu_conv_top_mac_muladd_8s_8s_32s_32_4_1_DSP48_0_U/p_reg_reg is absorbed into DSP mac_muladd_8s_8s_32s_32_4_1_U17/dpu_conv_top_mac_muladd_8s_8s_32s_32_4_1_DSP48_0_U/p_reg_reg.
DSP Report: register mac_muladd_8s_8s_32s_32_4_1_U17/dpu_conv_top_mac_muladd_8s_8s_32s_32_4_1_DSP48_0_U/p_reg_reg is absorbed into DSP mac_muladd_8s_8s_32s_32_4_1_U17/dpu_conv_top_mac_muladd_8s_8s_32s_32_4_1_DSP48_0_U/p_reg_reg.
DSP Report: register mac_muladd_8s_8s_32s_32_4_1_U17/dpu_conv_top_mac_muladd_8s_8s_32s_32_4_1_DSP48_0_U/p_reg_reg is absorbed into DSP mac_muladd_8s_8s_32s_32_4_1_U17/dpu_conv_top_mac_muladd_8s_8s_32s_32_4_1_DSP48_0_U/p_reg_reg.
DSP Report: register mac_muladd_8s_8s_32s_32_4_1_U17/dpu_conv_top_mac_muladd_8s_8s_32s_32_4_1_DSP48_0_U/m_reg_reg is absorbed into DSP mac_muladd_8s_8s_32s_32_4_1_U17/dpu_conv_top_mac_muladd_8s_8s_32s_32_4_1_DSP48_0_U/p_reg_reg.
DSP Report: operator mac_muladd_8s_8s_32s_32_4_1_U17/dpu_conv_top_mac_muladd_8s_8s_32s_32_4_1_DSP48_0_U/p is absorbed into DSP mac_muladd_8s_8s_32s_32_4_1_U17/dpu_conv_top_mac_muladd_8s_8s_32s_32_4_1_DSP48_0_U/p_reg_reg.
DSP Report: operator mac_muladd_8s_8s_32s_32_4_1_U17/dpu_conv_top_mac_muladd_8s_8s_32s_32_4_1_DSP48_0_U/m is absorbed into DSP mac_muladd_8s_8s_32s_32_4_1_U17/dpu_conv_top_mac_muladd_8s_8s_32s_32_4_1_DSP48_0_U/p_reg_reg.
DSP Report: Generating DSP mac_muladd_8s_8s_32s_32_4_1_U18/dpu_conv_top_mac_muladd_8s_8s_32s_32_4_1_DSP48_0_U/p_reg_reg, operation Mode is: (C+(A''*B'')')'.
DSP Report: register mac_muladd_8s_8s_32s_32_4_1_U18/dpu_conv_top_mac_muladd_8s_8s_32s_32_4_1_DSP48_0_U/p_reg_reg is absorbed into DSP mac_muladd_8s_8s_32s_32_4_1_U18/dpu_conv_top_mac_muladd_8s_8s_32s_32_4_1_DSP48_0_U/p_reg_reg.
DSP Report: register mac_muladd_8s_8s_32s_32_4_1_U18/dpu_conv_top_mac_muladd_8s_8s_32s_32_4_1_DSP48_0_U/p_reg_reg is absorbed into DSP mac_muladd_8s_8s_32s_32_4_1_U18/dpu_conv_top_mac_muladd_8s_8s_32s_32_4_1_DSP48_0_U/p_reg_reg.
DSP Report: register mac_muladd_8s_8s_32s_32_4_1_U18/dpu_conv_top_mac_muladd_8s_8s_32s_32_4_1_DSP48_0_U/p_reg_reg is absorbed into DSP mac_muladd_8s_8s_32s_32_4_1_U18/dpu_conv_top_mac_muladd_8s_8s_32s_32_4_1_DSP48_0_U/p_reg_reg.
DSP Report: register mac_muladd_8s_8s_32s_32_4_1_U18/dpu_conv_top_mac_muladd_8s_8s_32s_32_4_1_DSP48_0_U/p_reg_reg is absorbed into DSP mac_muladd_8s_8s_32s_32_4_1_U18/dpu_conv_top_mac_muladd_8s_8s_32s_32_4_1_DSP48_0_U/p_reg_reg.
DSP Report: register mac_muladd_8s_8s_32s_32_4_1_U18/dpu_conv_top_mac_muladd_8s_8s_32s_32_4_1_DSP48_0_U/p_reg_reg is absorbed into DSP mac_muladd_8s_8s_32s_32_4_1_U18/dpu_conv_top_mac_muladd_8s_8s_32s_32_4_1_DSP48_0_U/p_reg_reg.
DSP Report: register mac_muladd_8s_8s_32s_32_4_1_U18/dpu_conv_top_mac_muladd_8s_8s_32s_32_4_1_DSP48_0_U/m_reg_reg is absorbed into DSP mac_muladd_8s_8s_32s_32_4_1_U18/dpu_conv_top_mac_muladd_8s_8s_32s_32_4_1_DSP48_0_U/p_reg_reg.
DSP Report: operator mac_muladd_8s_8s_32s_32_4_1_U18/dpu_conv_top_mac_muladd_8s_8s_32s_32_4_1_DSP48_0_U/p is absorbed into DSP mac_muladd_8s_8s_32s_32_4_1_U18/dpu_conv_top_mac_muladd_8s_8s_32s_32_4_1_DSP48_0_U/p_reg_reg.
DSP Report: operator mac_muladd_8s_8s_32s_32_4_1_U18/dpu_conv_top_mac_muladd_8s_8s_32s_32_4_1_DSP48_0_U/m is absorbed into DSP mac_muladd_8s_8s_32s_32_4_1_U18/dpu_conv_top_mac_muladd_8s_8s_32s_32_4_1_DSP48_0_U/p_reg_reg.
DSP Report: Generating DSP mac_muladd_8s_8s_32s_32_4_1_U19/dpu_conv_top_mac_muladd_8s_8s_32s_32_4_1_DSP48_0_U/p_reg_reg, operation Mode is: (C+(A''*B'')')'.
DSP Report: register mac_muladd_8s_8s_32s_32_4_1_U19/dpu_conv_top_mac_muladd_8s_8s_32s_32_4_1_DSP48_0_U/p_reg_reg is absorbed into DSP mac_muladd_8s_8s_32s_32_4_1_U19/dpu_conv_top_mac_muladd_8s_8s_32s_32_4_1_DSP48_0_U/p_reg_reg.
DSP Report: register mac_muladd_8s_8s_32s_32_4_1_U19/dpu_conv_top_mac_muladd_8s_8s_32s_32_4_1_DSP48_0_U/p_reg_reg is absorbed into DSP mac_muladd_8s_8s_32s_32_4_1_U19/dpu_conv_top_mac_muladd_8s_8s_32s_32_4_1_DSP48_0_U/p_reg_reg.
DSP Report: register mac_muladd_8s_8s_32s_32_4_1_U19/dpu_conv_top_mac_muladd_8s_8s_32s_32_4_1_DSP48_0_U/p_reg_reg is absorbed into DSP mac_muladd_8s_8s_32s_32_4_1_U19/dpu_conv_top_mac_muladd_8s_8s_32s_32_4_1_DSP48_0_U/p_reg_reg.
DSP Report: register mac_muladd_8s_8s_32s_32_4_1_U19/dpu_conv_top_mac_muladd_8s_8s_32s_32_4_1_DSP48_0_U/p_reg_reg is absorbed into DSP mac_muladd_8s_8s_32s_32_4_1_U19/dpu_conv_top_mac_muladd_8s_8s_32s_32_4_1_DSP48_0_U/p_reg_reg.
DSP Report: register mac_muladd_8s_8s_32s_32_4_1_U19/dpu_conv_top_mac_muladd_8s_8s_32s_32_4_1_DSP48_0_U/p_reg_reg is absorbed into DSP mac_muladd_8s_8s_32s_32_4_1_U19/dpu_conv_top_mac_muladd_8s_8s_32s_32_4_1_DSP48_0_U/p_reg_reg.
DSP Report: register mac_muladd_8s_8s_32s_32_4_1_U19/dpu_conv_top_mac_muladd_8s_8s_32s_32_4_1_DSP48_0_U/m_reg_reg is absorbed into DSP mac_muladd_8s_8s_32s_32_4_1_U19/dpu_conv_top_mac_muladd_8s_8s_32s_32_4_1_DSP48_0_U/p_reg_reg.
DSP Report: operator mac_muladd_8s_8s_32s_32_4_1_U19/dpu_conv_top_mac_muladd_8s_8s_32s_32_4_1_DSP48_0_U/p is absorbed into DSP mac_muladd_8s_8s_32s_32_4_1_U19/dpu_conv_top_mac_muladd_8s_8s_32s_32_4_1_DSP48_0_U/p_reg_reg.
DSP Report: operator mac_muladd_8s_8s_32s_32_4_1_U19/dpu_conv_top_mac_muladd_8s_8s_32s_32_4_1_DSP48_0_U/m is absorbed into DSP mac_muladd_8s_8s_32s_32_4_1_U19/dpu_conv_top_mac_muladd_8s_8s_32s_32_4_1_DSP48_0_U/p_reg_reg.
DSP Report: Generating DSP mac_muladd_8s_8s_32s_32_4_1_U20/dpu_conv_top_mac_muladd_8s_8s_32s_32_4_1_DSP48_0_U/p_reg_reg, operation Mode is: (C+(A''*B'')')'.
DSP Report: register mac_muladd_8s_8s_32s_32_4_1_U20/dpu_conv_top_mac_muladd_8s_8s_32s_32_4_1_DSP48_0_U/p_reg_reg is absorbed into DSP mac_muladd_8s_8s_32s_32_4_1_U20/dpu_conv_top_mac_muladd_8s_8s_32s_32_4_1_DSP48_0_U/p_reg_reg.
DSP Report: register mac_muladd_8s_8s_32s_32_4_1_U20/dpu_conv_top_mac_muladd_8s_8s_32s_32_4_1_DSP48_0_U/p_reg_reg is absorbed into DSP mac_muladd_8s_8s_32s_32_4_1_U20/dpu_conv_top_mac_muladd_8s_8s_32s_32_4_1_DSP48_0_U/p_reg_reg.
DSP Report: register mac_muladd_8s_8s_32s_32_4_1_U20/dpu_conv_top_mac_muladd_8s_8s_32s_32_4_1_DSP48_0_U/p_reg_reg is absorbed into DSP mac_muladd_8s_8s_32s_32_4_1_U20/dpu_conv_top_mac_muladd_8s_8s_32s_32_4_1_DSP48_0_U/p_reg_reg.
DSP Report: register mac_muladd_8s_8s_32s_32_4_1_U20/dpu_conv_top_mac_muladd_8s_8s_32s_32_4_1_DSP48_0_U/p_reg_reg is absorbed into DSP mac_muladd_8s_8s_32s_32_4_1_U20/dpu_conv_top_mac_muladd_8s_8s_32s_32_4_1_DSP48_0_U/p_reg_reg.
DSP Report: register mac_muladd_8s_8s_32s_32_4_1_U20/dpu_conv_top_mac_muladd_8s_8s_32s_32_4_1_DSP48_0_U/p_reg_reg is absorbed into DSP mac_muladd_8s_8s_32s_32_4_1_U20/dpu_conv_top_mac_muladd_8s_8s_32s_32_4_1_DSP48_0_U/p_reg_reg.
DSP Report: register mac_muladd_8s_8s_32s_32_4_1_U20/dpu_conv_top_mac_muladd_8s_8s_32s_32_4_1_DSP48_0_U/m_reg_reg is absorbed into DSP mac_muladd_8s_8s_32s_32_4_1_U20/dpu_conv_top_mac_muladd_8s_8s_32s_32_4_1_DSP48_0_U/p_reg_reg.
DSP Report: operator mac_muladd_8s_8s_32s_32_4_1_U20/dpu_conv_top_mac_muladd_8s_8s_32s_32_4_1_DSP48_0_U/p is absorbed into DSP mac_muladd_8s_8s_32s_32_4_1_U20/dpu_conv_top_mac_muladd_8s_8s_32s_32_4_1_DSP48_0_U/p_reg_reg.
DSP Report: operator mac_muladd_8s_8s_32s_32_4_1_U20/dpu_conv_top_mac_muladd_8s_8s_32s_32_4_1_DSP48_0_U/m is absorbed into DSP mac_muladd_8s_8s_32s_32_4_1_U20/dpu_conv_top_mac_muladd_8s_8s_32s_32_4_1_DSP48_0_U/p_reg_reg.
DSP Report: Generating DSP mac_muladd_8s_8s_32s_32_4_1_U21/dpu_conv_top_mac_muladd_8s_8s_32s_32_4_1_DSP48_0_U/p_reg_reg, operation Mode is: (C+(A''*B'')')'.
DSP Report: register mac_muladd_8s_8s_32s_32_4_1_U21/dpu_conv_top_mac_muladd_8s_8s_32s_32_4_1_DSP48_0_U/p_reg_reg is absorbed into DSP mac_muladd_8s_8s_32s_32_4_1_U21/dpu_conv_top_mac_muladd_8s_8s_32s_32_4_1_DSP48_0_U/p_reg_reg.
DSP Report: register mac_muladd_8s_8s_32s_32_4_1_U21/dpu_conv_top_mac_muladd_8s_8s_32s_32_4_1_DSP48_0_U/p_reg_reg is absorbed into DSP mac_muladd_8s_8s_32s_32_4_1_U21/dpu_conv_top_mac_muladd_8s_8s_32s_32_4_1_DSP48_0_U/p_reg_reg.
DSP Report: register mac_muladd_8s_8s_32s_32_4_1_U21/dpu_conv_top_mac_muladd_8s_8s_32s_32_4_1_DSP48_0_U/p_reg_reg is absorbed into DSP mac_muladd_8s_8s_32s_32_4_1_U21/dpu_conv_top_mac_muladd_8s_8s_32s_32_4_1_DSP48_0_U/p_reg_reg.
DSP Report: register mac_muladd_8s_8s_32s_32_4_1_U21/dpu_conv_top_mac_muladd_8s_8s_32s_32_4_1_DSP48_0_U/p_reg_reg is absorbed into DSP mac_muladd_8s_8s_32s_32_4_1_U21/dpu_conv_top_mac_muladd_8s_8s_32s_32_4_1_DSP48_0_U/p_reg_reg.
DSP Report: register mac_muladd_8s_8s_32s_32_4_1_U21/dpu_conv_top_mac_muladd_8s_8s_32s_32_4_1_DSP48_0_U/p_reg_reg is absorbed into DSP mac_muladd_8s_8s_32s_32_4_1_U21/dpu_conv_top_mac_muladd_8s_8s_32s_32_4_1_DSP48_0_U/p_reg_reg.
DSP Report: register mac_muladd_8s_8s_32s_32_4_1_U21/dpu_conv_top_mac_muladd_8s_8s_32s_32_4_1_DSP48_0_U/m_reg_reg is absorbed into DSP mac_muladd_8s_8s_32s_32_4_1_U21/dpu_conv_top_mac_muladd_8s_8s_32s_32_4_1_DSP48_0_U/p_reg_reg.
DSP Report: operator mac_muladd_8s_8s_32s_32_4_1_U21/dpu_conv_top_mac_muladd_8s_8s_32s_32_4_1_DSP48_0_U/p is absorbed into DSP mac_muladd_8s_8s_32s_32_4_1_U21/dpu_conv_top_mac_muladd_8s_8s_32s_32_4_1_DSP48_0_U/p_reg_reg.
DSP Report: operator mac_muladd_8s_8s_32s_32_4_1_U21/dpu_conv_top_mac_muladd_8s_8s_32s_32_4_1_DSP48_0_U/m is absorbed into DSP mac_muladd_8s_8s_32s_32_4_1_U21/dpu_conv_top_mac_muladd_8s_8s_32s_32_4_1_DSP48_0_U/p_reg_reg.
DSP Report: Generating DSP mac_muladd_8s_8s_32s_32_4_1_U22/dpu_conv_top_mac_muladd_8s_8s_32s_32_4_1_DSP48_0_U/p_reg_reg, operation Mode is: (C+(A''*B'')')'.
DSP Report: register mac_muladd_8s_8s_32s_32_4_1_U22/dpu_conv_top_mac_muladd_8s_8s_32s_32_4_1_DSP48_0_U/p_reg_reg is absorbed into DSP mac_muladd_8s_8s_32s_32_4_1_U22/dpu_conv_top_mac_muladd_8s_8s_32s_32_4_1_DSP48_0_U/p_reg_reg.
DSP Report: register mac_muladd_8s_8s_32s_32_4_1_U22/dpu_conv_top_mac_muladd_8s_8s_32s_32_4_1_DSP48_0_U/p_reg_reg is absorbed into DSP mac_muladd_8s_8s_32s_32_4_1_U22/dpu_conv_top_mac_muladd_8s_8s_32s_32_4_1_DSP48_0_U/p_reg_reg.
DSP Report: register mac_muladd_8s_8s_32s_32_4_1_U22/dpu_conv_top_mac_muladd_8s_8s_32s_32_4_1_DSP48_0_U/p_reg_reg is absorbed into DSP mac_muladd_8s_8s_32s_32_4_1_U22/dpu_conv_top_mac_muladd_8s_8s_32s_32_4_1_DSP48_0_U/p_reg_reg.
DSP Report: register mac_muladd_8s_8s_32s_32_4_1_U22/dpu_conv_top_mac_muladd_8s_8s_32s_32_4_1_DSP48_0_U/p_reg_reg is absorbed into DSP mac_muladd_8s_8s_32s_32_4_1_U22/dpu_conv_top_mac_muladd_8s_8s_32s_32_4_1_DSP48_0_U/p_reg_reg.
DSP Report: register mac_muladd_8s_8s_32s_32_4_1_U22/dpu_conv_top_mac_muladd_8s_8s_32s_32_4_1_DSP48_0_U/p_reg_reg is absorbed into DSP mac_muladd_8s_8s_32s_32_4_1_U22/dpu_conv_top_mac_muladd_8s_8s_32s_32_4_1_DSP48_0_U/p_reg_reg.
DSP Report: register mac_muladd_8s_8s_32s_32_4_1_U22/dpu_conv_top_mac_muladd_8s_8s_32s_32_4_1_DSP48_0_U/m_reg_reg is absorbed into DSP mac_muladd_8s_8s_32s_32_4_1_U22/dpu_conv_top_mac_muladd_8s_8s_32s_32_4_1_DSP48_0_U/p_reg_reg.
DSP Report: operator mac_muladd_8s_8s_32s_32_4_1_U22/dpu_conv_top_mac_muladd_8s_8s_32s_32_4_1_DSP48_0_U/p is absorbed into DSP mac_muladd_8s_8s_32s_32_4_1_U22/dpu_conv_top_mac_muladd_8s_8s_32s_32_4_1_DSP48_0_U/p_reg_reg.
DSP Report: operator mac_muladd_8s_8s_32s_32_4_1_U22/dpu_conv_top_mac_muladd_8s_8s_32s_32_4_1_DSP48_0_U/m is absorbed into DSP mac_muladd_8s_8s_32s_32_4_1_U22/dpu_conv_top_mac_muladd_8s_8s_32s_32_4_1_DSP48_0_U/p_reg_reg.
DSP Report: Generating DSP mac_muladd_8s_8s_32s_32_4_1_U23/dpu_conv_top_mac_muladd_8s_8s_32s_32_4_1_DSP48_0_U/p_reg_reg, operation Mode is: (PCIN or C')+(A''*B'')'.
DSP Report: register mac_muladd_8s_8s_32s_32_4_1_U23/dpu_conv_top_mac_muladd_8s_8s_32s_32_4_1_DSP48_0_U/p_reg_reg is absorbed into DSP mac_muladd_8s_8s_32s_32_4_1_U23/dpu_conv_top_mac_muladd_8s_8s_32s_32_4_1_DSP48_0_U/p_reg_reg.
DSP Report: register mac_muladd_8s_8s_32s_32_4_1_U23/dpu_conv_top_mac_muladd_8s_8s_32s_32_4_1_DSP48_0_U/p_reg_reg is absorbed into DSP mac_muladd_8s_8s_32s_32_4_1_U23/dpu_conv_top_mac_muladd_8s_8s_32s_32_4_1_DSP48_0_U/p_reg_reg.
DSP Report: register mac_muladd_8s_8s_32s_32_4_1_U23/dpu_conv_top_mac_muladd_8s_8s_32s_32_4_1_DSP48_0_U/p_reg_reg is absorbed into DSP mac_muladd_8s_8s_32s_32_4_1_U23/dpu_conv_top_mac_muladd_8s_8s_32s_32_4_1_DSP48_0_U/p_reg_reg.
DSP Report: register mac_muladd_8s_8s_32s_32_4_1_U23/dpu_conv_top_mac_muladd_8s_8s_32s_32_4_1_DSP48_0_U/p_reg_reg is absorbed into DSP mac_muladd_8s_8s_32s_32_4_1_U23/dpu_conv_top_mac_muladd_8s_8s_32s_32_4_1_DSP48_0_U/p_reg_reg.
DSP Report: register ap_phi_reg_pp0_iter0_acc_43_reg_1297_reg is absorbed into DSP mac_muladd_8s_8s_32s_32_4_1_U23/dpu_conv_top_mac_muladd_8s_8s_32s_32_4_1_DSP48_0_U/p_reg_reg.
DSP Report: register mac_muladd_8s_8s_32s_32_4_1_U23/dpu_conv_top_mac_muladd_8s_8s_32s_32_4_1_DSP48_0_U/p_reg_reg is absorbed into DSP mac_muladd_8s_8s_32s_32_4_1_U23/dpu_conv_top_mac_muladd_8s_8s_32s_32_4_1_DSP48_0_U/p_reg_reg.
DSP Report: register mac_muladd_8s_8s_32s_32_4_1_U23/dpu_conv_top_mac_muladd_8s_8s_32s_32_4_1_DSP48_0_U/m_reg_reg is absorbed into DSP mac_muladd_8s_8s_32s_32_4_1_U23/dpu_conv_top_mac_muladd_8s_8s_32s_32_4_1_DSP48_0_U/p_reg_reg.
DSP Report: operator mac_muladd_8s_8s_32s_32_4_1_U23/dpu_conv_top_mac_muladd_8s_8s_32s_32_4_1_DSP48_0_U/p is absorbed into DSP mac_muladd_8s_8s_32s_32_4_1_U23/dpu_conv_top_mac_muladd_8s_8s_32s_32_4_1_DSP48_0_U/p_reg_reg.
DSP Report: operator mac_muladd_8s_8s_32s_32_4_1_U23/dpu_conv_top_mac_muladd_8s_8s_32s_32_4_1_DSP48_0_U/m is absorbed into DSP mac_muladd_8s_8s_32s_32_4_1_U23/dpu_conv_top_mac_muladd_8s_8s_32s_32_4_1_DSP48_0_U/p_reg_reg.
DSP Report: Generating DSP mac_muladd_8s_8s_32s_32_4_1_U24/dpu_conv_top_mac_muladd_8s_8s_32s_32_4_1_DSP48_0_U/p_reg_reg, operation Mode is: (PCIN+(A''*B'')')'.
DSP Report: register mac_muladd_8s_8s_32s_32_4_1_U24/dpu_conv_top_mac_muladd_8s_8s_32s_32_4_1_DSP48_0_U/p_reg_reg is absorbed into DSP mac_muladd_8s_8s_32s_32_4_1_U24/dpu_conv_top_mac_muladd_8s_8s_32s_32_4_1_DSP48_0_U/p_reg_reg.
DSP Report: register mac_muladd_8s_8s_32s_32_4_1_U24/dpu_conv_top_mac_muladd_8s_8s_32s_32_4_1_DSP48_0_U/p_reg_reg is absorbed into DSP mac_muladd_8s_8s_32s_32_4_1_U24/dpu_conv_top_mac_muladd_8s_8s_32s_32_4_1_DSP48_0_U/p_reg_reg.
DSP Report: register mac_muladd_8s_8s_32s_32_4_1_U24/dpu_conv_top_mac_muladd_8s_8s_32s_32_4_1_DSP48_0_U/p_reg_reg is absorbed into DSP mac_muladd_8s_8s_32s_32_4_1_U24/dpu_conv_top_mac_muladd_8s_8s_32s_32_4_1_DSP48_0_U/p_reg_reg.
DSP Report: register mac_muladd_8s_8s_32s_32_4_1_U24/dpu_conv_top_mac_muladd_8s_8s_32s_32_4_1_DSP48_0_U/p_reg_reg is absorbed into DSP mac_muladd_8s_8s_32s_32_4_1_U24/dpu_conv_top_mac_muladd_8s_8s_32s_32_4_1_DSP48_0_U/p_reg_reg.
DSP Report: register mac_muladd_8s_8s_32s_32_4_1_U24/dpu_conv_top_mac_muladd_8s_8s_32s_32_4_1_DSP48_0_U/p_reg_reg is absorbed into DSP mac_muladd_8s_8s_32s_32_4_1_U24/dpu_conv_top_mac_muladd_8s_8s_32s_32_4_1_DSP48_0_U/p_reg_reg.
DSP Report: register mac_muladd_8s_8s_32s_32_4_1_U24/dpu_conv_top_mac_muladd_8s_8s_32s_32_4_1_DSP48_0_U/m_reg_reg is absorbed into DSP mac_muladd_8s_8s_32s_32_4_1_U24/dpu_conv_top_mac_muladd_8s_8s_32s_32_4_1_DSP48_0_U/p_reg_reg.
DSP Report: operator mac_muladd_8s_8s_32s_32_4_1_U24/dpu_conv_top_mac_muladd_8s_8s_32s_32_4_1_DSP48_0_U/p is absorbed into DSP mac_muladd_8s_8s_32s_32_4_1_U24/dpu_conv_top_mac_muladd_8s_8s_32s_32_4_1_DSP48_0_U/p_reg_reg.
DSP Report: operator mac_muladd_8s_8s_32s_32_4_1_U24/dpu_conv_top_mac_muladd_8s_8s_32s_32_4_1_DSP48_0_U/m is absorbed into DSP mac_muladd_8s_8s_32s_32_4_1_U24/dpu_conv_top_mac_muladd_8s_8s_32s_32_4_1_DSP48_0_U/p_reg_reg.
DSP Report: Generating DSP mac_muladd_8s_8s_32s_32_4_1_U25/dpu_conv_top_mac_muladd_8s_8s_32s_32_4_1_DSP48_0_U/p_reg_reg, operation Mode is: (C+(A''*B'')')'.
DSP Report: register mac_muladd_8s_8s_32s_32_4_1_U25/dpu_conv_top_mac_muladd_8s_8s_32s_32_4_1_DSP48_0_U/p_reg_reg is absorbed into DSP mac_muladd_8s_8s_32s_32_4_1_U25/dpu_conv_top_mac_muladd_8s_8s_32s_32_4_1_DSP48_0_U/p_reg_reg.
DSP Report: register mac_muladd_8s_8s_32s_32_4_1_U25/dpu_conv_top_mac_muladd_8s_8s_32s_32_4_1_DSP48_0_U/p_reg_reg is absorbed into DSP mac_muladd_8s_8s_32s_32_4_1_U25/dpu_conv_top_mac_muladd_8s_8s_32s_32_4_1_DSP48_0_U/p_reg_reg.
DSP Report: register mac_muladd_8s_8s_32s_32_4_1_U25/dpu_conv_top_mac_muladd_8s_8s_32s_32_4_1_DSP48_0_U/p_reg_reg is absorbed into DSP mac_muladd_8s_8s_32s_32_4_1_U25/dpu_conv_top_mac_muladd_8s_8s_32s_32_4_1_DSP48_0_U/p_reg_reg.
DSP Report: register mac_muladd_8s_8s_32s_32_4_1_U25/dpu_conv_top_mac_muladd_8s_8s_32s_32_4_1_DSP48_0_U/p_reg_reg is absorbed into DSP mac_muladd_8s_8s_32s_32_4_1_U25/dpu_conv_top_mac_muladd_8s_8s_32s_32_4_1_DSP48_0_U/p_reg_reg.
DSP Report: register mac_muladd_8s_8s_32s_32_4_1_U25/dpu_conv_top_mac_muladd_8s_8s_32s_32_4_1_DSP48_0_U/p_reg_reg is absorbed into DSP mac_muladd_8s_8s_32s_32_4_1_U25/dpu_conv_top_mac_muladd_8s_8s_32s_32_4_1_DSP48_0_U/p_reg_reg.
DSP Report: register mac_muladd_8s_8s_32s_32_4_1_U25/dpu_conv_top_mac_muladd_8s_8s_32s_32_4_1_DSP48_0_U/m_reg_reg is absorbed into DSP mac_muladd_8s_8s_32s_32_4_1_U25/dpu_conv_top_mac_muladd_8s_8s_32s_32_4_1_DSP48_0_U/p_reg_reg.
DSP Report: operator mac_muladd_8s_8s_32s_32_4_1_U25/dpu_conv_top_mac_muladd_8s_8s_32s_32_4_1_DSP48_0_U/p is absorbed into DSP mac_muladd_8s_8s_32s_32_4_1_U25/dpu_conv_top_mac_muladd_8s_8s_32s_32_4_1_DSP48_0_U/p_reg_reg.
DSP Report: operator mac_muladd_8s_8s_32s_32_4_1_U25/dpu_conv_top_mac_muladd_8s_8s_32s_32_4_1_DSP48_0_U/m is absorbed into DSP mac_muladd_8s_8s_32s_32_4_1_U25/dpu_conv_top_mac_muladd_8s_8s_32s_32_4_1_DSP48_0_U/p_reg_reg.
DSP Report: Generating DSP mac_muladd_8s_8s_32s_32_4_1_U26/dpu_conv_top_mac_muladd_8s_8s_32s_32_4_1_DSP48_0_U/p_reg_reg, operation Mode is: (C+(A''*B'')')'.
DSP Report: register mac_muladd_8s_8s_32s_32_4_1_U26/dpu_conv_top_mac_muladd_8s_8s_32s_32_4_1_DSP48_0_U/p_reg_reg is absorbed into DSP mac_muladd_8s_8s_32s_32_4_1_U26/dpu_conv_top_mac_muladd_8s_8s_32s_32_4_1_DSP48_0_U/p_reg_reg.
DSP Report: register mac_muladd_8s_8s_32s_32_4_1_U26/dpu_conv_top_mac_muladd_8s_8s_32s_32_4_1_DSP48_0_U/p_reg_reg is absorbed into DSP mac_muladd_8s_8s_32s_32_4_1_U26/dpu_conv_top_mac_muladd_8s_8s_32s_32_4_1_DSP48_0_U/p_reg_reg.
DSP Report: register mac_muladd_8s_8s_32s_32_4_1_U26/dpu_conv_top_mac_muladd_8s_8s_32s_32_4_1_DSP48_0_U/p_reg_reg is absorbed into DSP mac_muladd_8s_8s_32s_32_4_1_U26/dpu_conv_top_mac_muladd_8s_8s_32s_32_4_1_DSP48_0_U/p_reg_reg.
DSP Report: register mac_muladd_8s_8s_32s_32_4_1_U26/dpu_conv_top_mac_muladd_8s_8s_32s_32_4_1_DSP48_0_U/p_reg_reg is absorbed into DSP mac_muladd_8s_8s_32s_32_4_1_U26/dpu_conv_top_mac_muladd_8s_8s_32s_32_4_1_DSP48_0_U/p_reg_reg.
DSP Report: register mac_muladd_8s_8s_32s_32_4_1_U26/dpu_conv_top_mac_muladd_8s_8s_32s_32_4_1_DSP48_0_U/p_reg_reg is absorbed into DSP mac_muladd_8s_8s_32s_32_4_1_U26/dpu_conv_top_mac_muladd_8s_8s_32s_32_4_1_DSP48_0_U/p_reg_reg.
DSP Report: register mac_muladd_8s_8s_32s_32_4_1_U26/dpu_conv_top_mac_muladd_8s_8s_32s_32_4_1_DSP48_0_U/m_reg_reg is absorbed into DSP mac_muladd_8s_8s_32s_32_4_1_U26/dpu_conv_top_mac_muladd_8s_8s_32s_32_4_1_DSP48_0_U/p_reg_reg.
DSP Report: operator mac_muladd_8s_8s_32s_32_4_1_U26/dpu_conv_top_mac_muladd_8s_8s_32s_32_4_1_DSP48_0_U/p is absorbed into DSP mac_muladd_8s_8s_32s_32_4_1_U26/dpu_conv_top_mac_muladd_8s_8s_32s_32_4_1_DSP48_0_U/p_reg_reg.
DSP Report: operator mac_muladd_8s_8s_32s_32_4_1_U26/dpu_conv_top_mac_muladd_8s_8s_32s_32_4_1_DSP48_0_U/m is absorbed into DSP mac_muladd_8s_8s_32s_32_4_1_U26/dpu_conv_top_mac_muladd_8s_8s_32s_32_4_1_DSP48_0_U/p_reg_reg.
DSP Report: Generating DSP mac_muladd_8s_8s_32s_32_4_1_U27/dpu_conv_top_mac_muladd_8s_8s_32s_32_4_1_DSP48_0_U/p_reg_reg, operation Mode is: (C+(A''*B'')')'.
DSP Report: register mac_muladd_8s_8s_32s_32_4_1_U27/dpu_conv_top_mac_muladd_8s_8s_32s_32_4_1_DSP48_0_U/p_reg_reg is absorbed into DSP mac_muladd_8s_8s_32s_32_4_1_U27/dpu_conv_top_mac_muladd_8s_8s_32s_32_4_1_DSP48_0_U/p_reg_reg.
DSP Report: register mac_muladd_8s_8s_32s_32_4_1_U27/dpu_conv_top_mac_muladd_8s_8s_32s_32_4_1_DSP48_0_U/p_reg_reg is absorbed into DSP mac_muladd_8s_8s_32s_32_4_1_U27/dpu_conv_top_mac_muladd_8s_8s_32s_32_4_1_DSP48_0_U/p_reg_reg.
DSP Report: register mac_muladd_8s_8s_32s_32_4_1_U27/dpu_conv_top_mac_muladd_8s_8s_32s_32_4_1_DSP48_0_U/p_reg_reg is absorbed into DSP mac_muladd_8s_8s_32s_32_4_1_U27/dpu_conv_top_mac_muladd_8s_8s_32s_32_4_1_DSP48_0_U/p_reg_reg.
DSP Report: register mac_muladd_8s_8s_32s_32_4_1_U27/dpu_conv_top_mac_muladd_8s_8s_32s_32_4_1_DSP48_0_U/p_reg_reg is absorbed into DSP mac_muladd_8s_8s_32s_32_4_1_U27/dpu_conv_top_mac_muladd_8s_8s_32s_32_4_1_DSP48_0_U/p_reg_reg.
DSP Report: register mac_muladd_8s_8s_32s_32_4_1_U27/dpu_conv_top_mac_muladd_8s_8s_32s_32_4_1_DSP48_0_U/p_reg_reg is absorbed into DSP mac_muladd_8s_8s_32s_32_4_1_U27/dpu_conv_top_mac_muladd_8s_8s_32s_32_4_1_DSP48_0_U/p_reg_reg.
DSP Report: register mac_muladd_8s_8s_32s_32_4_1_U27/dpu_conv_top_mac_muladd_8s_8s_32s_32_4_1_DSP48_0_U/m_reg_reg is absorbed into DSP mac_muladd_8s_8s_32s_32_4_1_U27/dpu_conv_top_mac_muladd_8s_8s_32s_32_4_1_DSP48_0_U/p_reg_reg.
DSP Report: operator mac_muladd_8s_8s_32s_32_4_1_U27/dpu_conv_top_mac_muladd_8s_8s_32s_32_4_1_DSP48_0_U/p is absorbed into DSP mac_muladd_8s_8s_32s_32_4_1_U27/dpu_conv_top_mac_muladd_8s_8s_32s_32_4_1_DSP48_0_U/p_reg_reg.
DSP Report: operator mac_muladd_8s_8s_32s_32_4_1_U27/dpu_conv_top_mac_muladd_8s_8s_32s_32_4_1_DSP48_0_U/m is absorbed into DSP mac_muladd_8s_8s_32s_32_4_1_U27/dpu_conv_top_mac_muladd_8s_8s_32s_32_4_1_DSP48_0_U/p_reg_reg.
DSP Report: Generating DSP mac_muladd_8s_8s_32s_32_4_1_U28/dpu_conv_top_mac_muladd_8s_8s_32s_32_4_1_DSP48_0_U/p_reg_reg, operation Mode is: (C+(A''*B'')')'.
DSP Report: register mac_muladd_8s_8s_32s_32_4_1_U28/dpu_conv_top_mac_muladd_8s_8s_32s_32_4_1_DSP48_0_U/p_reg_reg is absorbed into DSP mac_muladd_8s_8s_32s_32_4_1_U28/dpu_conv_top_mac_muladd_8s_8s_32s_32_4_1_DSP48_0_U/p_reg_reg.
DSP Report: register mac_muladd_8s_8s_32s_32_4_1_U28/dpu_conv_top_mac_muladd_8s_8s_32s_32_4_1_DSP48_0_U/p_reg_reg is absorbed into DSP mac_muladd_8s_8s_32s_32_4_1_U28/dpu_conv_top_mac_muladd_8s_8s_32s_32_4_1_DSP48_0_U/p_reg_reg.
DSP Report: register mac_muladd_8s_8s_32s_32_4_1_U28/dpu_conv_top_mac_muladd_8s_8s_32s_32_4_1_DSP48_0_U/p_reg_reg is absorbed into DSP mac_muladd_8s_8s_32s_32_4_1_U28/dpu_conv_top_mac_muladd_8s_8s_32s_32_4_1_DSP48_0_U/p_reg_reg.
DSP Report: register mac_muladd_8s_8s_32s_32_4_1_U28/dpu_conv_top_mac_muladd_8s_8s_32s_32_4_1_DSP48_0_U/p_reg_reg is absorbed into DSP mac_muladd_8s_8s_32s_32_4_1_U28/dpu_conv_top_mac_muladd_8s_8s_32s_32_4_1_DSP48_0_U/p_reg_reg.
DSP Report: register mac_muladd_8s_8s_32s_32_4_1_U28/dpu_conv_top_mac_muladd_8s_8s_32s_32_4_1_DSP48_0_U/p_reg_reg is absorbed into DSP mac_muladd_8s_8s_32s_32_4_1_U28/dpu_conv_top_mac_muladd_8s_8s_32s_32_4_1_DSP48_0_U/p_reg_reg.
DSP Report: register mac_muladd_8s_8s_32s_32_4_1_U28/dpu_conv_top_mac_muladd_8s_8s_32s_32_4_1_DSP48_0_U/m_reg_reg is absorbed into DSP mac_muladd_8s_8s_32s_32_4_1_U28/dpu_conv_top_mac_muladd_8s_8s_32s_32_4_1_DSP48_0_U/p_reg_reg.
DSP Report: operator mac_muladd_8s_8s_32s_32_4_1_U28/dpu_conv_top_mac_muladd_8s_8s_32s_32_4_1_DSP48_0_U/p is absorbed into DSP mac_muladd_8s_8s_32s_32_4_1_U28/dpu_conv_top_mac_muladd_8s_8s_32s_32_4_1_DSP48_0_U/p_reg_reg.
DSP Report: operator mac_muladd_8s_8s_32s_32_4_1_U28/dpu_conv_top_mac_muladd_8s_8s_32s_32_4_1_DSP48_0_U/m is absorbed into DSP mac_muladd_8s_8s_32s_32_4_1_U28/dpu_conv_top_mac_muladd_8s_8s_32s_32_4_1_DSP48_0_U/p_reg_reg.
DSP Report: Generating DSP mac_muladd_8s_8s_32s_32_4_1_U29/dpu_conv_top_mac_muladd_8s_8s_32s_32_4_1_DSP48_0_U/p_reg_reg, operation Mode is: (C+(A''*B'')')'.
DSP Report: register mac_muladd_8s_8s_32s_32_4_1_U29/dpu_conv_top_mac_muladd_8s_8s_32s_32_4_1_DSP48_0_U/p_reg_reg is absorbed into DSP mac_muladd_8s_8s_32s_32_4_1_U29/dpu_conv_top_mac_muladd_8s_8s_32s_32_4_1_DSP48_0_U/p_reg_reg.
DSP Report: register mac_muladd_8s_8s_32s_32_4_1_U29/dpu_conv_top_mac_muladd_8s_8s_32s_32_4_1_DSP48_0_U/p_reg_reg is absorbed into DSP mac_muladd_8s_8s_32s_32_4_1_U29/dpu_conv_top_mac_muladd_8s_8s_32s_32_4_1_DSP48_0_U/p_reg_reg.
DSP Report: register mac_muladd_8s_8s_32s_32_4_1_U29/dpu_conv_top_mac_muladd_8s_8s_32s_32_4_1_DSP48_0_U/p_reg_reg is absorbed into DSP mac_muladd_8s_8s_32s_32_4_1_U29/dpu_conv_top_mac_muladd_8s_8s_32s_32_4_1_DSP48_0_U/p_reg_reg.
DSP Report: register mac_muladd_8s_8s_32s_32_4_1_U29/dpu_conv_top_mac_muladd_8s_8s_32s_32_4_1_DSP48_0_U/p_reg_reg is absorbed into DSP mac_muladd_8s_8s_32s_32_4_1_U29/dpu_conv_top_mac_muladd_8s_8s_32s_32_4_1_DSP48_0_U/p_reg_reg.
DSP Report: register mac_muladd_8s_8s_32s_32_4_1_U29/dpu_conv_top_mac_muladd_8s_8s_32s_32_4_1_DSP48_0_U/p_reg_reg is absorbed into DSP mac_muladd_8s_8s_32s_32_4_1_U29/dpu_conv_top_mac_muladd_8s_8s_32s_32_4_1_DSP48_0_U/p_reg_reg.
DSP Report: register mac_muladd_8s_8s_32s_32_4_1_U29/dpu_conv_top_mac_muladd_8s_8s_32s_32_4_1_DSP48_0_U/m_reg_reg is absorbed into DSP mac_muladd_8s_8s_32s_32_4_1_U29/dpu_conv_top_mac_muladd_8s_8s_32s_32_4_1_DSP48_0_U/p_reg_reg.
DSP Report: operator mac_muladd_8s_8s_32s_32_4_1_U29/dpu_conv_top_mac_muladd_8s_8s_32s_32_4_1_DSP48_0_U/p is absorbed into DSP mac_muladd_8s_8s_32s_32_4_1_U29/dpu_conv_top_mac_muladd_8s_8s_32s_32_4_1_DSP48_0_U/p_reg_reg.
DSP Report: operator mac_muladd_8s_8s_32s_32_4_1_U29/dpu_conv_top_mac_muladd_8s_8s_32s_32_4_1_DSP48_0_U/m is absorbed into DSP mac_muladd_8s_8s_32s_32_4_1_U29/dpu_conv_top_mac_muladd_8s_8s_32s_32_4_1_DSP48_0_U/p_reg_reg.
DSP Report: Generating DSP mac_muladd_8s_8s_32s_32_4_1_U30/dpu_conv_top_mac_muladd_8s_8s_32s_32_4_1_DSP48_0_U/p_reg_reg, operation Mode is: (C+(A''*B'')')'.
DSP Report: register mac_muladd_8s_8s_32s_32_4_1_U30/dpu_conv_top_mac_muladd_8s_8s_32s_32_4_1_DSP48_0_U/p_reg_reg is absorbed into DSP mac_muladd_8s_8s_32s_32_4_1_U30/dpu_conv_top_mac_muladd_8s_8s_32s_32_4_1_DSP48_0_U/p_reg_reg.
DSP Report: register mac_muladd_8s_8s_32s_32_4_1_U30/dpu_conv_top_mac_muladd_8s_8s_32s_32_4_1_DSP48_0_U/p_reg_reg is absorbed into DSP mac_muladd_8s_8s_32s_32_4_1_U30/dpu_conv_top_mac_muladd_8s_8s_32s_32_4_1_DSP48_0_U/p_reg_reg.
DSP Report: register mac_muladd_8s_8s_32s_32_4_1_U30/dpu_conv_top_mac_muladd_8s_8s_32s_32_4_1_DSP48_0_U/p_reg_reg is absorbed into DSP mac_muladd_8s_8s_32s_32_4_1_U30/dpu_conv_top_mac_muladd_8s_8s_32s_32_4_1_DSP48_0_U/p_reg_reg.
DSP Report: register mac_muladd_8s_8s_32s_32_4_1_U30/dpu_conv_top_mac_muladd_8s_8s_32s_32_4_1_DSP48_0_U/p_reg_reg is absorbed into DSP mac_muladd_8s_8s_32s_32_4_1_U30/dpu_conv_top_mac_muladd_8s_8s_32s_32_4_1_DSP48_0_U/p_reg_reg.
DSP Report: register mac_muladd_8s_8s_32s_32_4_1_U30/dpu_conv_top_mac_muladd_8s_8s_32s_32_4_1_DSP48_0_U/p_reg_reg is absorbed into DSP mac_muladd_8s_8s_32s_32_4_1_U30/dpu_conv_top_mac_muladd_8s_8s_32s_32_4_1_DSP48_0_U/p_reg_reg.
DSP Report: register mac_muladd_8s_8s_32s_32_4_1_U30/dpu_conv_top_mac_muladd_8s_8s_32s_32_4_1_DSP48_0_U/m_reg_reg is absorbed into DSP mac_muladd_8s_8s_32s_32_4_1_U30/dpu_conv_top_mac_muladd_8s_8s_32s_32_4_1_DSP48_0_U/p_reg_reg.
DSP Report: operator mac_muladd_8s_8s_32s_32_4_1_U30/dpu_conv_top_mac_muladd_8s_8s_32s_32_4_1_DSP48_0_U/p is absorbed into DSP mac_muladd_8s_8s_32s_32_4_1_U30/dpu_conv_top_mac_muladd_8s_8s_32s_32_4_1_DSP48_0_U/p_reg_reg.
DSP Report: operator mac_muladd_8s_8s_32s_32_4_1_U30/dpu_conv_top_mac_muladd_8s_8s_32s_32_4_1_DSP48_0_U/m is absorbed into DSP mac_muladd_8s_8s_32s_32_4_1_U30/dpu_conv_top_mac_muladd_8s_8s_32s_32_4_1_DSP48_0_U/p_reg_reg.
DSP Report: Generating DSP mac_muladd_8s_8s_32s_32_4_1_U31/dpu_conv_top_mac_muladd_8s_8s_32s_32_4_1_DSP48_0_U/p_reg_reg, operation Mode is: (C+(A''*B'')')'.
DSP Report: register mac_muladd_8s_8s_32s_32_4_1_U31/dpu_conv_top_mac_muladd_8s_8s_32s_32_4_1_DSP48_0_U/p_reg_reg is absorbed into DSP mac_muladd_8s_8s_32s_32_4_1_U31/dpu_conv_top_mac_muladd_8s_8s_32s_32_4_1_DSP48_0_U/p_reg_reg.
DSP Report: register mac_muladd_8s_8s_32s_32_4_1_U31/dpu_conv_top_mac_muladd_8s_8s_32s_32_4_1_DSP48_0_U/p_reg_reg is absorbed into DSP mac_muladd_8s_8s_32s_32_4_1_U31/dpu_conv_top_mac_muladd_8s_8s_32s_32_4_1_DSP48_0_U/p_reg_reg.
DSP Report: register mac_muladd_8s_8s_32s_32_4_1_U31/dpu_conv_top_mac_muladd_8s_8s_32s_32_4_1_DSP48_0_U/p_reg_reg is absorbed into DSP mac_muladd_8s_8s_32s_32_4_1_U31/dpu_conv_top_mac_muladd_8s_8s_32s_32_4_1_DSP48_0_U/p_reg_reg.
DSP Report: register mac_muladd_8s_8s_32s_32_4_1_U31/dpu_conv_top_mac_muladd_8s_8s_32s_32_4_1_DSP48_0_U/p_reg_reg is absorbed into DSP mac_muladd_8s_8s_32s_32_4_1_U31/dpu_conv_top_mac_muladd_8s_8s_32s_32_4_1_DSP48_0_U/p_reg_reg.
DSP Report: register mac_muladd_8s_8s_32s_32_4_1_U31/dpu_conv_top_mac_muladd_8s_8s_32s_32_4_1_DSP48_0_U/p_reg_reg is absorbed into DSP mac_muladd_8s_8s_32s_32_4_1_U31/dpu_conv_top_mac_muladd_8s_8s_32s_32_4_1_DSP48_0_U/p_reg_reg.
DSP Report: register mac_muladd_8s_8s_32s_32_4_1_U31/dpu_conv_top_mac_muladd_8s_8s_32s_32_4_1_DSP48_0_U/m_reg_reg is absorbed into DSP mac_muladd_8s_8s_32s_32_4_1_U31/dpu_conv_top_mac_muladd_8s_8s_32s_32_4_1_DSP48_0_U/p_reg_reg.
DSP Report: operator mac_muladd_8s_8s_32s_32_4_1_U31/dpu_conv_top_mac_muladd_8s_8s_32s_32_4_1_DSP48_0_U/p is absorbed into DSP mac_muladd_8s_8s_32s_32_4_1_U31/dpu_conv_top_mac_muladd_8s_8s_32s_32_4_1_DSP48_0_U/p_reg_reg.
DSP Report: operator mac_muladd_8s_8s_32s_32_4_1_U31/dpu_conv_top_mac_muladd_8s_8s_32s_32_4_1_DSP48_0_U/m is absorbed into DSP mac_muladd_8s_8s_32s_32_4_1_U31/dpu_conv_top_mac_muladd_8s_8s_32s_32_4_1_DSP48_0_U/p_reg_reg.
DSP Report: Generating DSP mac_muladd_8s_8s_32s_32_4_1_U32/dpu_conv_top_mac_muladd_8s_8s_32s_32_4_1_DSP48_0_U/p_reg_reg, operation Mode is: (PCIN or C')+(A''*B'')'.
DSP Report: register mac_muladd_8s_8s_32s_32_4_1_U32/dpu_conv_top_mac_muladd_8s_8s_32s_32_4_1_DSP48_0_U/p_reg_reg is absorbed into DSP mac_muladd_8s_8s_32s_32_4_1_U32/dpu_conv_top_mac_muladd_8s_8s_32s_32_4_1_DSP48_0_U/p_reg_reg.
DSP Report: register mac_muladd_8s_8s_32s_32_4_1_U32/dpu_conv_top_mac_muladd_8s_8s_32s_32_4_1_DSP48_0_U/p_reg_reg is absorbed into DSP mac_muladd_8s_8s_32s_32_4_1_U32/dpu_conv_top_mac_muladd_8s_8s_32s_32_4_1_DSP48_0_U/p_reg_reg.
DSP Report: register mac_muladd_8s_8s_32s_32_4_1_U32/dpu_conv_top_mac_muladd_8s_8s_32s_32_4_1_DSP48_0_U/p_reg_reg is absorbed into DSP mac_muladd_8s_8s_32s_32_4_1_U32/dpu_conv_top_mac_muladd_8s_8s_32s_32_4_1_DSP48_0_U/p_reg_reg.
DSP Report: register mac_muladd_8s_8s_32s_32_4_1_U32/dpu_conv_top_mac_muladd_8s_8s_32s_32_4_1_DSP48_0_U/p_reg_reg is absorbed into DSP mac_muladd_8s_8s_32s_32_4_1_U32/dpu_conv_top_mac_muladd_8s_8s_32s_32_4_1_DSP48_0_U/p_reg_reg.
DSP Report: register ap_phi_reg_pp0_iter0_acc_60_reg_1472_reg is absorbed into DSP mac_muladd_8s_8s_32s_32_4_1_U32/dpu_conv_top_mac_muladd_8s_8s_32s_32_4_1_DSP48_0_U/p_reg_reg.
DSP Report: register mac_muladd_8s_8s_32s_32_4_1_U32/dpu_conv_top_mac_muladd_8s_8s_32s_32_4_1_DSP48_0_U/p_reg_reg is absorbed into DSP mac_muladd_8s_8s_32s_32_4_1_U32/dpu_conv_top_mac_muladd_8s_8s_32s_32_4_1_DSP48_0_U/p_reg_reg.
DSP Report: register mac_muladd_8s_8s_32s_32_4_1_U32/dpu_conv_top_mac_muladd_8s_8s_32s_32_4_1_DSP48_0_U/m_reg_reg is absorbed into DSP mac_muladd_8s_8s_32s_32_4_1_U32/dpu_conv_top_mac_muladd_8s_8s_32s_32_4_1_DSP48_0_U/p_reg_reg.
DSP Report: operator mac_muladd_8s_8s_32s_32_4_1_U32/dpu_conv_top_mac_muladd_8s_8s_32s_32_4_1_DSP48_0_U/p is absorbed into DSP mac_muladd_8s_8s_32s_32_4_1_U32/dpu_conv_top_mac_muladd_8s_8s_32s_32_4_1_DSP48_0_U/p_reg_reg.
DSP Report: operator mac_muladd_8s_8s_32s_32_4_1_U32/dpu_conv_top_mac_muladd_8s_8s_32s_32_4_1_DSP48_0_U/m is absorbed into DSP mac_muladd_8s_8s_32s_32_4_1_U32/dpu_conv_top_mac_muladd_8s_8s_32s_32_4_1_DSP48_0_U/p_reg_reg.
DSP Report: Generating DSP mac_muladd_8s_8s_32s_32_4_1_U33/dpu_conv_top_mac_muladd_8s_8s_32s_32_4_1_DSP48_0_U/p_reg_reg, operation Mode is: (PCIN+(A''*B'')')'.
DSP Report: register mac_muladd_8s_8s_32s_32_4_1_U33/dpu_conv_top_mac_muladd_8s_8s_32s_32_4_1_DSP48_0_U/p_reg_reg is absorbed into DSP mac_muladd_8s_8s_32s_32_4_1_U33/dpu_conv_top_mac_muladd_8s_8s_32s_32_4_1_DSP48_0_U/p_reg_reg.
DSP Report: register mac_muladd_8s_8s_32s_32_4_1_U33/dpu_conv_top_mac_muladd_8s_8s_32s_32_4_1_DSP48_0_U/p_reg_reg is absorbed into DSP mac_muladd_8s_8s_32s_32_4_1_U33/dpu_conv_top_mac_muladd_8s_8s_32s_32_4_1_DSP48_0_U/p_reg_reg.
DSP Report: register mac_muladd_8s_8s_32s_32_4_1_U33/dpu_conv_top_mac_muladd_8s_8s_32s_32_4_1_DSP48_0_U/p_reg_reg is absorbed into DSP mac_muladd_8s_8s_32s_32_4_1_U33/dpu_conv_top_mac_muladd_8s_8s_32s_32_4_1_DSP48_0_U/p_reg_reg.
DSP Report: register mac_muladd_8s_8s_32s_32_4_1_U33/dpu_conv_top_mac_muladd_8s_8s_32s_32_4_1_DSP48_0_U/p_reg_reg is absorbed into DSP mac_muladd_8s_8s_32s_32_4_1_U33/dpu_conv_top_mac_muladd_8s_8s_32s_32_4_1_DSP48_0_U/p_reg_reg.
DSP Report: register mac_muladd_8s_8s_32s_32_4_1_U33/dpu_conv_top_mac_muladd_8s_8s_32s_32_4_1_DSP48_0_U/p_reg_reg is absorbed into DSP mac_muladd_8s_8s_32s_32_4_1_U33/dpu_conv_top_mac_muladd_8s_8s_32s_32_4_1_DSP48_0_U/p_reg_reg.
DSP Report: register mac_muladd_8s_8s_32s_32_4_1_U33/dpu_conv_top_mac_muladd_8s_8s_32s_32_4_1_DSP48_0_U/m_reg_reg is absorbed into DSP mac_muladd_8s_8s_32s_32_4_1_U33/dpu_conv_top_mac_muladd_8s_8s_32s_32_4_1_DSP48_0_U/p_reg_reg.
DSP Report: operator mac_muladd_8s_8s_32s_32_4_1_U33/dpu_conv_top_mac_muladd_8s_8s_32s_32_4_1_DSP48_0_U/p is absorbed into DSP mac_muladd_8s_8s_32s_32_4_1_U33/dpu_conv_top_mac_muladd_8s_8s_32s_32_4_1_DSP48_0_U/p_reg_reg.
DSP Report: operator mac_muladd_8s_8s_32s_32_4_1_U33/dpu_conv_top_mac_muladd_8s_8s_32s_32_4_1_DSP48_0_U/m is absorbed into DSP mac_muladd_8s_8s_32s_32_4_1_U33/dpu_conv_top_mac_muladd_8s_8s_32s_32_4_1_DSP48_0_U/p_reg_reg.
DSP Report: Generating DSP mac_muladd_8s_8s_32s_32_4_1_U34/dpu_conv_top_mac_muladd_8s_8s_32s_32_4_1_DSP48_0_U/p_reg_reg, operation Mode is: (C+(A''*B'')')'.
DSP Report: register mac_muladd_8s_8s_32s_32_4_1_U34/dpu_conv_top_mac_muladd_8s_8s_32s_32_4_1_DSP48_0_U/p_reg_reg is absorbed into DSP mac_muladd_8s_8s_32s_32_4_1_U34/dpu_conv_top_mac_muladd_8s_8s_32s_32_4_1_DSP48_0_U/p_reg_reg.
DSP Report: register mac_muladd_8s_8s_32s_32_4_1_U34/dpu_conv_top_mac_muladd_8s_8s_32s_32_4_1_DSP48_0_U/p_reg_reg is absorbed into DSP mac_muladd_8s_8s_32s_32_4_1_U34/dpu_conv_top_mac_muladd_8s_8s_32s_32_4_1_DSP48_0_U/p_reg_reg.
DSP Report: register mac_muladd_8s_8s_32s_32_4_1_U34/dpu_conv_top_mac_muladd_8s_8s_32s_32_4_1_DSP48_0_U/p_reg_reg is absorbed into DSP mac_muladd_8s_8s_32s_32_4_1_U34/dpu_conv_top_mac_muladd_8s_8s_32s_32_4_1_DSP48_0_U/p_reg_reg.
DSP Report: register mac_muladd_8s_8s_32s_32_4_1_U34/dpu_conv_top_mac_muladd_8s_8s_32s_32_4_1_DSP48_0_U/p_reg_reg is absorbed into DSP mac_muladd_8s_8s_32s_32_4_1_U34/dpu_conv_top_mac_muladd_8s_8s_32s_32_4_1_DSP48_0_U/p_reg_reg.
DSP Report: register mac_muladd_8s_8s_32s_32_4_1_U34/dpu_conv_top_mac_muladd_8s_8s_32s_32_4_1_DSP48_0_U/p_reg_reg is absorbed into DSP mac_muladd_8s_8s_32s_32_4_1_U34/dpu_conv_top_mac_muladd_8s_8s_32s_32_4_1_DSP48_0_U/p_reg_reg.
DSP Report: register mac_muladd_8s_8s_32s_32_4_1_U34/dpu_conv_top_mac_muladd_8s_8s_32s_32_4_1_DSP48_0_U/m_reg_reg is absorbed into DSP mac_muladd_8s_8s_32s_32_4_1_U34/dpu_conv_top_mac_muladd_8s_8s_32s_32_4_1_DSP48_0_U/p_reg_reg.
DSP Report: operator mac_muladd_8s_8s_32s_32_4_1_U34/dpu_conv_top_mac_muladd_8s_8s_32s_32_4_1_DSP48_0_U/p is absorbed into DSP mac_muladd_8s_8s_32s_32_4_1_U34/dpu_conv_top_mac_muladd_8s_8s_32s_32_4_1_DSP48_0_U/p_reg_reg.
DSP Report: operator mac_muladd_8s_8s_32s_32_4_1_U34/dpu_conv_top_mac_muladd_8s_8s_32s_32_4_1_DSP48_0_U/m is absorbed into DSP mac_muladd_8s_8s_32s_32_4_1_U34/dpu_conv_top_mac_muladd_8s_8s_32s_32_4_1_DSP48_0_U/p_reg_reg.
DSP Report: Generating DSP mac_muladd_8s_8s_32s_32_4_1_U35/dpu_conv_top_mac_muladd_8s_8s_32s_32_4_1_DSP48_0_U/p_reg_reg, operation Mode is: (C+(A''*B'')')'.
DSP Report: register mac_muladd_8s_8s_32s_32_4_1_U35/dpu_conv_top_mac_muladd_8s_8s_32s_32_4_1_DSP48_0_U/p_reg_reg is absorbed into DSP mac_muladd_8s_8s_32s_32_4_1_U35/dpu_conv_top_mac_muladd_8s_8s_32s_32_4_1_DSP48_0_U/p_reg_reg.
DSP Report: register mac_muladd_8s_8s_32s_32_4_1_U35/dpu_conv_top_mac_muladd_8s_8s_32s_32_4_1_DSP48_0_U/p_reg_reg is absorbed into DSP mac_muladd_8s_8s_32s_32_4_1_U35/dpu_conv_top_mac_muladd_8s_8s_32s_32_4_1_DSP48_0_U/p_reg_reg.
DSP Report: register mac_muladd_8s_8s_32s_32_4_1_U35/dpu_conv_top_mac_muladd_8s_8s_32s_32_4_1_DSP48_0_U/p_reg_reg is absorbed into DSP mac_muladd_8s_8s_32s_32_4_1_U35/dpu_conv_top_mac_muladd_8s_8s_32s_32_4_1_DSP48_0_U/p_reg_reg.
DSP Report: register mac_muladd_8s_8s_32s_32_4_1_U35/dpu_conv_top_mac_muladd_8s_8s_32s_32_4_1_DSP48_0_U/p_reg_reg is absorbed into DSP mac_muladd_8s_8s_32s_32_4_1_U35/dpu_conv_top_mac_muladd_8s_8s_32s_32_4_1_DSP48_0_U/p_reg_reg.
DSP Report: register mac_muladd_8s_8s_32s_32_4_1_U35/dpu_conv_top_mac_muladd_8s_8s_32s_32_4_1_DSP48_0_U/p_reg_reg is absorbed into DSP mac_muladd_8s_8s_32s_32_4_1_U35/dpu_conv_top_mac_muladd_8s_8s_32s_32_4_1_DSP48_0_U/p_reg_reg.
DSP Report: register mac_muladd_8s_8s_32s_32_4_1_U35/dpu_conv_top_mac_muladd_8s_8s_32s_32_4_1_DSP48_0_U/m_reg_reg is absorbed into DSP mac_muladd_8s_8s_32s_32_4_1_U35/dpu_conv_top_mac_muladd_8s_8s_32s_32_4_1_DSP48_0_U/p_reg_reg.
DSP Report: operator mac_muladd_8s_8s_32s_32_4_1_U35/dpu_conv_top_mac_muladd_8s_8s_32s_32_4_1_DSP48_0_U/p is absorbed into DSP mac_muladd_8s_8s_32s_32_4_1_U35/dpu_conv_top_mac_muladd_8s_8s_32s_32_4_1_DSP48_0_U/p_reg_reg.
DSP Report: operator mac_muladd_8s_8s_32s_32_4_1_U35/dpu_conv_top_mac_muladd_8s_8s_32s_32_4_1_DSP48_0_U/m is absorbed into DSP mac_muladd_8s_8s_32s_32_4_1_U35/dpu_conv_top_mac_muladd_8s_8s_32s_32_4_1_DSP48_0_U/p_reg_reg.
DSP Report: Generating DSP mac_muladd_8s_8s_32s_32_4_1_U36/dpu_conv_top_mac_muladd_8s_8s_32s_32_4_1_DSP48_0_U/p_reg_reg, operation Mode is: (C+(A''*B'')')'.
DSP Report: register mac_muladd_8s_8s_32s_32_4_1_U36/dpu_conv_top_mac_muladd_8s_8s_32s_32_4_1_DSP48_0_U/p_reg_reg is absorbed into DSP mac_muladd_8s_8s_32s_32_4_1_U36/dpu_conv_top_mac_muladd_8s_8s_32s_32_4_1_DSP48_0_U/p_reg_reg.
DSP Report: register mac_muladd_8s_8s_32s_32_4_1_U36/dpu_conv_top_mac_muladd_8s_8s_32s_32_4_1_DSP48_0_U/p_reg_reg is absorbed into DSP mac_muladd_8s_8s_32s_32_4_1_U36/dpu_conv_top_mac_muladd_8s_8s_32s_32_4_1_DSP48_0_U/p_reg_reg.
DSP Report: register mac_muladd_8s_8s_32s_32_4_1_U36/dpu_conv_top_mac_muladd_8s_8s_32s_32_4_1_DSP48_0_U/p_reg_reg is absorbed into DSP mac_muladd_8s_8s_32s_32_4_1_U36/dpu_conv_top_mac_muladd_8s_8s_32s_32_4_1_DSP48_0_U/p_reg_reg.
DSP Report: register mac_muladd_8s_8s_32s_32_4_1_U36/dpu_conv_top_mac_muladd_8s_8s_32s_32_4_1_DSP48_0_U/p_reg_reg is absorbed into DSP mac_muladd_8s_8s_32s_32_4_1_U36/dpu_conv_top_mac_muladd_8s_8s_32s_32_4_1_DSP48_0_U/p_reg_reg.
DSP Report: register mac_muladd_8s_8s_32s_32_4_1_U36/dpu_conv_top_mac_muladd_8s_8s_32s_32_4_1_DSP48_0_U/p_reg_reg is absorbed into DSP mac_muladd_8s_8s_32s_32_4_1_U36/dpu_conv_top_mac_muladd_8s_8s_32s_32_4_1_DSP48_0_U/p_reg_reg.
DSP Report: register mac_muladd_8s_8s_32s_32_4_1_U36/dpu_conv_top_mac_muladd_8s_8s_32s_32_4_1_DSP48_0_U/m_reg_reg is absorbed into DSP mac_muladd_8s_8s_32s_32_4_1_U36/dpu_conv_top_mac_muladd_8s_8s_32s_32_4_1_DSP48_0_U/p_reg_reg.
DSP Report: operator mac_muladd_8s_8s_32s_32_4_1_U36/dpu_conv_top_mac_muladd_8s_8s_32s_32_4_1_DSP48_0_U/p is absorbed into DSP mac_muladd_8s_8s_32s_32_4_1_U36/dpu_conv_top_mac_muladd_8s_8s_32s_32_4_1_DSP48_0_U/p_reg_reg.
DSP Report: operator mac_muladd_8s_8s_32s_32_4_1_U36/dpu_conv_top_mac_muladd_8s_8s_32s_32_4_1_DSP48_0_U/m is absorbed into DSP mac_muladd_8s_8s_32s_32_4_1_U36/dpu_conv_top_mac_muladd_8s_8s_32s_32_4_1_DSP48_0_U/p_reg_reg.
DSP Report: Generating DSP mac_muladd_8s_8s_32s_32_4_1_U37/dpu_conv_top_mac_muladd_8s_8s_32s_32_4_1_DSP48_0_U/p_reg_reg, operation Mode is: (C+(A''*B'')')'.
DSP Report: register mac_muladd_8s_8s_32s_32_4_1_U37/dpu_conv_top_mac_muladd_8s_8s_32s_32_4_1_DSP48_0_U/p_reg_reg is absorbed into DSP mac_muladd_8s_8s_32s_32_4_1_U37/dpu_conv_top_mac_muladd_8s_8s_32s_32_4_1_DSP48_0_U/p_reg_reg.
DSP Report: register mac_muladd_8s_8s_32s_32_4_1_U37/dpu_conv_top_mac_muladd_8s_8s_32s_32_4_1_DSP48_0_U/p_reg_reg is absorbed into DSP mac_muladd_8s_8s_32s_32_4_1_U37/dpu_conv_top_mac_muladd_8s_8s_32s_32_4_1_DSP48_0_U/p_reg_reg.
DSP Report: register mac_muladd_8s_8s_32s_32_4_1_U37/dpu_conv_top_mac_muladd_8s_8s_32s_32_4_1_DSP48_0_U/p_reg_reg is absorbed into DSP mac_muladd_8s_8s_32s_32_4_1_U37/dpu_conv_top_mac_muladd_8s_8s_32s_32_4_1_DSP48_0_U/p_reg_reg.
DSP Report: register mac_muladd_8s_8s_32s_32_4_1_U37/dpu_conv_top_mac_muladd_8s_8s_32s_32_4_1_DSP48_0_U/p_reg_reg is absorbed into DSP mac_muladd_8s_8s_32s_32_4_1_U37/dpu_conv_top_mac_muladd_8s_8s_32s_32_4_1_DSP48_0_U/p_reg_reg.
DSP Report: register mac_muladd_8s_8s_32s_32_4_1_U37/dpu_conv_top_mac_muladd_8s_8s_32s_32_4_1_DSP48_0_U/p_reg_reg is absorbed into DSP mac_muladd_8s_8s_32s_32_4_1_U37/dpu_conv_top_mac_muladd_8s_8s_32s_32_4_1_DSP48_0_U/p_reg_reg.
DSP Report: register mac_muladd_8s_8s_32s_32_4_1_U37/dpu_conv_top_mac_muladd_8s_8s_32s_32_4_1_DSP48_0_U/m_reg_reg is absorbed into DSP mac_muladd_8s_8s_32s_32_4_1_U37/dpu_conv_top_mac_muladd_8s_8s_32s_32_4_1_DSP48_0_U/p_reg_reg.
DSP Report: operator mac_muladd_8s_8s_32s_32_4_1_U37/dpu_conv_top_mac_muladd_8s_8s_32s_32_4_1_DSP48_0_U/p is absorbed into DSP mac_muladd_8s_8s_32s_32_4_1_U37/dpu_conv_top_mac_muladd_8s_8s_32s_32_4_1_DSP48_0_U/p_reg_reg.
DSP Report: operator mac_muladd_8s_8s_32s_32_4_1_U37/dpu_conv_top_mac_muladd_8s_8s_32s_32_4_1_DSP48_0_U/m is absorbed into DSP mac_muladd_8s_8s_32s_32_4_1_U37/dpu_conv_top_mac_muladd_8s_8s_32s_32_4_1_DSP48_0_U/p_reg_reg.
DSP Report: Generating DSP mac_muladd_8s_8s_32s_32_4_1_U38/dpu_conv_top_mac_muladd_8s_8s_32s_32_4_1_DSP48_0_U/p_reg_reg, operation Mode is: (C+(A''*B'')')'.
DSP Report: register mac_muladd_8s_8s_32s_32_4_1_U38/dpu_conv_top_mac_muladd_8s_8s_32s_32_4_1_DSP48_0_U/p_reg_reg is absorbed into DSP mac_muladd_8s_8s_32s_32_4_1_U38/dpu_conv_top_mac_muladd_8s_8s_32s_32_4_1_DSP48_0_U/p_reg_reg.
DSP Report: register mac_muladd_8s_8s_32s_32_4_1_U38/dpu_conv_top_mac_muladd_8s_8s_32s_32_4_1_DSP48_0_U/p_reg_reg is absorbed into DSP mac_muladd_8s_8s_32s_32_4_1_U38/dpu_conv_top_mac_muladd_8s_8s_32s_32_4_1_DSP48_0_U/p_reg_reg.
DSP Report: register mac_muladd_8s_8s_32s_32_4_1_U38/dpu_conv_top_mac_muladd_8s_8s_32s_32_4_1_DSP48_0_U/p_reg_reg is absorbed into DSP mac_muladd_8s_8s_32s_32_4_1_U38/dpu_conv_top_mac_muladd_8s_8s_32s_32_4_1_DSP48_0_U/p_reg_reg.
DSP Report: register mac_muladd_8s_8s_32s_32_4_1_U38/dpu_conv_top_mac_muladd_8s_8s_32s_32_4_1_DSP48_0_U/p_reg_reg is absorbed into DSP mac_muladd_8s_8s_32s_32_4_1_U38/dpu_conv_top_mac_muladd_8s_8s_32s_32_4_1_DSP48_0_U/p_reg_reg.
DSP Report: register mac_muladd_8s_8s_32s_32_4_1_U38/dpu_conv_top_mac_muladd_8s_8s_32s_32_4_1_DSP48_0_U/p_reg_reg is absorbed into DSP mac_muladd_8s_8s_32s_32_4_1_U38/dpu_conv_top_mac_muladd_8s_8s_32s_32_4_1_DSP48_0_U/p_reg_reg.
DSP Report: register mac_muladd_8s_8s_32s_32_4_1_U38/dpu_conv_top_mac_muladd_8s_8s_32s_32_4_1_DSP48_0_U/m_reg_reg is absorbed into DSP mac_muladd_8s_8s_32s_32_4_1_U38/dpu_conv_top_mac_muladd_8s_8s_32s_32_4_1_DSP48_0_U/p_reg_reg.
DSP Report: operator mac_muladd_8s_8s_32s_32_4_1_U38/dpu_conv_top_mac_muladd_8s_8s_32s_32_4_1_DSP48_0_U/p is absorbed into DSP mac_muladd_8s_8s_32s_32_4_1_U38/dpu_conv_top_mac_muladd_8s_8s_32s_32_4_1_DSP48_0_U/p_reg_reg.
DSP Report: operator mac_muladd_8s_8s_32s_32_4_1_U38/dpu_conv_top_mac_muladd_8s_8s_32s_32_4_1_DSP48_0_U/m is absorbed into DSP mac_muladd_8s_8s_32s_32_4_1_U38/dpu_conv_top_mac_muladd_8s_8s_32s_32_4_1_DSP48_0_U/p_reg_reg.
DSP Report: Generating DSP mac_muladd_8s_8s_32s_32_4_1_U39/dpu_conv_top_mac_muladd_8s_8s_32s_32_4_1_DSP48_0_U/p_reg_reg, operation Mode is: (C+(A''*B'')')'.
DSP Report: register mac_muladd_8s_8s_32s_32_4_1_U39/dpu_conv_top_mac_muladd_8s_8s_32s_32_4_1_DSP48_0_U/p_reg_reg is absorbed into DSP mac_muladd_8s_8s_32s_32_4_1_U39/dpu_conv_top_mac_muladd_8s_8s_32s_32_4_1_DSP48_0_U/p_reg_reg.
DSP Report: register mac_muladd_8s_8s_32s_32_4_1_U39/dpu_conv_top_mac_muladd_8s_8s_32s_32_4_1_DSP48_0_U/p_reg_reg is absorbed into DSP mac_muladd_8s_8s_32s_32_4_1_U39/dpu_conv_top_mac_muladd_8s_8s_32s_32_4_1_DSP48_0_U/p_reg_reg.
DSP Report: register mac_muladd_8s_8s_32s_32_4_1_U39/dpu_conv_top_mac_muladd_8s_8s_32s_32_4_1_DSP48_0_U/p_reg_reg is absorbed into DSP mac_muladd_8s_8s_32s_32_4_1_U39/dpu_conv_top_mac_muladd_8s_8s_32s_32_4_1_DSP48_0_U/p_reg_reg.
DSP Report: register mac_muladd_8s_8s_32s_32_4_1_U39/dpu_conv_top_mac_muladd_8s_8s_32s_32_4_1_DSP48_0_U/p_reg_reg is absorbed into DSP mac_muladd_8s_8s_32s_32_4_1_U39/dpu_conv_top_mac_muladd_8s_8s_32s_32_4_1_DSP48_0_U/p_reg_reg.
DSP Report: register mac_muladd_8s_8s_32s_32_4_1_U39/dpu_conv_top_mac_muladd_8s_8s_32s_32_4_1_DSP48_0_U/p_reg_reg is absorbed into DSP mac_muladd_8s_8s_32s_32_4_1_U39/dpu_conv_top_mac_muladd_8s_8s_32s_32_4_1_DSP48_0_U/p_reg_reg.
DSP Report: register mac_muladd_8s_8s_32s_32_4_1_U39/dpu_conv_top_mac_muladd_8s_8s_32s_32_4_1_DSP48_0_U/m_reg_reg is absorbed into DSP mac_muladd_8s_8s_32s_32_4_1_U39/dpu_conv_top_mac_muladd_8s_8s_32s_32_4_1_DSP48_0_U/p_reg_reg.
DSP Report: operator mac_muladd_8s_8s_32s_32_4_1_U39/dpu_conv_top_mac_muladd_8s_8s_32s_32_4_1_DSP48_0_U/p is absorbed into DSP mac_muladd_8s_8s_32s_32_4_1_U39/dpu_conv_top_mac_muladd_8s_8s_32s_32_4_1_DSP48_0_U/p_reg_reg.
DSP Report: operator mac_muladd_8s_8s_32s_32_4_1_U39/dpu_conv_top_mac_muladd_8s_8s_32s_32_4_1_DSP48_0_U/m is absorbed into DSP mac_muladd_8s_8s_32s_32_4_1_U39/dpu_conv_top_mac_muladd_8s_8s_32s_32_4_1_DSP48_0_U/p_reg_reg.
DSP Report: Generating DSP mac_muladd_8s_8s_32s_32_4_1_U40/dpu_conv_top_mac_muladd_8s_8s_32s_32_4_1_DSP48_0_U/p_reg_reg, operation Mode is: (C+(A''*B'')')'.
DSP Report: register mac_muladd_8s_8s_32s_32_4_1_U40/dpu_conv_top_mac_muladd_8s_8s_32s_32_4_1_DSP48_0_U/p_reg_reg is absorbed into DSP mac_muladd_8s_8s_32s_32_4_1_U40/dpu_conv_top_mac_muladd_8s_8s_32s_32_4_1_DSP48_0_U/p_reg_reg.
DSP Report: register mac_muladd_8s_8s_32s_32_4_1_U40/dpu_conv_top_mac_muladd_8s_8s_32s_32_4_1_DSP48_0_U/p_reg_reg is absorbed into DSP mac_muladd_8s_8s_32s_32_4_1_U40/dpu_conv_top_mac_muladd_8s_8s_32s_32_4_1_DSP48_0_U/p_reg_reg.
DSP Report: register mac_muladd_8s_8s_32s_32_4_1_U40/dpu_conv_top_mac_muladd_8s_8s_32s_32_4_1_DSP48_0_U/p_reg_reg is absorbed into DSP mac_muladd_8s_8s_32s_32_4_1_U40/dpu_conv_top_mac_muladd_8s_8s_32s_32_4_1_DSP48_0_U/p_reg_reg.
DSP Report: register mac_muladd_8s_8s_32s_32_4_1_U40/dpu_conv_top_mac_muladd_8s_8s_32s_32_4_1_DSP48_0_U/p_reg_reg is absorbed into DSP mac_muladd_8s_8s_32s_32_4_1_U40/dpu_conv_top_mac_muladd_8s_8s_32s_32_4_1_DSP48_0_U/p_reg_reg.
DSP Report: register mac_muladd_8s_8s_32s_32_4_1_U40/dpu_conv_top_mac_muladd_8s_8s_32s_32_4_1_DSP48_0_U/p_reg_reg is absorbed into DSP mac_muladd_8s_8s_32s_32_4_1_U40/dpu_conv_top_mac_muladd_8s_8s_32s_32_4_1_DSP48_0_U/p_reg_reg.
DSP Report: register mac_muladd_8s_8s_32s_32_4_1_U40/dpu_conv_top_mac_muladd_8s_8s_32s_32_4_1_DSP48_0_U/m_reg_reg is absorbed into DSP mac_muladd_8s_8s_32s_32_4_1_U40/dpu_conv_top_mac_muladd_8s_8s_32s_32_4_1_DSP48_0_U/p_reg_reg.
DSP Report: operator mac_muladd_8s_8s_32s_32_4_1_U40/dpu_conv_top_mac_muladd_8s_8s_32s_32_4_1_DSP48_0_U/p is absorbed into DSP mac_muladd_8s_8s_32s_32_4_1_U40/dpu_conv_top_mac_muladd_8s_8s_32s_32_4_1_DSP48_0_U/p_reg_reg.
DSP Report: operator mac_muladd_8s_8s_32s_32_4_1_U40/dpu_conv_top_mac_muladd_8s_8s_32s_32_4_1_DSP48_0_U/m is absorbed into DSP mac_muladd_8s_8s_32s_32_4_1_U40/dpu_conv_top_mac_muladd_8s_8s_32s_32_4_1_DSP48_0_U/p_reg_reg.
DSP Report: Generating DSP mac_muladd_8s_8s_32s_32_4_1_U41/dpu_conv_top_mac_muladd_8s_8s_32s_32_4_1_DSP48_0_U/p_reg_reg, operation Mode is: (PCIN or C')+(A''*B'')'.
DSP Report: register mac_muladd_8s_8s_32s_32_4_1_U41/dpu_conv_top_mac_muladd_8s_8s_32s_32_4_1_DSP48_0_U/p_reg_reg is absorbed into DSP mac_muladd_8s_8s_32s_32_4_1_U41/dpu_conv_top_mac_muladd_8s_8s_32s_32_4_1_DSP48_0_U/p_reg_reg.
DSP Report: register mac_muladd_8s_8s_32s_32_4_1_U41/dpu_conv_top_mac_muladd_8s_8s_32s_32_4_1_DSP48_0_U/p_reg_reg is absorbed into DSP mac_muladd_8s_8s_32s_32_4_1_U41/dpu_conv_top_mac_muladd_8s_8s_32s_32_4_1_DSP48_0_U/p_reg_reg.
DSP Report: register mac_muladd_8s_8s_32s_32_4_1_U41/dpu_conv_top_mac_muladd_8s_8s_32s_32_4_1_DSP48_0_U/p_reg_reg is absorbed into DSP mac_muladd_8s_8s_32s_32_4_1_U41/dpu_conv_top_mac_muladd_8s_8s_32s_32_4_1_DSP48_0_U/p_reg_reg.
DSP Report: register mac_muladd_8s_8s_32s_32_4_1_U41/dpu_conv_top_mac_muladd_8s_8s_32s_32_4_1_DSP48_0_U/p_reg_reg is absorbed into DSP mac_muladd_8s_8s_32s_32_4_1_U41/dpu_conv_top_mac_muladd_8s_8s_32s_32_4_1_DSP48_0_U/p_reg_reg.
DSP Report: register ap_phi_reg_pp0_iter0_acc_77_reg_1667_reg is absorbed into DSP mac_muladd_8s_8s_32s_32_4_1_U41/dpu_conv_top_mac_muladd_8s_8s_32s_32_4_1_DSP48_0_U/p_reg_reg.
DSP Report: register mac_muladd_8s_8s_32s_32_4_1_U41/dpu_conv_top_mac_muladd_8s_8s_32s_32_4_1_DSP48_0_U/p_reg_reg is absorbed into DSP mac_muladd_8s_8s_32s_32_4_1_U41/dpu_conv_top_mac_muladd_8s_8s_32s_32_4_1_DSP48_0_U/p_reg_reg.
DSP Report: register mac_muladd_8s_8s_32s_32_4_1_U41/dpu_conv_top_mac_muladd_8s_8s_32s_32_4_1_DSP48_0_U/m_reg_reg is absorbed into DSP mac_muladd_8s_8s_32s_32_4_1_U41/dpu_conv_top_mac_muladd_8s_8s_32s_32_4_1_DSP48_0_U/p_reg_reg.
DSP Report: operator mac_muladd_8s_8s_32s_32_4_1_U41/dpu_conv_top_mac_muladd_8s_8s_32s_32_4_1_DSP48_0_U/p is absorbed into DSP mac_muladd_8s_8s_32s_32_4_1_U41/dpu_conv_top_mac_muladd_8s_8s_32s_32_4_1_DSP48_0_U/p_reg_reg.
DSP Report: operator mac_muladd_8s_8s_32s_32_4_1_U41/dpu_conv_top_mac_muladd_8s_8s_32s_32_4_1_DSP48_0_U/m is absorbed into DSP mac_muladd_8s_8s_32s_32_4_1_U41/dpu_conv_top_mac_muladd_8s_8s_32s_32_4_1_DSP48_0_U/p_reg_reg.
DSP Report: Generating DSP mac_muladd_8s_8s_32s_32_4_1_U42/dpu_conv_top_mac_muladd_8s_8s_32s_32_4_1_DSP48_0_U/p_reg_reg, operation Mode is: (PCIN+(A''*B'')')'.
DSP Report: register mac_muladd_8s_8s_32s_32_4_1_U42/dpu_conv_top_mac_muladd_8s_8s_32s_32_4_1_DSP48_0_U/p_reg_reg is absorbed into DSP mac_muladd_8s_8s_32s_32_4_1_U42/dpu_conv_top_mac_muladd_8s_8s_32s_32_4_1_DSP48_0_U/p_reg_reg.
DSP Report: register mac_muladd_8s_8s_32s_32_4_1_U42/dpu_conv_top_mac_muladd_8s_8s_32s_32_4_1_DSP48_0_U/p_reg_reg is absorbed into DSP mac_muladd_8s_8s_32s_32_4_1_U42/dpu_conv_top_mac_muladd_8s_8s_32s_32_4_1_DSP48_0_U/p_reg_reg.
DSP Report: register mac_muladd_8s_8s_32s_32_4_1_U42/dpu_conv_top_mac_muladd_8s_8s_32s_32_4_1_DSP48_0_U/p_reg_reg is absorbed into DSP mac_muladd_8s_8s_32s_32_4_1_U42/dpu_conv_top_mac_muladd_8s_8s_32s_32_4_1_DSP48_0_U/p_reg_reg.
DSP Report: register mac_muladd_8s_8s_32s_32_4_1_U42/dpu_conv_top_mac_muladd_8s_8s_32s_32_4_1_DSP48_0_U/p_reg_reg is absorbed into DSP mac_muladd_8s_8s_32s_32_4_1_U42/dpu_conv_top_mac_muladd_8s_8s_32s_32_4_1_DSP48_0_U/p_reg_reg.
DSP Report: register mac_muladd_8s_8s_32s_32_4_1_U42/dpu_conv_top_mac_muladd_8s_8s_32s_32_4_1_DSP48_0_U/p_reg_reg is absorbed into DSP mac_muladd_8s_8s_32s_32_4_1_U42/dpu_conv_top_mac_muladd_8s_8s_32s_32_4_1_DSP48_0_U/p_reg_reg.
DSP Report: register mac_muladd_8s_8s_32s_32_4_1_U42/dpu_conv_top_mac_muladd_8s_8s_32s_32_4_1_DSP48_0_U/m_reg_reg is absorbed into DSP mac_muladd_8s_8s_32s_32_4_1_U42/dpu_conv_top_mac_muladd_8s_8s_32s_32_4_1_DSP48_0_U/p_reg_reg.
DSP Report: operator mac_muladd_8s_8s_32s_32_4_1_U42/dpu_conv_top_mac_muladd_8s_8s_32s_32_4_1_DSP48_0_U/p is absorbed into DSP mac_muladd_8s_8s_32s_32_4_1_U42/dpu_conv_top_mac_muladd_8s_8s_32s_32_4_1_DSP48_0_U/p_reg_reg.
DSP Report: operator mac_muladd_8s_8s_32s_32_4_1_U42/dpu_conv_top_mac_muladd_8s_8s_32s_32_4_1_DSP48_0_U/m is absorbed into DSP mac_muladd_8s_8s_32s_32_4_1_U42/dpu_conv_top_mac_muladd_8s_8s_32s_32_4_1_DSP48_0_U/p_reg_reg.
DSP Report: Generating DSP mac_muladd_8s_8s_32s_32_4_1_U43/dpu_conv_top_mac_muladd_8s_8s_32s_32_4_1_DSP48_0_U/p_reg_reg, operation Mode is: (C+(A''*B'')')'.
DSP Report: register mac_muladd_8s_8s_32s_32_4_1_U43/dpu_conv_top_mac_muladd_8s_8s_32s_32_4_1_DSP48_0_U/p_reg_reg is absorbed into DSP mac_muladd_8s_8s_32s_32_4_1_U43/dpu_conv_top_mac_muladd_8s_8s_32s_32_4_1_DSP48_0_U/p_reg_reg.
DSP Report: register mac_muladd_8s_8s_32s_32_4_1_U43/dpu_conv_top_mac_muladd_8s_8s_32s_32_4_1_DSP48_0_U/p_reg_reg is absorbed into DSP mac_muladd_8s_8s_32s_32_4_1_U43/dpu_conv_top_mac_muladd_8s_8s_32s_32_4_1_DSP48_0_U/p_reg_reg.
DSP Report: register mac_muladd_8s_8s_32s_32_4_1_U43/dpu_conv_top_mac_muladd_8s_8s_32s_32_4_1_DSP48_0_U/p_reg_reg is absorbed into DSP mac_muladd_8s_8s_32s_32_4_1_U43/dpu_conv_top_mac_muladd_8s_8s_32s_32_4_1_DSP48_0_U/p_reg_reg.
DSP Report: register mac_muladd_8s_8s_32s_32_4_1_U43/dpu_conv_top_mac_muladd_8s_8s_32s_32_4_1_DSP48_0_U/p_reg_reg is absorbed into DSP mac_muladd_8s_8s_32s_32_4_1_U43/dpu_conv_top_mac_muladd_8s_8s_32s_32_4_1_DSP48_0_U/p_reg_reg.
DSP Report: register mac_muladd_8s_8s_32s_32_4_1_U43/dpu_conv_top_mac_muladd_8s_8s_32s_32_4_1_DSP48_0_U/p_reg_reg is absorbed into DSP mac_muladd_8s_8s_32s_32_4_1_U43/dpu_conv_top_mac_muladd_8s_8s_32s_32_4_1_DSP48_0_U/p_reg_reg.
DSP Report: register mac_muladd_8s_8s_32s_32_4_1_U43/dpu_conv_top_mac_muladd_8s_8s_32s_32_4_1_DSP48_0_U/m_reg_reg is absorbed into DSP mac_muladd_8s_8s_32s_32_4_1_U43/dpu_conv_top_mac_muladd_8s_8s_32s_32_4_1_DSP48_0_U/p_reg_reg.
DSP Report: operator mac_muladd_8s_8s_32s_32_4_1_U43/dpu_conv_top_mac_muladd_8s_8s_32s_32_4_1_DSP48_0_U/p is absorbed into DSP mac_muladd_8s_8s_32s_32_4_1_U43/dpu_conv_top_mac_muladd_8s_8s_32s_32_4_1_DSP48_0_U/p_reg_reg.
DSP Report: operator mac_muladd_8s_8s_32s_32_4_1_U43/dpu_conv_top_mac_muladd_8s_8s_32s_32_4_1_DSP48_0_U/m is absorbed into DSP mac_muladd_8s_8s_32s_32_4_1_U43/dpu_conv_top_mac_muladd_8s_8s_32s_32_4_1_DSP48_0_U/p_reg_reg.
DSP Report: Generating DSP mac_muladd_8s_8s_32s_32_4_1_U44/dpu_conv_top_mac_muladd_8s_8s_32s_32_4_1_DSP48_0_U/p_reg_reg, operation Mode is: (C+(A''*B'')')'.
DSP Report: register mac_muladd_8s_8s_32s_32_4_1_U44/dpu_conv_top_mac_muladd_8s_8s_32s_32_4_1_DSP48_0_U/p_reg_reg is absorbed into DSP mac_muladd_8s_8s_32s_32_4_1_U44/dpu_conv_top_mac_muladd_8s_8s_32s_32_4_1_DSP48_0_U/p_reg_reg.
DSP Report: register mac_muladd_8s_8s_32s_32_4_1_U44/dpu_conv_top_mac_muladd_8s_8s_32s_32_4_1_DSP48_0_U/p_reg_reg is absorbed into DSP mac_muladd_8s_8s_32s_32_4_1_U44/dpu_conv_top_mac_muladd_8s_8s_32s_32_4_1_DSP48_0_U/p_reg_reg.
DSP Report: register mac_muladd_8s_8s_32s_32_4_1_U44/dpu_conv_top_mac_muladd_8s_8s_32s_32_4_1_DSP48_0_U/p_reg_reg is absorbed into DSP mac_muladd_8s_8s_32s_32_4_1_U44/dpu_conv_top_mac_muladd_8s_8s_32s_32_4_1_DSP48_0_U/p_reg_reg.
DSP Report: register mac_muladd_8s_8s_32s_32_4_1_U44/dpu_conv_top_mac_muladd_8s_8s_32s_32_4_1_DSP48_0_U/p_reg_reg is absorbed into DSP mac_muladd_8s_8s_32s_32_4_1_U44/dpu_conv_top_mac_muladd_8s_8s_32s_32_4_1_DSP48_0_U/p_reg_reg.
DSP Report: register mac_muladd_8s_8s_32s_32_4_1_U44/dpu_conv_top_mac_muladd_8s_8s_32s_32_4_1_DSP48_0_U/p_reg_reg is absorbed into DSP mac_muladd_8s_8s_32s_32_4_1_U44/dpu_conv_top_mac_muladd_8s_8s_32s_32_4_1_DSP48_0_U/p_reg_reg.
DSP Report: register mac_muladd_8s_8s_32s_32_4_1_U44/dpu_conv_top_mac_muladd_8s_8s_32s_32_4_1_DSP48_0_U/m_reg_reg is absorbed into DSP mac_muladd_8s_8s_32s_32_4_1_U44/dpu_conv_top_mac_muladd_8s_8s_32s_32_4_1_DSP48_0_U/p_reg_reg.
DSP Report: operator mac_muladd_8s_8s_32s_32_4_1_U44/dpu_conv_top_mac_muladd_8s_8s_32s_32_4_1_DSP48_0_U/p is absorbed into DSP mac_muladd_8s_8s_32s_32_4_1_U44/dpu_conv_top_mac_muladd_8s_8s_32s_32_4_1_DSP48_0_U/p_reg_reg.
DSP Report: operator mac_muladd_8s_8s_32s_32_4_1_U44/dpu_conv_top_mac_muladd_8s_8s_32s_32_4_1_DSP48_0_U/m is absorbed into DSP mac_muladd_8s_8s_32s_32_4_1_U44/dpu_conv_top_mac_muladd_8s_8s_32s_32_4_1_DSP48_0_U/p_reg_reg.
DSP Report: Generating DSP mac_muladd_8s_8s_32s_32_4_1_U45/dpu_conv_top_mac_muladd_8s_8s_32s_32_4_1_DSP48_0_U/p_reg_reg, operation Mode is: (C+(A''*B'')')'.
DSP Report: register mac_muladd_8s_8s_32s_32_4_1_U45/dpu_conv_top_mac_muladd_8s_8s_32s_32_4_1_DSP48_0_U/p_reg_reg is absorbed into DSP mac_muladd_8s_8s_32s_32_4_1_U45/dpu_conv_top_mac_muladd_8s_8s_32s_32_4_1_DSP48_0_U/p_reg_reg.
DSP Report: register mac_muladd_8s_8s_32s_32_4_1_U45/dpu_conv_top_mac_muladd_8s_8s_32s_32_4_1_DSP48_0_U/p_reg_reg is absorbed into DSP mac_muladd_8s_8s_32s_32_4_1_U45/dpu_conv_top_mac_muladd_8s_8s_32s_32_4_1_DSP48_0_U/p_reg_reg.
DSP Report: register mac_muladd_8s_8s_32s_32_4_1_U45/dpu_conv_top_mac_muladd_8s_8s_32s_32_4_1_DSP48_0_U/p_reg_reg is absorbed into DSP mac_muladd_8s_8s_32s_32_4_1_U45/dpu_conv_top_mac_muladd_8s_8s_32s_32_4_1_DSP48_0_U/p_reg_reg.
DSP Report: register mac_muladd_8s_8s_32s_32_4_1_U45/dpu_conv_top_mac_muladd_8s_8s_32s_32_4_1_DSP48_0_U/p_reg_reg is absorbed into DSP mac_muladd_8s_8s_32s_32_4_1_U45/dpu_conv_top_mac_muladd_8s_8s_32s_32_4_1_DSP48_0_U/p_reg_reg.
DSP Report: register mac_muladd_8s_8s_32s_32_4_1_U45/dpu_conv_top_mac_muladd_8s_8s_32s_32_4_1_DSP48_0_U/p_reg_reg is absorbed into DSP mac_muladd_8s_8s_32s_32_4_1_U45/dpu_conv_top_mac_muladd_8s_8s_32s_32_4_1_DSP48_0_U/p_reg_reg.
DSP Report: register mac_muladd_8s_8s_32s_32_4_1_U45/dpu_conv_top_mac_muladd_8s_8s_32s_32_4_1_DSP48_0_U/m_reg_reg is absorbed into DSP mac_muladd_8s_8s_32s_32_4_1_U45/dpu_conv_top_mac_muladd_8s_8s_32s_32_4_1_DSP48_0_U/p_reg_reg.
DSP Report: operator mac_muladd_8s_8s_32s_32_4_1_U45/dpu_conv_top_mac_muladd_8s_8s_32s_32_4_1_DSP48_0_U/p is absorbed into DSP mac_muladd_8s_8s_32s_32_4_1_U45/dpu_conv_top_mac_muladd_8s_8s_32s_32_4_1_DSP48_0_U/p_reg_reg.
DSP Report: operator mac_muladd_8s_8s_32s_32_4_1_U45/dpu_conv_top_mac_muladd_8s_8s_32s_32_4_1_DSP48_0_U/m is absorbed into DSP mac_muladd_8s_8s_32s_32_4_1_U45/dpu_conv_top_mac_muladd_8s_8s_32s_32_4_1_DSP48_0_U/p_reg_reg.
DSP Report: Generating DSP mac_muladd_8s_8s_32s_32_4_1_U46/dpu_conv_top_mac_muladd_8s_8s_32s_32_4_1_DSP48_0_U/p_reg_reg, operation Mode is: (C+(A''*B'')')'.
DSP Report: register mac_muladd_8s_8s_32s_32_4_1_U46/dpu_conv_top_mac_muladd_8s_8s_32s_32_4_1_DSP48_0_U/p_reg_reg is absorbed into DSP mac_muladd_8s_8s_32s_32_4_1_U46/dpu_conv_top_mac_muladd_8s_8s_32s_32_4_1_DSP48_0_U/p_reg_reg.
DSP Report: register mac_muladd_8s_8s_32s_32_4_1_U46/dpu_conv_top_mac_muladd_8s_8s_32s_32_4_1_DSP48_0_U/p_reg_reg is absorbed into DSP mac_muladd_8s_8s_32s_32_4_1_U46/dpu_conv_top_mac_muladd_8s_8s_32s_32_4_1_DSP48_0_U/p_reg_reg.
DSP Report: register mac_muladd_8s_8s_32s_32_4_1_U46/dpu_conv_top_mac_muladd_8s_8s_32s_32_4_1_DSP48_0_U/p_reg_reg is absorbed into DSP mac_muladd_8s_8s_32s_32_4_1_U46/dpu_conv_top_mac_muladd_8s_8s_32s_32_4_1_DSP48_0_U/p_reg_reg.
DSP Report: register mac_muladd_8s_8s_32s_32_4_1_U46/dpu_conv_top_mac_muladd_8s_8s_32s_32_4_1_DSP48_0_U/p_reg_reg is absorbed into DSP mac_muladd_8s_8s_32s_32_4_1_U46/dpu_conv_top_mac_muladd_8s_8s_32s_32_4_1_DSP48_0_U/p_reg_reg.
DSP Report: register mac_muladd_8s_8s_32s_32_4_1_U46/dpu_conv_top_mac_muladd_8s_8s_32s_32_4_1_DSP48_0_U/p_reg_reg is absorbed into DSP mac_muladd_8s_8s_32s_32_4_1_U46/dpu_conv_top_mac_muladd_8s_8s_32s_32_4_1_DSP48_0_U/p_reg_reg.
DSP Report: register mac_muladd_8s_8s_32s_32_4_1_U46/dpu_conv_top_mac_muladd_8s_8s_32s_32_4_1_DSP48_0_U/m_reg_reg is absorbed into DSP mac_muladd_8s_8s_32s_32_4_1_U46/dpu_conv_top_mac_muladd_8s_8s_32s_32_4_1_DSP48_0_U/p_reg_reg.
DSP Report: operator mac_muladd_8s_8s_32s_32_4_1_U46/dpu_conv_top_mac_muladd_8s_8s_32s_32_4_1_DSP48_0_U/p is absorbed into DSP mac_muladd_8s_8s_32s_32_4_1_U46/dpu_conv_top_mac_muladd_8s_8s_32s_32_4_1_DSP48_0_U/p_reg_reg.
DSP Report: operator mac_muladd_8s_8s_32s_32_4_1_U46/dpu_conv_top_mac_muladd_8s_8s_32s_32_4_1_DSP48_0_U/m is absorbed into DSP mac_muladd_8s_8s_32s_32_4_1_U46/dpu_conv_top_mac_muladd_8s_8s_32s_32_4_1_DSP48_0_U/p_reg_reg.
DSP Report: Generating DSP mac_muladd_8s_8s_32s_32_4_1_U47/dpu_conv_top_mac_muladd_8s_8s_32s_32_4_1_DSP48_0_U/p_reg_reg, operation Mode is: (C+(A''*B'')')'.
DSP Report: register mac_muladd_8s_8s_32s_32_4_1_U47/dpu_conv_top_mac_muladd_8s_8s_32s_32_4_1_DSP48_0_U/p_reg_reg is absorbed into DSP mac_muladd_8s_8s_32s_32_4_1_U47/dpu_conv_top_mac_muladd_8s_8s_32s_32_4_1_DSP48_0_U/p_reg_reg.
DSP Report: register mac_muladd_8s_8s_32s_32_4_1_U47/dpu_conv_top_mac_muladd_8s_8s_32s_32_4_1_DSP48_0_U/p_reg_reg is absorbed into DSP mac_muladd_8s_8s_32s_32_4_1_U47/dpu_conv_top_mac_muladd_8s_8s_32s_32_4_1_DSP48_0_U/p_reg_reg.
DSP Report: register mac_muladd_8s_8s_32s_32_4_1_U47/dpu_conv_top_mac_muladd_8s_8s_32s_32_4_1_DSP48_0_U/p_reg_reg is absorbed into DSP mac_muladd_8s_8s_32s_32_4_1_U47/dpu_conv_top_mac_muladd_8s_8s_32s_32_4_1_DSP48_0_U/p_reg_reg.
DSP Report: register mac_muladd_8s_8s_32s_32_4_1_U47/dpu_conv_top_mac_muladd_8s_8s_32s_32_4_1_DSP48_0_U/p_reg_reg is absorbed into DSP mac_muladd_8s_8s_32s_32_4_1_U47/dpu_conv_top_mac_muladd_8s_8s_32s_32_4_1_DSP48_0_U/p_reg_reg.
DSP Report: register mac_muladd_8s_8s_32s_32_4_1_U47/dpu_conv_top_mac_muladd_8s_8s_32s_32_4_1_DSP48_0_U/p_reg_reg is absorbed into DSP mac_muladd_8s_8s_32s_32_4_1_U47/dpu_conv_top_mac_muladd_8s_8s_32s_32_4_1_DSP48_0_U/p_reg_reg.
DSP Report: register mac_muladd_8s_8s_32s_32_4_1_U47/dpu_conv_top_mac_muladd_8s_8s_32s_32_4_1_DSP48_0_U/m_reg_reg is absorbed into DSP mac_muladd_8s_8s_32s_32_4_1_U47/dpu_conv_top_mac_muladd_8s_8s_32s_32_4_1_DSP48_0_U/p_reg_reg.
DSP Report: operator mac_muladd_8s_8s_32s_32_4_1_U47/dpu_conv_top_mac_muladd_8s_8s_32s_32_4_1_DSP48_0_U/p is absorbed into DSP mac_muladd_8s_8s_32s_32_4_1_U47/dpu_conv_top_mac_muladd_8s_8s_32s_32_4_1_DSP48_0_U/p_reg_reg.
DSP Report: operator mac_muladd_8s_8s_32s_32_4_1_U47/dpu_conv_top_mac_muladd_8s_8s_32s_32_4_1_DSP48_0_U/m is absorbed into DSP mac_muladd_8s_8s_32s_32_4_1_U47/dpu_conv_top_mac_muladd_8s_8s_32s_32_4_1_DSP48_0_U/p_reg_reg.
DSP Report: Generating DSP mac_muladd_8s_8s_32s_32_4_1_U48/dpu_conv_top_mac_muladd_8s_8s_32s_32_4_1_DSP48_0_U/p_reg_reg, operation Mode is: (C+(A''*B'')')'.
DSP Report: register mac_muladd_8s_8s_32s_32_4_1_U48/dpu_conv_top_mac_muladd_8s_8s_32s_32_4_1_DSP48_0_U/p_reg_reg is absorbed into DSP mac_muladd_8s_8s_32s_32_4_1_U48/dpu_conv_top_mac_muladd_8s_8s_32s_32_4_1_DSP48_0_U/p_reg_reg.
DSP Report: register mac_muladd_8s_8s_32s_32_4_1_U48/dpu_conv_top_mac_muladd_8s_8s_32s_32_4_1_DSP48_0_U/p_reg_reg is absorbed into DSP mac_muladd_8s_8s_32s_32_4_1_U48/dpu_conv_top_mac_muladd_8s_8s_32s_32_4_1_DSP48_0_U/p_reg_reg.
DSP Report: register mac_muladd_8s_8s_32s_32_4_1_U48/dpu_conv_top_mac_muladd_8s_8s_32s_32_4_1_DSP48_0_U/p_reg_reg is absorbed into DSP mac_muladd_8s_8s_32s_32_4_1_U48/dpu_conv_top_mac_muladd_8s_8s_32s_32_4_1_DSP48_0_U/p_reg_reg.
DSP Report: register mac_muladd_8s_8s_32s_32_4_1_U48/dpu_conv_top_mac_muladd_8s_8s_32s_32_4_1_DSP48_0_U/p_reg_reg is absorbed into DSP mac_muladd_8s_8s_32s_32_4_1_U48/dpu_conv_top_mac_muladd_8s_8s_32s_32_4_1_DSP48_0_U/p_reg_reg.
DSP Report: register mac_muladd_8s_8s_32s_32_4_1_U48/dpu_conv_top_mac_muladd_8s_8s_32s_32_4_1_DSP48_0_U/p_reg_reg is absorbed into DSP mac_muladd_8s_8s_32s_32_4_1_U48/dpu_conv_top_mac_muladd_8s_8s_32s_32_4_1_DSP48_0_U/p_reg_reg.
DSP Report: register mac_muladd_8s_8s_32s_32_4_1_U48/dpu_conv_top_mac_muladd_8s_8s_32s_32_4_1_DSP48_0_U/m_reg_reg is absorbed into DSP mac_muladd_8s_8s_32s_32_4_1_U48/dpu_conv_top_mac_muladd_8s_8s_32s_32_4_1_DSP48_0_U/p_reg_reg.
DSP Report: operator mac_muladd_8s_8s_32s_32_4_1_U48/dpu_conv_top_mac_muladd_8s_8s_32s_32_4_1_DSP48_0_U/p is absorbed into DSP mac_muladd_8s_8s_32s_32_4_1_U48/dpu_conv_top_mac_muladd_8s_8s_32s_32_4_1_DSP48_0_U/p_reg_reg.
DSP Report: operator mac_muladd_8s_8s_32s_32_4_1_U48/dpu_conv_top_mac_muladd_8s_8s_32s_32_4_1_DSP48_0_U/m is absorbed into DSP mac_muladd_8s_8s_32s_32_4_1_U48/dpu_conv_top_mac_muladd_8s_8s_32s_32_4_1_DSP48_0_U/p_reg_reg.
DSP Report: Generating DSP mac_muladd_8s_8s_32s_32_4_1_U49/dpu_conv_top_mac_muladd_8s_8s_32s_32_4_1_DSP48_0_U/p_reg_reg, operation Mode is: (C+(A''*B'')')'.
DSP Report: register mac_muladd_8s_8s_32s_32_4_1_U49/dpu_conv_top_mac_muladd_8s_8s_32s_32_4_1_DSP48_0_U/p_reg_reg is absorbed into DSP mac_muladd_8s_8s_32s_32_4_1_U49/dpu_conv_top_mac_muladd_8s_8s_32s_32_4_1_DSP48_0_U/p_reg_reg.
DSP Report: register mac_muladd_8s_8s_32s_32_4_1_U49/dpu_conv_top_mac_muladd_8s_8s_32s_32_4_1_DSP48_0_U/p_reg_reg is absorbed into DSP mac_muladd_8s_8s_32s_32_4_1_U49/dpu_conv_top_mac_muladd_8s_8s_32s_32_4_1_DSP48_0_U/p_reg_reg.
DSP Report: register mac_muladd_8s_8s_32s_32_4_1_U49/dpu_conv_top_mac_muladd_8s_8s_32s_32_4_1_DSP48_0_U/p_reg_reg is absorbed into DSP mac_muladd_8s_8s_32s_32_4_1_U49/dpu_conv_top_mac_muladd_8s_8s_32s_32_4_1_DSP48_0_U/p_reg_reg.
DSP Report: register mac_muladd_8s_8s_32s_32_4_1_U49/dpu_conv_top_mac_muladd_8s_8s_32s_32_4_1_DSP48_0_U/p_reg_reg is absorbed into DSP mac_muladd_8s_8s_32s_32_4_1_U49/dpu_conv_top_mac_muladd_8s_8s_32s_32_4_1_DSP48_0_U/p_reg_reg.
DSP Report: register mac_muladd_8s_8s_32s_32_4_1_U49/dpu_conv_top_mac_muladd_8s_8s_32s_32_4_1_DSP48_0_U/p_reg_reg is absorbed into DSP mac_muladd_8s_8s_32s_32_4_1_U49/dpu_conv_top_mac_muladd_8s_8s_32s_32_4_1_DSP48_0_U/p_reg_reg.
DSP Report: register mac_muladd_8s_8s_32s_32_4_1_U49/dpu_conv_top_mac_muladd_8s_8s_32s_32_4_1_DSP48_0_U/m_reg_reg is absorbed into DSP mac_muladd_8s_8s_32s_32_4_1_U49/dpu_conv_top_mac_muladd_8s_8s_32s_32_4_1_DSP48_0_U/p_reg_reg.
DSP Report: operator mac_muladd_8s_8s_32s_32_4_1_U49/dpu_conv_top_mac_muladd_8s_8s_32s_32_4_1_DSP48_0_U/p is absorbed into DSP mac_muladd_8s_8s_32s_32_4_1_U49/dpu_conv_top_mac_muladd_8s_8s_32s_32_4_1_DSP48_0_U/p_reg_reg.
DSP Report: operator mac_muladd_8s_8s_32s_32_4_1_U49/dpu_conv_top_mac_muladd_8s_8s_32s_32_4_1_DSP48_0_U/m is absorbed into DSP mac_muladd_8s_8s_32s_32_4_1_U49/dpu_conv_top_mac_muladd_8s_8s_32s_32_4_1_DSP48_0_U/p_reg_reg.
DSP Report: Generating DSP mac_muladd_8s_8s_32s_32_4_1_U50/dpu_conv_top_mac_muladd_8s_8s_32s_32_4_1_DSP48_0_U/p_reg_reg, operation Mode is: (PCIN or C')+(A''*B'')'.
DSP Report: register mac_muladd_8s_8s_32s_32_4_1_U50/dpu_conv_top_mac_muladd_8s_8s_32s_32_4_1_DSP48_0_U/p_reg_reg is absorbed into DSP mac_muladd_8s_8s_32s_32_4_1_U50/dpu_conv_top_mac_muladd_8s_8s_32s_32_4_1_DSP48_0_U/p_reg_reg.
DSP Report: register mac_muladd_8s_8s_32s_32_4_1_U50/dpu_conv_top_mac_muladd_8s_8s_32s_32_4_1_DSP48_0_U/p_reg_reg is absorbed into DSP mac_muladd_8s_8s_32s_32_4_1_U50/dpu_conv_top_mac_muladd_8s_8s_32s_32_4_1_DSP48_0_U/p_reg_reg.
DSP Report: register mac_muladd_8s_8s_32s_32_4_1_U50/dpu_conv_top_mac_muladd_8s_8s_32s_32_4_1_DSP48_0_U/p_reg_reg is absorbed into DSP mac_muladd_8s_8s_32s_32_4_1_U50/dpu_conv_top_mac_muladd_8s_8s_32s_32_4_1_DSP48_0_U/p_reg_reg.
DSP Report: register mac_muladd_8s_8s_32s_32_4_1_U50/dpu_conv_top_mac_muladd_8s_8s_32s_32_4_1_DSP48_0_U/p_reg_reg is absorbed into DSP mac_muladd_8s_8s_32s_32_4_1_U50/dpu_conv_top_mac_muladd_8s_8s_32s_32_4_1_DSP48_0_U/p_reg_reg.
DSP Report: register ap_phi_reg_pp0_iter0_acc_94_reg_1842_reg is absorbed into DSP mac_muladd_8s_8s_32s_32_4_1_U50/dpu_conv_top_mac_muladd_8s_8s_32s_32_4_1_DSP48_0_U/p_reg_reg.
DSP Report: register mac_muladd_8s_8s_32s_32_4_1_U50/dpu_conv_top_mac_muladd_8s_8s_32s_32_4_1_DSP48_0_U/p_reg_reg is absorbed into DSP mac_muladd_8s_8s_32s_32_4_1_U50/dpu_conv_top_mac_muladd_8s_8s_32s_32_4_1_DSP48_0_U/p_reg_reg.
DSP Report: register mac_muladd_8s_8s_32s_32_4_1_U50/dpu_conv_top_mac_muladd_8s_8s_32s_32_4_1_DSP48_0_U/m_reg_reg is absorbed into DSP mac_muladd_8s_8s_32s_32_4_1_U50/dpu_conv_top_mac_muladd_8s_8s_32s_32_4_1_DSP48_0_U/p_reg_reg.
DSP Report: operator mac_muladd_8s_8s_32s_32_4_1_U50/dpu_conv_top_mac_muladd_8s_8s_32s_32_4_1_DSP48_0_U/p is absorbed into DSP mac_muladd_8s_8s_32s_32_4_1_U50/dpu_conv_top_mac_muladd_8s_8s_32s_32_4_1_DSP48_0_U/p_reg_reg.
DSP Report: operator mac_muladd_8s_8s_32s_32_4_1_U50/dpu_conv_top_mac_muladd_8s_8s_32s_32_4_1_DSP48_0_U/m is absorbed into DSP mac_muladd_8s_8s_32s_32_4_1_U50/dpu_conv_top_mac_muladd_8s_8s_32s_32_4_1_DSP48_0_U/p_reg_reg.
DSP Report: Generating DSP mac_muladd_8s_8s_32s_32_4_1_U51/dpu_conv_top_mac_muladd_8s_8s_32s_32_4_1_DSP48_0_U/p_reg_reg, operation Mode is: (PCIN+(A''*B'')')'.
DSP Report: register mac_muladd_8s_8s_32s_32_4_1_U51/dpu_conv_top_mac_muladd_8s_8s_32s_32_4_1_DSP48_0_U/p_reg_reg is absorbed into DSP mac_muladd_8s_8s_32s_32_4_1_U51/dpu_conv_top_mac_muladd_8s_8s_32s_32_4_1_DSP48_0_U/p_reg_reg.
DSP Report: register mac_muladd_8s_8s_32s_32_4_1_U51/dpu_conv_top_mac_muladd_8s_8s_32s_32_4_1_DSP48_0_U/p_reg_reg is absorbed into DSP mac_muladd_8s_8s_32s_32_4_1_U51/dpu_conv_top_mac_muladd_8s_8s_32s_32_4_1_DSP48_0_U/p_reg_reg.
DSP Report: register mac_muladd_8s_8s_32s_32_4_1_U51/dpu_conv_top_mac_muladd_8s_8s_32s_32_4_1_DSP48_0_U/p_reg_reg is absorbed into DSP mac_muladd_8s_8s_32s_32_4_1_U51/dpu_conv_top_mac_muladd_8s_8s_32s_32_4_1_DSP48_0_U/p_reg_reg.
DSP Report: register mac_muladd_8s_8s_32s_32_4_1_U51/dpu_conv_top_mac_muladd_8s_8s_32s_32_4_1_DSP48_0_U/p_reg_reg is absorbed into DSP mac_muladd_8s_8s_32s_32_4_1_U51/dpu_conv_top_mac_muladd_8s_8s_32s_32_4_1_DSP48_0_U/p_reg_reg.
DSP Report: register mac_muladd_8s_8s_32s_32_4_1_U51/dpu_conv_top_mac_muladd_8s_8s_32s_32_4_1_DSP48_0_U/p_reg_reg is absorbed into DSP mac_muladd_8s_8s_32s_32_4_1_U51/dpu_conv_top_mac_muladd_8s_8s_32s_32_4_1_DSP48_0_U/p_reg_reg.
DSP Report: register mac_muladd_8s_8s_32s_32_4_1_U51/dpu_conv_top_mac_muladd_8s_8s_32s_32_4_1_DSP48_0_U/m_reg_reg is absorbed into DSP mac_muladd_8s_8s_32s_32_4_1_U51/dpu_conv_top_mac_muladd_8s_8s_32s_32_4_1_DSP48_0_U/p_reg_reg.
DSP Report: operator mac_muladd_8s_8s_32s_32_4_1_U51/dpu_conv_top_mac_muladd_8s_8s_32s_32_4_1_DSP48_0_U/p is absorbed into DSP mac_muladd_8s_8s_32s_32_4_1_U51/dpu_conv_top_mac_muladd_8s_8s_32s_32_4_1_DSP48_0_U/p_reg_reg.
DSP Report: operator mac_muladd_8s_8s_32s_32_4_1_U51/dpu_conv_top_mac_muladd_8s_8s_32s_32_4_1_DSP48_0_U/m is absorbed into DSP mac_muladd_8s_8s_32s_32_4_1_U51/dpu_conv_top_mac_muladd_8s_8s_32s_32_4_1_DSP48_0_U/p_reg_reg.
DSP Report: Generating DSP mac_muladd_8s_8s_32s_32_4_1_U52/dpu_conv_top_mac_muladd_8s_8s_32s_32_4_1_DSP48_0_U/p_reg_reg, operation Mode is: (C+(A''*B'')')'.
DSP Report: register mac_muladd_8s_8s_32s_32_4_1_U52/dpu_conv_top_mac_muladd_8s_8s_32s_32_4_1_DSP48_0_U/p_reg_reg is absorbed into DSP mac_muladd_8s_8s_32s_32_4_1_U52/dpu_conv_top_mac_muladd_8s_8s_32s_32_4_1_DSP48_0_U/p_reg_reg.
DSP Report: register mac_muladd_8s_8s_32s_32_4_1_U52/dpu_conv_top_mac_muladd_8s_8s_32s_32_4_1_DSP48_0_U/p_reg_reg is absorbed into DSP mac_muladd_8s_8s_32s_32_4_1_U52/dpu_conv_top_mac_muladd_8s_8s_32s_32_4_1_DSP48_0_U/p_reg_reg.
DSP Report: register mac_muladd_8s_8s_32s_32_4_1_U52/dpu_conv_top_mac_muladd_8s_8s_32s_32_4_1_DSP48_0_U/p_reg_reg is absorbed into DSP mac_muladd_8s_8s_32s_32_4_1_U52/dpu_conv_top_mac_muladd_8s_8s_32s_32_4_1_DSP48_0_U/p_reg_reg.
DSP Report: register mac_muladd_8s_8s_32s_32_4_1_U52/dpu_conv_top_mac_muladd_8s_8s_32s_32_4_1_DSP48_0_U/p_reg_reg is absorbed into DSP mac_muladd_8s_8s_32s_32_4_1_U52/dpu_conv_top_mac_muladd_8s_8s_32s_32_4_1_DSP48_0_U/p_reg_reg.
DSP Report: register mac_muladd_8s_8s_32s_32_4_1_U52/dpu_conv_top_mac_muladd_8s_8s_32s_32_4_1_DSP48_0_U/p_reg_reg is absorbed into DSP mac_muladd_8s_8s_32s_32_4_1_U52/dpu_conv_top_mac_muladd_8s_8s_32s_32_4_1_DSP48_0_U/p_reg_reg.
DSP Report: register mac_muladd_8s_8s_32s_32_4_1_U52/dpu_conv_top_mac_muladd_8s_8s_32s_32_4_1_DSP48_0_U/m_reg_reg is absorbed into DSP mac_muladd_8s_8s_32s_32_4_1_U52/dpu_conv_top_mac_muladd_8s_8s_32s_32_4_1_DSP48_0_U/p_reg_reg.
DSP Report: operator mac_muladd_8s_8s_32s_32_4_1_U52/dpu_conv_top_mac_muladd_8s_8s_32s_32_4_1_DSP48_0_U/p is absorbed into DSP mac_muladd_8s_8s_32s_32_4_1_U52/dpu_conv_top_mac_muladd_8s_8s_32s_32_4_1_DSP48_0_U/p_reg_reg.
DSP Report: operator mac_muladd_8s_8s_32s_32_4_1_U52/dpu_conv_top_mac_muladd_8s_8s_32s_32_4_1_DSP48_0_U/m is absorbed into DSP mac_muladd_8s_8s_32s_32_4_1_U52/dpu_conv_top_mac_muladd_8s_8s_32s_32_4_1_DSP48_0_U/p_reg_reg.
DSP Report: Generating DSP mac_muladd_8s_8s_32s_32_4_1_U53/dpu_conv_top_mac_muladd_8s_8s_32s_32_4_1_DSP48_0_U/p_reg_reg, operation Mode is: (C+(A''*B'')')'.
DSP Report: register mac_muladd_8s_8s_32s_32_4_1_U53/dpu_conv_top_mac_muladd_8s_8s_32s_32_4_1_DSP48_0_U/p_reg_reg is absorbed into DSP mac_muladd_8s_8s_32s_32_4_1_U53/dpu_conv_top_mac_muladd_8s_8s_32s_32_4_1_DSP48_0_U/p_reg_reg.
DSP Report: register mac_muladd_8s_8s_32s_32_4_1_U53/dpu_conv_top_mac_muladd_8s_8s_32s_32_4_1_DSP48_0_U/p_reg_reg is absorbed into DSP mac_muladd_8s_8s_32s_32_4_1_U53/dpu_conv_top_mac_muladd_8s_8s_32s_32_4_1_DSP48_0_U/p_reg_reg.
DSP Report: register mac_muladd_8s_8s_32s_32_4_1_U53/dpu_conv_top_mac_muladd_8s_8s_32s_32_4_1_DSP48_0_U/p_reg_reg is absorbed into DSP mac_muladd_8s_8s_32s_32_4_1_U53/dpu_conv_top_mac_muladd_8s_8s_32s_32_4_1_DSP48_0_U/p_reg_reg.
DSP Report: register mac_muladd_8s_8s_32s_32_4_1_U53/dpu_conv_top_mac_muladd_8s_8s_32s_32_4_1_DSP48_0_U/p_reg_reg is absorbed into DSP mac_muladd_8s_8s_32s_32_4_1_U53/dpu_conv_top_mac_muladd_8s_8s_32s_32_4_1_DSP48_0_U/p_reg_reg.
DSP Report: register mac_muladd_8s_8s_32s_32_4_1_U53/dpu_conv_top_mac_muladd_8s_8s_32s_32_4_1_DSP48_0_U/p_reg_reg is absorbed into DSP mac_muladd_8s_8s_32s_32_4_1_U53/dpu_conv_top_mac_muladd_8s_8s_32s_32_4_1_DSP48_0_U/p_reg_reg.
DSP Report: register mac_muladd_8s_8s_32s_32_4_1_U53/dpu_conv_top_mac_muladd_8s_8s_32s_32_4_1_DSP48_0_U/m_reg_reg is absorbed into DSP mac_muladd_8s_8s_32s_32_4_1_U53/dpu_conv_top_mac_muladd_8s_8s_32s_32_4_1_DSP48_0_U/p_reg_reg.
DSP Report: operator mac_muladd_8s_8s_32s_32_4_1_U53/dpu_conv_top_mac_muladd_8s_8s_32s_32_4_1_DSP48_0_U/p is absorbed into DSP mac_muladd_8s_8s_32s_32_4_1_U53/dpu_conv_top_mac_muladd_8s_8s_32s_32_4_1_DSP48_0_U/p_reg_reg.
DSP Report: operator mac_muladd_8s_8s_32s_32_4_1_U53/dpu_conv_top_mac_muladd_8s_8s_32s_32_4_1_DSP48_0_U/m is absorbed into DSP mac_muladd_8s_8s_32s_32_4_1_U53/dpu_conv_top_mac_muladd_8s_8s_32s_32_4_1_DSP48_0_U/p_reg_reg.
DSP Report: Generating DSP mac_muladd_8s_8s_32s_32_4_1_U54/dpu_conv_top_mac_muladd_8s_8s_32s_32_4_1_DSP48_0_U/p_reg_reg, operation Mode is: (C+(A''*B'')')'.
DSP Report: register mac_muladd_8s_8s_32s_32_4_1_U54/dpu_conv_top_mac_muladd_8s_8s_32s_32_4_1_DSP48_0_U/p_reg_reg is absorbed into DSP mac_muladd_8s_8s_32s_32_4_1_U54/dpu_conv_top_mac_muladd_8s_8s_32s_32_4_1_DSP48_0_U/p_reg_reg.
DSP Report: register mac_muladd_8s_8s_32s_32_4_1_U54/dpu_conv_top_mac_muladd_8s_8s_32s_32_4_1_DSP48_0_U/p_reg_reg is absorbed into DSP mac_muladd_8s_8s_32s_32_4_1_U54/dpu_conv_top_mac_muladd_8s_8s_32s_32_4_1_DSP48_0_U/p_reg_reg.
DSP Report: register mac_muladd_8s_8s_32s_32_4_1_U54/dpu_conv_top_mac_muladd_8s_8s_32s_32_4_1_DSP48_0_U/p_reg_reg is absorbed into DSP mac_muladd_8s_8s_32s_32_4_1_U54/dpu_conv_top_mac_muladd_8s_8s_32s_32_4_1_DSP48_0_U/p_reg_reg.
DSP Report: register mac_muladd_8s_8s_32s_32_4_1_U54/dpu_conv_top_mac_muladd_8s_8s_32s_32_4_1_DSP48_0_U/p_reg_reg is absorbed into DSP mac_muladd_8s_8s_32s_32_4_1_U54/dpu_conv_top_mac_muladd_8s_8s_32s_32_4_1_DSP48_0_U/p_reg_reg.
DSP Report: register mac_muladd_8s_8s_32s_32_4_1_U54/dpu_conv_top_mac_muladd_8s_8s_32s_32_4_1_DSP48_0_U/p_reg_reg is absorbed into DSP mac_muladd_8s_8s_32s_32_4_1_U54/dpu_conv_top_mac_muladd_8s_8s_32s_32_4_1_DSP48_0_U/p_reg_reg.
DSP Report: register mac_muladd_8s_8s_32s_32_4_1_U54/dpu_conv_top_mac_muladd_8s_8s_32s_32_4_1_DSP48_0_U/m_reg_reg is absorbed into DSP mac_muladd_8s_8s_32s_32_4_1_U54/dpu_conv_top_mac_muladd_8s_8s_32s_32_4_1_DSP48_0_U/p_reg_reg.
DSP Report: operator mac_muladd_8s_8s_32s_32_4_1_U54/dpu_conv_top_mac_muladd_8s_8s_32s_32_4_1_DSP48_0_U/p is absorbed into DSP mac_muladd_8s_8s_32s_32_4_1_U54/dpu_conv_top_mac_muladd_8s_8s_32s_32_4_1_DSP48_0_U/p_reg_reg.
DSP Report: operator mac_muladd_8s_8s_32s_32_4_1_U54/dpu_conv_top_mac_muladd_8s_8s_32s_32_4_1_DSP48_0_U/m is absorbed into DSP mac_muladd_8s_8s_32s_32_4_1_U54/dpu_conv_top_mac_muladd_8s_8s_32s_32_4_1_DSP48_0_U/p_reg_reg.
DSP Report: Generating DSP mac_muladd_8s_8s_32s_32_4_1_U55/dpu_conv_top_mac_muladd_8s_8s_32s_32_4_1_DSP48_0_U/p_reg_reg, operation Mode is: (C+(A''*B'')')'.
DSP Report: register mac_muladd_8s_8s_32s_32_4_1_U55/dpu_conv_top_mac_muladd_8s_8s_32s_32_4_1_DSP48_0_U/p_reg_reg is absorbed into DSP mac_muladd_8s_8s_32s_32_4_1_U55/dpu_conv_top_mac_muladd_8s_8s_32s_32_4_1_DSP48_0_U/p_reg_reg.
DSP Report: register mac_muladd_8s_8s_32s_32_4_1_U55/dpu_conv_top_mac_muladd_8s_8s_32s_32_4_1_DSP48_0_U/p_reg_reg is absorbed into DSP mac_muladd_8s_8s_32s_32_4_1_U55/dpu_conv_top_mac_muladd_8s_8s_32s_32_4_1_DSP48_0_U/p_reg_reg.
DSP Report: register mac_muladd_8s_8s_32s_32_4_1_U55/dpu_conv_top_mac_muladd_8s_8s_32s_32_4_1_DSP48_0_U/p_reg_reg is absorbed into DSP mac_muladd_8s_8s_32s_32_4_1_U55/dpu_conv_top_mac_muladd_8s_8s_32s_32_4_1_DSP48_0_U/p_reg_reg.
DSP Report: register mac_muladd_8s_8s_32s_32_4_1_U55/dpu_conv_top_mac_muladd_8s_8s_32s_32_4_1_DSP48_0_U/p_reg_reg is absorbed into DSP mac_muladd_8s_8s_32s_32_4_1_U55/dpu_conv_top_mac_muladd_8s_8s_32s_32_4_1_DSP48_0_U/p_reg_reg.
DSP Report: register mac_muladd_8s_8s_32s_32_4_1_U55/dpu_conv_top_mac_muladd_8s_8s_32s_32_4_1_DSP48_0_U/p_reg_reg is absorbed into DSP mac_muladd_8s_8s_32s_32_4_1_U55/dpu_conv_top_mac_muladd_8s_8s_32s_32_4_1_DSP48_0_U/p_reg_reg.
DSP Report: register mac_muladd_8s_8s_32s_32_4_1_U55/dpu_conv_top_mac_muladd_8s_8s_32s_32_4_1_DSP48_0_U/m_reg_reg is absorbed into DSP mac_muladd_8s_8s_32s_32_4_1_U55/dpu_conv_top_mac_muladd_8s_8s_32s_32_4_1_DSP48_0_U/p_reg_reg.
DSP Report: operator mac_muladd_8s_8s_32s_32_4_1_U55/dpu_conv_top_mac_muladd_8s_8s_32s_32_4_1_DSP48_0_U/p is absorbed into DSP mac_muladd_8s_8s_32s_32_4_1_U55/dpu_conv_top_mac_muladd_8s_8s_32s_32_4_1_DSP48_0_U/p_reg_reg.
DSP Report: operator mac_muladd_8s_8s_32s_32_4_1_U55/dpu_conv_top_mac_muladd_8s_8s_32s_32_4_1_DSP48_0_U/m is absorbed into DSP mac_muladd_8s_8s_32s_32_4_1_U55/dpu_conv_top_mac_muladd_8s_8s_32s_32_4_1_DSP48_0_U/p_reg_reg.
DSP Report: Generating DSP mac_muladd_8s_8s_32s_32_4_1_U56/dpu_conv_top_mac_muladd_8s_8s_32s_32_4_1_DSP48_0_U/p_reg_reg, operation Mode is: (C+(A''*B'')')'.
DSP Report: register mac_muladd_8s_8s_32s_32_4_1_U56/dpu_conv_top_mac_muladd_8s_8s_32s_32_4_1_DSP48_0_U/p_reg_reg is absorbed into DSP mac_muladd_8s_8s_32s_32_4_1_U56/dpu_conv_top_mac_muladd_8s_8s_32s_32_4_1_DSP48_0_U/p_reg_reg.
DSP Report: register mac_muladd_8s_8s_32s_32_4_1_U56/dpu_conv_top_mac_muladd_8s_8s_32s_32_4_1_DSP48_0_U/p_reg_reg is absorbed into DSP mac_muladd_8s_8s_32s_32_4_1_U56/dpu_conv_top_mac_muladd_8s_8s_32s_32_4_1_DSP48_0_U/p_reg_reg.
DSP Report: register mac_muladd_8s_8s_32s_32_4_1_U56/dpu_conv_top_mac_muladd_8s_8s_32s_32_4_1_DSP48_0_U/p_reg_reg is absorbed into DSP mac_muladd_8s_8s_32s_32_4_1_U56/dpu_conv_top_mac_muladd_8s_8s_32s_32_4_1_DSP48_0_U/p_reg_reg.
DSP Report: register mac_muladd_8s_8s_32s_32_4_1_U56/dpu_conv_top_mac_muladd_8s_8s_32s_32_4_1_DSP48_0_U/p_reg_reg is absorbed into DSP mac_muladd_8s_8s_32s_32_4_1_U56/dpu_conv_top_mac_muladd_8s_8s_32s_32_4_1_DSP48_0_U/p_reg_reg.
DSP Report: register mac_muladd_8s_8s_32s_32_4_1_U56/dpu_conv_top_mac_muladd_8s_8s_32s_32_4_1_DSP48_0_U/p_reg_reg is absorbed into DSP mac_muladd_8s_8s_32s_32_4_1_U56/dpu_conv_top_mac_muladd_8s_8s_32s_32_4_1_DSP48_0_U/p_reg_reg.
DSP Report: register mac_muladd_8s_8s_32s_32_4_1_U56/dpu_conv_top_mac_muladd_8s_8s_32s_32_4_1_DSP48_0_U/m_reg_reg is absorbed into DSP mac_muladd_8s_8s_32s_32_4_1_U56/dpu_conv_top_mac_muladd_8s_8s_32s_32_4_1_DSP48_0_U/p_reg_reg.
DSP Report: operator mac_muladd_8s_8s_32s_32_4_1_U56/dpu_conv_top_mac_muladd_8s_8s_32s_32_4_1_DSP48_0_U/p is absorbed into DSP mac_muladd_8s_8s_32s_32_4_1_U56/dpu_conv_top_mac_muladd_8s_8s_32s_32_4_1_DSP48_0_U/p_reg_reg.
DSP Report: operator mac_muladd_8s_8s_32s_32_4_1_U56/dpu_conv_top_mac_muladd_8s_8s_32s_32_4_1_DSP48_0_U/m is absorbed into DSP mac_muladd_8s_8s_32s_32_4_1_U56/dpu_conv_top_mac_muladd_8s_8s_32s_32_4_1_DSP48_0_U/p_reg_reg.
DSP Report: Generating DSP mac_muladd_8s_8s_32s_32_4_1_U57/dpu_conv_top_mac_muladd_8s_8s_32s_32_4_1_DSP48_0_U/p_reg_reg, operation Mode is: (C+(A''*B'')')'.
DSP Report: register mac_muladd_8s_8s_32s_32_4_1_U57/dpu_conv_top_mac_muladd_8s_8s_32s_32_4_1_DSP48_0_U/p_reg_reg is absorbed into DSP mac_muladd_8s_8s_32s_32_4_1_U57/dpu_conv_top_mac_muladd_8s_8s_32s_32_4_1_DSP48_0_U/p_reg_reg.
DSP Report: register mac_muladd_8s_8s_32s_32_4_1_U57/dpu_conv_top_mac_muladd_8s_8s_32s_32_4_1_DSP48_0_U/p_reg_reg is absorbed into DSP mac_muladd_8s_8s_32s_32_4_1_U57/dpu_conv_top_mac_muladd_8s_8s_32s_32_4_1_DSP48_0_U/p_reg_reg.
DSP Report: register mac_muladd_8s_8s_32s_32_4_1_U57/dpu_conv_top_mac_muladd_8s_8s_32s_32_4_1_DSP48_0_U/p_reg_reg is absorbed into DSP mac_muladd_8s_8s_32s_32_4_1_U57/dpu_conv_top_mac_muladd_8s_8s_32s_32_4_1_DSP48_0_U/p_reg_reg.
DSP Report: register mac_muladd_8s_8s_32s_32_4_1_U57/dpu_conv_top_mac_muladd_8s_8s_32s_32_4_1_DSP48_0_U/p_reg_reg is absorbed into DSP mac_muladd_8s_8s_32s_32_4_1_U57/dpu_conv_top_mac_muladd_8s_8s_32s_32_4_1_DSP48_0_U/p_reg_reg.
DSP Report: register mac_muladd_8s_8s_32s_32_4_1_U57/dpu_conv_top_mac_muladd_8s_8s_32s_32_4_1_DSP48_0_U/p_reg_reg is absorbed into DSP mac_muladd_8s_8s_32s_32_4_1_U57/dpu_conv_top_mac_muladd_8s_8s_32s_32_4_1_DSP48_0_U/p_reg_reg.
DSP Report: register mac_muladd_8s_8s_32s_32_4_1_U57/dpu_conv_top_mac_muladd_8s_8s_32s_32_4_1_DSP48_0_U/m_reg_reg is absorbed into DSP mac_muladd_8s_8s_32s_32_4_1_U57/dpu_conv_top_mac_muladd_8s_8s_32s_32_4_1_DSP48_0_U/p_reg_reg.
DSP Report: operator mac_muladd_8s_8s_32s_32_4_1_U57/dpu_conv_top_mac_muladd_8s_8s_32s_32_4_1_DSP48_0_U/p is absorbed into DSP mac_muladd_8s_8s_32s_32_4_1_U57/dpu_conv_top_mac_muladd_8s_8s_32s_32_4_1_DSP48_0_U/p_reg_reg.
DSP Report: operator mac_muladd_8s_8s_32s_32_4_1_U57/dpu_conv_top_mac_muladd_8s_8s_32s_32_4_1_DSP48_0_U/m is absorbed into DSP mac_muladd_8s_8s_32s_32_4_1_U57/dpu_conv_top_mac_muladd_8s_8s_32s_32_4_1_DSP48_0_U/p_reg_reg.
DSP Report: Generating DSP mac_muladd_8s_8s_32s_32_4_1_U58/dpu_conv_top_mac_muladd_8s_8s_32s_32_4_1_DSP48_0_U/p_reg_reg, operation Mode is: (C+(A''*B'')')'.
DSP Report: register mac_muladd_8s_8s_32s_32_4_1_U58/dpu_conv_top_mac_muladd_8s_8s_32s_32_4_1_DSP48_0_U/p_reg_reg is absorbed into DSP mac_muladd_8s_8s_32s_32_4_1_U58/dpu_conv_top_mac_muladd_8s_8s_32s_32_4_1_DSP48_0_U/p_reg_reg.
DSP Report: register mac_muladd_8s_8s_32s_32_4_1_U58/dpu_conv_top_mac_muladd_8s_8s_32s_32_4_1_DSP48_0_U/p_reg_reg is absorbed into DSP mac_muladd_8s_8s_32s_32_4_1_U58/dpu_conv_top_mac_muladd_8s_8s_32s_32_4_1_DSP48_0_U/p_reg_reg.
DSP Report: register mac_muladd_8s_8s_32s_32_4_1_U58/dpu_conv_top_mac_muladd_8s_8s_32s_32_4_1_DSP48_0_U/p_reg_reg is absorbed into DSP mac_muladd_8s_8s_32s_32_4_1_U58/dpu_conv_top_mac_muladd_8s_8s_32s_32_4_1_DSP48_0_U/p_reg_reg.
DSP Report: register mac_muladd_8s_8s_32s_32_4_1_U58/dpu_conv_top_mac_muladd_8s_8s_32s_32_4_1_DSP48_0_U/p_reg_reg is absorbed into DSP mac_muladd_8s_8s_32s_32_4_1_U58/dpu_conv_top_mac_muladd_8s_8s_32s_32_4_1_DSP48_0_U/p_reg_reg.
DSP Report: register mac_muladd_8s_8s_32s_32_4_1_U58/dpu_conv_top_mac_muladd_8s_8s_32s_32_4_1_DSP48_0_U/p_reg_reg is absorbed into DSP mac_muladd_8s_8s_32s_32_4_1_U58/dpu_conv_top_mac_muladd_8s_8s_32s_32_4_1_DSP48_0_U/p_reg_reg.
DSP Report: register mac_muladd_8s_8s_32s_32_4_1_U58/dpu_conv_top_mac_muladd_8s_8s_32s_32_4_1_DSP48_0_U/m_reg_reg is absorbed into DSP mac_muladd_8s_8s_32s_32_4_1_U58/dpu_conv_top_mac_muladd_8s_8s_32s_32_4_1_DSP48_0_U/p_reg_reg.
DSP Report: operator mac_muladd_8s_8s_32s_32_4_1_U58/dpu_conv_top_mac_muladd_8s_8s_32s_32_4_1_DSP48_0_U/p is absorbed into DSP mac_muladd_8s_8s_32s_32_4_1_U58/dpu_conv_top_mac_muladd_8s_8s_32s_32_4_1_DSP48_0_U/p_reg_reg.
DSP Report: operator mac_muladd_8s_8s_32s_32_4_1_U58/dpu_conv_top_mac_muladd_8s_8s_32s_32_4_1_DSP48_0_U/m is absorbed into DSP mac_muladd_8s_8s_32s_32_4_1_U58/dpu_conv_top_mac_muladd_8s_8s_32s_32_4_1_DSP48_0_U/p_reg_reg.
DSP Report: Generating DSP mac_muladd_8s_8s_32s_32_4_1_U59/dpu_conv_top_mac_muladd_8s_8s_32s_32_4_1_DSP48_0_U/p_reg_reg, operation Mode is: (PCIN or C')+(A''*B'')'.
DSP Report: register mac_muladd_8s_8s_32s_32_4_1_U59/dpu_conv_top_mac_muladd_8s_8s_32s_32_4_1_DSP48_0_U/p_reg_reg is absorbed into DSP mac_muladd_8s_8s_32s_32_4_1_U59/dpu_conv_top_mac_muladd_8s_8s_32s_32_4_1_DSP48_0_U/p_reg_reg.
DSP Report: register mac_muladd_8s_8s_32s_32_4_1_U59/dpu_conv_top_mac_muladd_8s_8s_32s_32_4_1_DSP48_0_U/p_reg_reg is absorbed into DSP mac_muladd_8s_8s_32s_32_4_1_U59/dpu_conv_top_mac_muladd_8s_8s_32s_32_4_1_DSP48_0_U/p_reg_reg.
DSP Report: register mac_muladd_8s_8s_32s_32_4_1_U59/dpu_conv_top_mac_muladd_8s_8s_32s_32_4_1_DSP48_0_U/p_reg_reg is absorbed into DSP mac_muladd_8s_8s_32s_32_4_1_U59/dpu_conv_top_mac_muladd_8s_8s_32s_32_4_1_DSP48_0_U/p_reg_reg.
DSP Report: register mac_muladd_8s_8s_32s_32_4_1_U59/dpu_conv_top_mac_muladd_8s_8s_32s_32_4_1_DSP48_0_U/p_reg_reg is absorbed into DSP mac_muladd_8s_8s_32s_32_4_1_U59/dpu_conv_top_mac_muladd_8s_8s_32s_32_4_1_DSP48_0_U/p_reg_reg.
DSP Report: register ap_phi_reg_pp0_iter1_acc_111_reg_1975_reg is absorbed into DSP mac_muladd_8s_8s_32s_32_4_1_U59/dpu_conv_top_mac_muladd_8s_8s_32s_32_4_1_DSP48_0_U/p_reg_reg.
DSP Report: register mac_muladd_8s_8s_32s_32_4_1_U59/dpu_conv_top_mac_muladd_8s_8s_32s_32_4_1_DSP48_0_U/p_reg_reg is absorbed into DSP mac_muladd_8s_8s_32s_32_4_1_U59/dpu_conv_top_mac_muladd_8s_8s_32s_32_4_1_DSP48_0_U/p_reg_reg.
DSP Report: register mac_muladd_8s_8s_32s_32_4_1_U59/dpu_conv_top_mac_muladd_8s_8s_32s_32_4_1_DSP48_0_U/m_reg_reg is absorbed into DSP mac_muladd_8s_8s_32s_32_4_1_U59/dpu_conv_top_mac_muladd_8s_8s_32s_32_4_1_DSP48_0_U/p_reg_reg.
DSP Report: operator mac_muladd_8s_8s_32s_32_4_1_U59/dpu_conv_top_mac_muladd_8s_8s_32s_32_4_1_DSP48_0_U/p is absorbed into DSP mac_muladd_8s_8s_32s_32_4_1_U59/dpu_conv_top_mac_muladd_8s_8s_32s_32_4_1_DSP48_0_U/p_reg_reg.
DSP Report: operator mac_muladd_8s_8s_32s_32_4_1_U59/dpu_conv_top_mac_muladd_8s_8s_32s_32_4_1_DSP48_0_U/m is absorbed into DSP mac_muladd_8s_8s_32s_32_4_1_U59/dpu_conv_top_mac_muladd_8s_8s_32s_32_4_1_DSP48_0_U/p_reg_reg.
DSP Report: Generating DSP mac_muladd_8s_8s_32s_32_4_1_U60/dpu_conv_top_mac_muladd_8s_8s_32s_32_4_1_DSP48_0_U/p_reg_reg, operation Mode is: (PCIN+(A''*B'')')'.
DSP Report: register mac_muladd_8s_8s_32s_32_4_1_U60/dpu_conv_top_mac_muladd_8s_8s_32s_32_4_1_DSP48_0_U/p_reg_reg is absorbed into DSP mac_muladd_8s_8s_32s_32_4_1_U60/dpu_conv_top_mac_muladd_8s_8s_32s_32_4_1_DSP48_0_U/p_reg_reg.
DSP Report: register mac_muladd_8s_8s_32s_32_4_1_U60/dpu_conv_top_mac_muladd_8s_8s_32s_32_4_1_DSP48_0_U/p_reg_reg is absorbed into DSP mac_muladd_8s_8s_32s_32_4_1_U60/dpu_conv_top_mac_muladd_8s_8s_32s_32_4_1_DSP48_0_U/p_reg_reg.
DSP Report: register mac_muladd_8s_8s_32s_32_4_1_U60/dpu_conv_top_mac_muladd_8s_8s_32s_32_4_1_DSP48_0_U/p_reg_reg is absorbed into DSP mac_muladd_8s_8s_32s_32_4_1_U60/dpu_conv_top_mac_muladd_8s_8s_32s_32_4_1_DSP48_0_U/p_reg_reg.
DSP Report: register mac_muladd_8s_8s_32s_32_4_1_U60/dpu_conv_top_mac_muladd_8s_8s_32s_32_4_1_DSP48_0_U/p_reg_reg is absorbed into DSP mac_muladd_8s_8s_32s_32_4_1_U60/dpu_conv_top_mac_muladd_8s_8s_32s_32_4_1_DSP48_0_U/p_reg_reg.
DSP Report: register mac_muladd_8s_8s_32s_32_4_1_U60/dpu_conv_top_mac_muladd_8s_8s_32s_32_4_1_DSP48_0_U/p_reg_reg is absorbed into DSP mac_muladd_8s_8s_32s_32_4_1_U60/dpu_conv_top_mac_muladd_8s_8s_32s_32_4_1_DSP48_0_U/p_reg_reg.
DSP Report: register mac_muladd_8s_8s_32s_32_4_1_U60/dpu_conv_top_mac_muladd_8s_8s_32s_32_4_1_DSP48_0_U/m_reg_reg is absorbed into DSP mac_muladd_8s_8s_32s_32_4_1_U60/dpu_conv_top_mac_muladd_8s_8s_32s_32_4_1_DSP48_0_U/p_reg_reg.
DSP Report: operator mac_muladd_8s_8s_32s_32_4_1_U60/dpu_conv_top_mac_muladd_8s_8s_32s_32_4_1_DSP48_0_U/p is absorbed into DSP mac_muladd_8s_8s_32s_32_4_1_U60/dpu_conv_top_mac_muladd_8s_8s_32s_32_4_1_DSP48_0_U/p_reg_reg.
DSP Report: operator mac_muladd_8s_8s_32s_32_4_1_U60/dpu_conv_top_mac_muladd_8s_8s_32s_32_4_1_DSP48_0_U/m is absorbed into DSP mac_muladd_8s_8s_32s_32_4_1_U60/dpu_conv_top_mac_muladd_8s_8s_32s_32_4_1_DSP48_0_U/p_reg_reg.
DSP Report: Generating DSP mac_muladd_8s_8s_32s_32_4_1_U61/dpu_conv_top_mac_muladd_8s_8s_32s_32_4_1_DSP48_0_U/p_reg_reg, operation Mode is: (C+(A''*B'')')'.
DSP Report: register mac_muladd_8s_8s_32s_32_4_1_U61/dpu_conv_top_mac_muladd_8s_8s_32s_32_4_1_DSP48_0_U/p_reg_reg is absorbed into DSP mac_muladd_8s_8s_32s_32_4_1_U61/dpu_conv_top_mac_muladd_8s_8s_32s_32_4_1_DSP48_0_U/p_reg_reg.
DSP Report: register mac_muladd_8s_8s_32s_32_4_1_U61/dpu_conv_top_mac_muladd_8s_8s_32s_32_4_1_DSP48_0_U/p_reg_reg is absorbed into DSP mac_muladd_8s_8s_32s_32_4_1_U61/dpu_conv_top_mac_muladd_8s_8s_32s_32_4_1_DSP48_0_U/p_reg_reg.
DSP Report: register mac_muladd_8s_8s_32s_32_4_1_U61/dpu_conv_top_mac_muladd_8s_8s_32s_32_4_1_DSP48_0_U/p_reg_reg is absorbed into DSP mac_muladd_8s_8s_32s_32_4_1_U61/dpu_conv_top_mac_muladd_8s_8s_32s_32_4_1_DSP48_0_U/p_reg_reg.
DSP Report: register mac_muladd_8s_8s_32s_32_4_1_U61/dpu_conv_top_mac_muladd_8s_8s_32s_32_4_1_DSP48_0_U/p_reg_reg is absorbed into DSP mac_muladd_8s_8s_32s_32_4_1_U61/dpu_conv_top_mac_muladd_8s_8s_32s_32_4_1_DSP48_0_U/p_reg_reg.
DSP Report: register mac_muladd_8s_8s_32s_32_4_1_U61/dpu_conv_top_mac_muladd_8s_8s_32s_32_4_1_DSP48_0_U/p_reg_reg is absorbed into DSP mac_muladd_8s_8s_32s_32_4_1_U61/dpu_conv_top_mac_muladd_8s_8s_32s_32_4_1_DSP48_0_U/p_reg_reg.
DSP Report: register mac_muladd_8s_8s_32s_32_4_1_U61/dpu_conv_top_mac_muladd_8s_8s_32s_32_4_1_DSP48_0_U/m_reg_reg is absorbed into DSP mac_muladd_8s_8s_32s_32_4_1_U61/dpu_conv_top_mac_muladd_8s_8s_32s_32_4_1_DSP48_0_U/p_reg_reg.
DSP Report: operator mac_muladd_8s_8s_32s_32_4_1_U61/dpu_conv_top_mac_muladd_8s_8s_32s_32_4_1_DSP48_0_U/p is absorbed into DSP mac_muladd_8s_8s_32s_32_4_1_U61/dpu_conv_top_mac_muladd_8s_8s_32s_32_4_1_DSP48_0_U/p_reg_reg.
DSP Report: operator mac_muladd_8s_8s_32s_32_4_1_U61/dpu_conv_top_mac_muladd_8s_8s_32s_32_4_1_DSP48_0_U/m is absorbed into DSP mac_muladd_8s_8s_32s_32_4_1_U61/dpu_conv_top_mac_muladd_8s_8s_32s_32_4_1_DSP48_0_U/p_reg_reg.
DSP Report: Generating DSP mac_muladd_8s_8s_32s_32_4_1_U62/dpu_conv_top_mac_muladd_8s_8s_32s_32_4_1_DSP48_0_U/p_reg_reg, operation Mode is: (C+(A''*B'')')'.
DSP Report: register mac_muladd_8s_8s_32s_32_4_1_U62/dpu_conv_top_mac_muladd_8s_8s_32s_32_4_1_DSP48_0_U/p_reg_reg is absorbed into DSP mac_muladd_8s_8s_32s_32_4_1_U62/dpu_conv_top_mac_muladd_8s_8s_32s_32_4_1_DSP48_0_U/p_reg_reg.
DSP Report: register mac_muladd_8s_8s_32s_32_4_1_U62/dpu_conv_top_mac_muladd_8s_8s_32s_32_4_1_DSP48_0_U/p_reg_reg is absorbed into DSP mac_muladd_8s_8s_32s_32_4_1_U62/dpu_conv_top_mac_muladd_8s_8s_32s_32_4_1_DSP48_0_U/p_reg_reg.
DSP Report: register mac_muladd_8s_8s_32s_32_4_1_U62/dpu_conv_top_mac_muladd_8s_8s_32s_32_4_1_DSP48_0_U/p_reg_reg is absorbed into DSP mac_muladd_8s_8s_32s_32_4_1_U62/dpu_conv_top_mac_muladd_8s_8s_32s_32_4_1_DSP48_0_U/p_reg_reg.
DSP Report: register mac_muladd_8s_8s_32s_32_4_1_U62/dpu_conv_top_mac_muladd_8s_8s_32s_32_4_1_DSP48_0_U/p_reg_reg is absorbed into DSP mac_muladd_8s_8s_32s_32_4_1_U62/dpu_conv_top_mac_muladd_8s_8s_32s_32_4_1_DSP48_0_U/p_reg_reg.
DSP Report: register mac_muladd_8s_8s_32s_32_4_1_U62/dpu_conv_top_mac_muladd_8s_8s_32s_32_4_1_DSP48_0_U/p_reg_reg is absorbed into DSP mac_muladd_8s_8s_32s_32_4_1_U62/dpu_conv_top_mac_muladd_8s_8s_32s_32_4_1_DSP48_0_U/p_reg_reg.
DSP Report: register mac_muladd_8s_8s_32s_32_4_1_U62/dpu_conv_top_mac_muladd_8s_8s_32s_32_4_1_DSP48_0_U/m_reg_reg is absorbed into DSP mac_muladd_8s_8s_32s_32_4_1_U62/dpu_conv_top_mac_muladd_8s_8s_32s_32_4_1_DSP48_0_U/p_reg_reg.
DSP Report: operator mac_muladd_8s_8s_32s_32_4_1_U62/dpu_conv_top_mac_muladd_8s_8s_32s_32_4_1_DSP48_0_U/p is absorbed into DSP mac_muladd_8s_8s_32s_32_4_1_U62/dpu_conv_top_mac_muladd_8s_8s_32s_32_4_1_DSP48_0_U/p_reg_reg.
DSP Report: operator mac_muladd_8s_8s_32s_32_4_1_U62/dpu_conv_top_mac_muladd_8s_8s_32s_32_4_1_DSP48_0_U/m is absorbed into DSP mac_muladd_8s_8s_32s_32_4_1_U62/dpu_conv_top_mac_muladd_8s_8s_32s_32_4_1_DSP48_0_U/p_reg_reg.
DSP Report: Generating DSP mac_muladd_8s_8s_32s_32_4_1_U63/dpu_conv_top_mac_muladd_8s_8s_32s_32_4_1_DSP48_0_U/p_reg_reg, operation Mode is: (C+(A''*B'')')'.
DSP Report: register mac_muladd_8s_8s_32s_32_4_1_U63/dpu_conv_top_mac_muladd_8s_8s_32s_32_4_1_DSP48_0_U/p_reg_reg is absorbed into DSP mac_muladd_8s_8s_32s_32_4_1_U63/dpu_conv_top_mac_muladd_8s_8s_32s_32_4_1_DSP48_0_U/p_reg_reg.
DSP Report: register mac_muladd_8s_8s_32s_32_4_1_U63/dpu_conv_top_mac_muladd_8s_8s_32s_32_4_1_DSP48_0_U/p_reg_reg is absorbed into DSP mac_muladd_8s_8s_32s_32_4_1_U63/dpu_conv_top_mac_muladd_8s_8s_32s_32_4_1_DSP48_0_U/p_reg_reg.
DSP Report: register mac_muladd_8s_8s_32s_32_4_1_U63/dpu_conv_top_mac_muladd_8s_8s_32s_32_4_1_DSP48_0_U/p_reg_reg is absorbed into DSP mac_muladd_8s_8s_32s_32_4_1_U63/dpu_conv_top_mac_muladd_8s_8s_32s_32_4_1_DSP48_0_U/p_reg_reg.
DSP Report: register mac_muladd_8s_8s_32s_32_4_1_U63/dpu_conv_top_mac_muladd_8s_8s_32s_32_4_1_DSP48_0_U/p_reg_reg is absorbed into DSP mac_muladd_8s_8s_32s_32_4_1_U63/dpu_conv_top_mac_muladd_8s_8s_32s_32_4_1_DSP48_0_U/p_reg_reg.
DSP Report: register mac_muladd_8s_8s_32s_32_4_1_U63/dpu_conv_top_mac_muladd_8s_8s_32s_32_4_1_DSP48_0_U/p_reg_reg is absorbed into DSP mac_muladd_8s_8s_32s_32_4_1_U63/dpu_conv_top_mac_muladd_8s_8s_32s_32_4_1_DSP48_0_U/p_reg_reg.
DSP Report: register mac_muladd_8s_8s_32s_32_4_1_U63/dpu_conv_top_mac_muladd_8s_8s_32s_32_4_1_DSP48_0_U/m_reg_reg is absorbed into DSP mac_muladd_8s_8s_32s_32_4_1_U63/dpu_conv_top_mac_muladd_8s_8s_32s_32_4_1_DSP48_0_U/p_reg_reg.
DSP Report: operator mac_muladd_8s_8s_32s_32_4_1_U63/dpu_conv_top_mac_muladd_8s_8s_32s_32_4_1_DSP48_0_U/p is absorbed into DSP mac_muladd_8s_8s_32s_32_4_1_U63/dpu_conv_top_mac_muladd_8s_8s_32s_32_4_1_DSP48_0_U/p_reg_reg.
DSP Report: operator mac_muladd_8s_8s_32s_32_4_1_U63/dpu_conv_top_mac_muladd_8s_8s_32s_32_4_1_DSP48_0_U/m is absorbed into DSP mac_muladd_8s_8s_32s_32_4_1_U63/dpu_conv_top_mac_muladd_8s_8s_32s_32_4_1_DSP48_0_U/p_reg_reg.
DSP Report: Generating DSP mac_muladd_8s_8s_32s_32_4_1_U64/dpu_conv_top_mac_muladd_8s_8s_32s_32_4_1_DSP48_0_U/p_reg_reg, operation Mode is: (C+(A''*B'')')'.
DSP Report: register mac_muladd_8s_8s_32s_32_4_1_U64/dpu_conv_top_mac_muladd_8s_8s_32s_32_4_1_DSP48_0_U/p_reg_reg is absorbed into DSP mac_muladd_8s_8s_32s_32_4_1_U64/dpu_conv_top_mac_muladd_8s_8s_32s_32_4_1_DSP48_0_U/p_reg_reg.
DSP Report: register mac_muladd_8s_8s_32s_32_4_1_U64/dpu_conv_top_mac_muladd_8s_8s_32s_32_4_1_DSP48_0_U/p_reg_reg is absorbed into DSP mac_muladd_8s_8s_32s_32_4_1_U64/dpu_conv_top_mac_muladd_8s_8s_32s_32_4_1_DSP48_0_U/p_reg_reg.
DSP Report: register mac_muladd_8s_8s_32s_32_4_1_U64/dpu_conv_top_mac_muladd_8s_8s_32s_32_4_1_DSP48_0_U/p_reg_reg is absorbed into DSP mac_muladd_8s_8s_32s_32_4_1_U64/dpu_conv_top_mac_muladd_8s_8s_32s_32_4_1_DSP48_0_U/p_reg_reg.
DSP Report: register mac_muladd_8s_8s_32s_32_4_1_U64/dpu_conv_top_mac_muladd_8s_8s_32s_32_4_1_DSP48_0_U/p_reg_reg is absorbed into DSP mac_muladd_8s_8s_32s_32_4_1_U64/dpu_conv_top_mac_muladd_8s_8s_32s_32_4_1_DSP48_0_U/p_reg_reg.
DSP Report: register mac_muladd_8s_8s_32s_32_4_1_U64/dpu_conv_top_mac_muladd_8s_8s_32s_32_4_1_DSP48_0_U/p_reg_reg is absorbed into DSP mac_muladd_8s_8s_32s_32_4_1_U64/dpu_conv_top_mac_muladd_8s_8s_32s_32_4_1_DSP48_0_U/p_reg_reg.
DSP Report: register mac_muladd_8s_8s_32s_32_4_1_U64/dpu_conv_top_mac_muladd_8s_8s_32s_32_4_1_DSP48_0_U/m_reg_reg is absorbed into DSP mac_muladd_8s_8s_32s_32_4_1_U64/dpu_conv_top_mac_muladd_8s_8s_32s_32_4_1_DSP48_0_U/p_reg_reg.
DSP Report: operator mac_muladd_8s_8s_32s_32_4_1_U64/dpu_conv_top_mac_muladd_8s_8s_32s_32_4_1_DSP48_0_U/p is absorbed into DSP mac_muladd_8s_8s_32s_32_4_1_U64/dpu_conv_top_mac_muladd_8s_8s_32s_32_4_1_DSP48_0_U/p_reg_reg.
DSP Report: operator mac_muladd_8s_8s_32s_32_4_1_U64/dpu_conv_top_mac_muladd_8s_8s_32s_32_4_1_DSP48_0_U/m is absorbed into DSP mac_muladd_8s_8s_32s_32_4_1_U64/dpu_conv_top_mac_muladd_8s_8s_32s_32_4_1_DSP48_0_U/p_reg_reg.
DSP Report: Generating DSP mac_muladd_8s_8s_32s_32_4_1_U65/dpu_conv_top_mac_muladd_8s_8s_32s_32_4_1_DSP48_0_U/p_reg_reg, operation Mode is: (C+(A''*B'')')'.
DSP Report: register mac_muladd_8s_8s_32s_32_4_1_U65/dpu_conv_top_mac_muladd_8s_8s_32s_32_4_1_DSP48_0_U/p_reg_reg is absorbed into DSP mac_muladd_8s_8s_32s_32_4_1_U65/dpu_conv_top_mac_muladd_8s_8s_32s_32_4_1_DSP48_0_U/p_reg_reg.
DSP Report: register mac_muladd_8s_8s_32s_32_4_1_U65/dpu_conv_top_mac_muladd_8s_8s_32s_32_4_1_DSP48_0_U/p_reg_reg is absorbed into DSP mac_muladd_8s_8s_32s_32_4_1_U65/dpu_conv_top_mac_muladd_8s_8s_32s_32_4_1_DSP48_0_U/p_reg_reg.
DSP Report: register mac_muladd_8s_8s_32s_32_4_1_U65/dpu_conv_top_mac_muladd_8s_8s_32s_32_4_1_DSP48_0_U/p_reg_reg is absorbed into DSP mac_muladd_8s_8s_32s_32_4_1_U65/dpu_conv_top_mac_muladd_8s_8s_32s_32_4_1_DSP48_0_U/p_reg_reg.
DSP Report: register mac_muladd_8s_8s_32s_32_4_1_U65/dpu_conv_top_mac_muladd_8s_8s_32s_32_4_1_DSP48_0_U/p_reg_reg is absorbed into DSP mac_muladd_8s_8s_32s_32_4_1_U65/dpu_conv_top_mac_muladd_8s_8s_32s_32_4_1_DSP48_0_U/p_reg_reg.
DSP Report: register mac_muladd_8s_8s_32s_32_4_1_U65/dpu_conv_top_mac_muladd_8s_8s_32s_32_4_1_DSP48_0_U/p_reg_reg is absorbed into DSP mac_muladd_8s_8s_32s_32_4_1_U65/dpu_conv_top_mac_muladd_8s_8s_32s_32_4_1_DSP48_0_U/p_reg_reg.
DSP Report: register mac_muladd_8s_8s_32s_32_4_1_U65/dpu_conv_top_mac_muladd_8s_8s_32s_32_4_1_DSP48_0_U/m_reg_reg is absorbed into DSP mac_muladd_8s_8s_32s_32_4_1_U65/dpu_conv_top_mac_muladd_8s_8s_32s_32_4_1_DSP48_0_U/p_reg_reg.
DSP Report: operator mac_muladd_8s_8s_32s_32_4_1_U65/dpu_conv_top_mac_muladd_8s_8s_32s_32_4_1_DSP48_0_U/p is absorbed into DSP mac_muladd_8s_8s_32s_32_4_1_U65/dpu_conv_top_mac_muladd_8s_8s_32s_32_4_1_DSP48_0_U/p_reg_reg.
DSP Report: operator mac_muladd_8s_8s_32s_32_4_1_U65/dpu_conv_top_mac_muladd_8s_8s_32s_32_4_1_DSP48_0_U/m is absorbed into DSP mac_muladd_8s_8s_32s_32_4_1_U65/dpu_conv_top_mac_muladd_8s_8s_32s_32_4_1_DSP48_0_U/p_reg_reg.
DSP Report: Generating DSP mac_muladd_8s_8s_32s_32_4_1_U66/dpu_conv_top_mac_muladd_8s_8s_32s_32_4_1_DSP48_0_U/p_reg_reg, operation Mode is: (C+(A''*B'')')'.
DSP Report: register mac_muladd_8s_8s_32s_32_4_1_U66/dpu_conv_top_mac_muladd_8s_8s_32s_32_4_1_DSP48_0_U/p_reg_reg is absorbed into DSP mac_muladd_8s_8s_32s_32_4_1_U66/dpu_conv_top_mac_muladd_8s_8s_32s_32_4_1_DSP48_0_U/p_reg_reg.
DSP Report: register mac_muladd_8s_8s_32s_32_4_1_U66/dpu_conv_top_mac_muladd_8s_8s_32s_32_4_1_DSP48_0_U/p_reg_reg is absorbed into DSP mac_muladd_8s_8s_32s_32_4_1_U66/dpu_conv_top_mac_muladd_8s_8s_32s_32_4_1_DSP48_0_U/p_reg_reg.
DSP Report: register mac_muladd_8s_8s_32s_32_4_1_U66/dpu_conv_top_mac_muladd_8s_8s_32s_32_4_1_DSP48_0_U/p_reg_reg is absorbed into DSP mac_muladd_8s_8s_32s_32_4_1_U66/dpu_conv_top_mac_muladd_8s_8s_32s_32_4_1_DSP48_0_U/p_reg_reg.
DSP Report: register mac_muladd_8s_8s_32s_32_4_1_U66/dpu_conv_top_mac_muladd_8s_8s_32s_32_4_1_DSP48_0_U/p_reg_reg is absorbed into DSP mac_muladd_8s_8s_32s_32_4_1_U66/dpu_conv_top_mac_muladd_8s_8s_32s_32_4_1_DSP48_0_U/p_reg_reg.
DSP Report: register mac_muladd_8s_8s_32s_32_4_1_U66/dpu_conv_top_mac_muladd_8s_8s_32s_32_4_1_DSP48_0_U/p_reg_reg is absorbed into DSP mac_muladd_8s_8s_32s_32_4_1_U66/dpu_conv_top_mac_muladd_8s_8s_32s_32_4_1_DSP48_0_U/p_reg_reg.
DSP Report: register mac_muladd_8s_8s_32s_32_4_1_U66/dpu_conv_top_mac_muladd_8s_8s_32s_32_4_1_DSP48_0_U/m_reg_reg is absorbed into DSP mac_muladd_8s_8s_32s_32_4_1_U66/dpu_conv_top_mac_muladd_8s_8s_32s_32_4_1_DSP48_0_U/p_reg_reg.
DSP Report: operator mac_muladd_8s_8s_32s_32_4_1_U66/dpu_conv_top_mac_muladd_8s_8s_32s_32_4_1_DSP48_0_U/p is absorbed into DSP mac_muladd_8s_8s_32s_32_4_1_U66/dpu_conv_top_mac_muladd_8s_8s_32s_32_4_1_DSP48_0_U/p_reg_reg.
DSP Report: operator mac_muladd_8s_8s_32s_32_4_1_U66/dpu_conv_top_mac_muladd_8s_8s_32s_32_4_1_DSP48_0_U/m is absorbed into DSP mac_muladd_8s_8s_32s_32_4_1_U66/dpu_conv_top_mac_muladd_8s_8s_32s_32_4_1_DSP48_0_U/p_reg_reg.
DSP Report: Generating DSP mac_muladd_8s_8s_32s_32_4_1_U67/dpu_conv_top_mac_muladd_8s_8s_32s_32_4_1_DSP48_0_U/p_reg_reg, operation Mode is: (C+(A''*B'')')'.
DSP Report: register mac_muladd_8s_8s_32s_32_4_1_U67/dpu_conv_top_mac_muladd_8s_8s_32s_32_4_1_DSP48_0_U/p_reg_reg is absorbed into DSP mac_muladd_8s_8s_32s_32_4_1_U67/dpu_conv_top_mac_muladd_8s_8s_32s_32_4_1_DSP48_0_U/p_reg_reg.
DSP Report: register mac_muladd_8s_8s_32s_32_4_1_U67/dpu_conv_top_mac_muladd_8s_8s_32s_32_4_1_DSP48_0_U/p_reg_reg is absorbed into DSP mac_muladd_8s_8s_32s_32_4_1_U67/dpu_conv_top_mac_muladd_8s_8s_32s_32_4_1_DSP48_0_U/p_reg_reg.
DSP Report: register mac_muladd_8s_8s_32s_32_4_1_U67/dpu_conv_top_mac_muladd_8s_8s_32s_32_4_1_DSP48_0_U/p_reg_reg is absorbed into DSP mac_muladd_8s_8s_32s_32_4_1_U67/dpu_conv_top_mac_muladd_8s_8s_32s_32_4_1_DSP48_0_U/p_reg_reg.
DSP Report: register mac_muladd_8s_8s_32s_32_4_1_U67/dpu_conv_top_mac_muladd_8s_8s_32s_32_4_1_DSP48_0_U/p_reg_reg is absorbed into DSP mac_muladd_8s_8s_32s_32_4_1_U67/dpu_conv_top_mac_muladd_8s_8s_32s_32_4_1_DSP48_0_U/p_reg_reg.
DSP Report: register mac_muladd_8s_8s_32s_32_4_1_U67/dpu_conv_top_mac_muladd_8s_8s_32s_32_4_1_DSP48_0_U/p_reg_reg is absorbed into DSP mac_muladd_8s_8s_32s_32_4_1_U67/dpu_conv_top_mac_muladd_8s_8s_32s_32_4_1_DSP48_0_U/p_reg_reg.
DSP Report: register mac_muladd_8s_8s_32s_32_4_1_U67/dpu_conv_top_mac_muladd_8s_8s_32s_32_4_1_DSP48_0_U/m_reg_reg is absorbed into DSP mac_muladd_8s_8s_32s_32_4_1_U67/dpu_conv_top_mac_muladd_8s_8s_32s_32_4_1_DSP48_0_U/p_reg_reg.
DSP Report: operator mac_muladd_8s_8s_32s_32_4_1_U67/dpu_conv_top_mac_muladd_8s_8s_32s_32_4_1_DSP48_0_U/p is absorbed into DSP mac_muladd_8s_8s_32s_32_4_1_U67/dpu_conv_top_mac_muladd_8s_8s_32s_32_4_1_DSP48_0_U/p_reg_reg.
DSP Report: operator mac_muladd_8s_8s_32s_32_4_1_U67/dpu_conv_top_mac_muladd_8s_8s_32s_32_4_1_DSP48_0_U/m is absorbed into DSP mac_muladd_8s_8s_32s_32_4_1_U67/dpu_conv_top_mac_muladd_8s_8s_32s_32_4_1_DSP48_0_U/p_reg_reg.
DSP Report: Generating DSP mac_muladd_8s_8s_32s_32_4_1_U68/dpu_conv_top_mac_muladd_8s_8s_32s_32_4_1_DSP48_0_U/p_reg_reg, operation Mode is: (PCIN or C')+(A''*B'')'.
DSP Report: register mac_muladd_8s_8s_32s_32_4_1_U68/dpu_conv_top_mac_muladd_8s_8s_32s_32_4_1_DSP48_0_U/p_reg_reg is absorbed into DSP mac_muladd_8s_8s_32s_32_4_1_U68/dpu_conv_top_mac_muladd_8s_8s_32s_32_4_1_DSP48_0_U/p_reg_reg.
DSP Report: register mac_muladd_8s_8s_32s_32_4_1_U68/dpu_conv_top_mac_muladd_8s_8s_32s_32_4_1_DSP48_0_U/p_reg_reg is absorbed into DSP mac_muladd_8s_8s_32s_32_4_1_U68/dpu_conv_top_mac_muladd_8s_8s_32s_32_4_1_DSP48_0_U/p_reg_reg.
DSP Report: register mac_muladd_8s_8s_32s_32_4_1_U68/dpu_conv_top_mac_muladd_8s_8s_32s_32_4_1_DSP48_0_U/p_reg_reg is absorbed into DSP mac_muladd_8s_8s_32s_32_4_1_U68/dpu_conv_top_mac_muladd_8s_8s_32s_32_4_1_DSP48_0_U/p_reg_reg.
DSP Report: register mac_muladd_8s_8s_32s_32_4_1_U68/dpu_conv_top_mac_muladd_8s_8s_32s_32_4_1_DSP48_0_U/p_reg_reg is absorbed into DSP mac_muladd_8s_8s_32s_32_4_1_U68/dpu_conv_top_mac_muladd_8s_8s_32s_32_4_1_DSP48_0_U/p_reg_reg.
DSP Report: register ap_phi_reg_pp0_iter1_acc_128_reg_2065_reg is absorbed into DSP mac_muladd_8s_8s_32s_32_4_1_U68/dpu_conv_top_mac_muladd_8s_8s_32s_32_4_1_DSP48_0_U/p_reg_reg.
DSP Report: register mac_muladd_8s_8s_32s_32_4_1_U68/dpu_conv_top_mac_muladd_8s_8s_32s_32_4_1_DSP48_0_U/p_reg_reg is absorbed into DSP mac_muladd_8s_8s_32s_32_4_1_U68/dpu_conv_top_mac_muladd_8s_8s_32s_32_4_1_DSP48_0_U/p_reg_reg.
DSP Report: register mac_muladd_8s_8s_32s_32_4_1_U68/dpu_conv_top_mac_muladd_8s_8s_32s_32_4_1_DSP48_0_U/m_reg_reg is absorbed into DSP mac_muladd_8s_8s_32s_32_4_1_U68/dpu_conv_top_mac_muladd_8s_8s_32s_32_4_1_DSP48_0_U/p_reg_reg.
DSP Report: operator mac_muladd_8s_8s_32s_32_4_1_U68/dpu_conv_top_mac_muladd_8s_8s_32s_32_4_1_DSP48_0_U/p is absorbed into DSP mac_muladd_8s_8s_32s_32_4_1_U68/dpu_conv_top_mac_muladd_8s_8s_32s_32_4_1_DSP48_0_U/p_reg_reg.
DSP Report: operator mac_muladd_8s_8s_32s_32_4_1_U68/dpu_conv_top_mac_muladd_8s_8s_32s_32_4_1_DSP48_0_U/m is absorbed into DSP mac_muladd_8s_8s_32s_32_4_1_U68/dpu_conv_top_mac_muladd_8s_8s_32s_32_4_1_DSP48_0_U/p_reg_reg.
DSP Report: Generating DSP mac_muladd_8s_8s_32s_32_4_1_U69/dpu_conv_top_mac_muladd_8s_8s_32s_32_4_1_DSP48_0_U/p_reg_reg, operation Mode is: (PCIN+(A''*B'')')'.
DSP Report: register mac_muladd_8s_8s_32s_32_4_1_U69/dpu_conv_top_mac_muladd_8s_8s_32s_32_4_1_DSP48_0_U/p_reg_reg is absorbed into DSP mac_muladd_8s_8s_32s_32_4_1_U69/dpu_conv_top_mac_muladd_8s_8s_32s_32_4_1_DSP48_0_U/p_reg_reg.
DSP Report: register mac_muladd_8s_8s_32s_32_4_1_U69/dpu_conv_top_mac_muladd_8s_8s_32s_32_4_1_DSP48_0_U/p_reg_reg is absorbed into DSP mac_muladd_8s_8s_32s_32_4_1_U69/dpu_conv_top_mac_muladd_8s_8s_32s_32_4_1_DSP48_0_U/p_reg_reg.
DSP Report: register mac_muladd_8s_8s_32s_32_4_1_U69/dpu_conv_top_mac_muladd_8s_8s_32s_32_4_1_DSP48_0_U/p_reg_reg is absorbed into DSP mac_muladd_8s_8s_32s_32_4_1_U69/dpu_conv_top_mac_muladd_8s_8s_32s_32_4_1_DSP48_0_U/p_reg_reg.
DSP Report: register mac_muladd_8s_8s_32s_32_4_1_U69/dpu_conv_top_mac_muladd_8s_8s_32s_32_4_1_DSP48_0_U/p_reg_reg is absorbed into DSP mac_muladd_8s_8s_32s_32_4_1_U69/dpu_conv_top_mac_muladd_8s_8s_32s_32_4_1_DSP48_0_U/p_reg_reg.
DSP Report: register mac_muladd_8s_8s_32s_32_4_1_U69/dpu_conv_top_mac_muladd_8s_8s_32s_32_4_1_DSP48_0_U/p_reg_reg is absorbed into DSP mac_muladd_8s_8s_32s_32_4_1_U69/dpu_conv_top_mac_muladd_8s_8s_32s_32_4_1_DSP48_0_U/p_reg_reg.
DSP Report: register mac_muladd_8s_8s_32s_32_4_1_U69/dpu_conv_top_mac_muladd_8s_8s_32s_32_4_1_DSP48_0_U/m_reg_reg is absorbed into DSP mac_muladd_8s_8s_32s_32_4_1_U69/dpu_conv_top_mac_muladd_8s_8s_32s_32_4_1_DSP48_0_U/p_reg_reg.
DSP Report: operator mac_muladd_8s_8s_32s_32_4_1_U69/dpu_conv_top_mac_muladd_8s_8s_32s_32_4_1_DSP48_0_U/p is absorbed into DSP mac_muladd_8s_8s_32s_32_4_1_U69/dpu_conv_top_mac_muladd_8s_8s_32s_32_4_1_DSP48_0_U/p_reg_reg.
DSP Report: operator mac_muladd_8s_8s_32s_32_4_1_U69/dpu_conv_top_mac_muladd_8s_8s_32s_32_4_1_DSP48_0_U/m is absorbed into DSP mac_muladd_8s_8s_32s_32_4_1_U69/dpu_conv_top_mac_muladd_8s_8s_32s_32_4_1_DSP48_0_U/p_reg_reg.
DSP Report: Generating DSP mac_muladd_8s_8s_32s_32_4_1_U70/dpu_conv_top_mac_muladd_8s_8s_32s_32_4_1_DSP48_0_U/p_reg_reg, operation Mode is: (C+(A''*B'')')'.
DSP Report: register mac_muladd_8s_8s_32s_32_4_1_U70/dpu_conv_top_mac_muladd_8s_8s_32s_32_4_1_DSP48_0_U/p_reg_reg is absorbed into DSP mac_muladd_8s_8s_32s_32_4_1_U70/dpu_conv_top_mac_muladd_8s_8s_32s_32_4_1_DSP48_0_U/p_reg_reg.
DSP Report: register mac_muladd_8s_8s_32s_32_4_1_U70/dpu_conv_top_mac_muladd_8s_8s_32s_32_4_1_DSP48_0_U/p_reg_reg is absorbed into DSP mac_muladd_8s_8s_32s_32_4_1_U70/dpu_conv_top_mac_muladd_8s_8s_32s_32_4_1_DSP48_0_U/p_reg_reg.
DSP Report: register mac_muladd_8s_8s_32s_32_4_1_U70/dpu_conv_top_mac_muladd_8s_8s_32s_32_4_1_DSP48_0_U/p_reg_reg is absorbed into DSP mac_muladd_8s_8s_32s_32_4_1_U70/dpu_conv_top_mac_muladd_8s_8s_32s_32_4_1_DSP48_0_U/p_reg_reg.
DSP Report: register mac_muladd_8s_8s_32s_32_4_1_U70/dpu_conv_top_mac_muladd_8s_8s_32s_32_4_1_DSP48_0_U/p_reg_reg is absorbed into DSP mac_muladd_8s_8s_32s_32_4_1_U70/dpu_conv_top_mac_muladd_8s_8s_32s_32_4_1_DSP48_0_U/p_reg_reg.
DSP Report: register mac_muladd_8s_8s_32s_32_4_1_U70/dpu_conv_top_mac_muladd_8s_8s_32s_32_4_1_DSP48_0_U/p_reg_reg is absorbed into DSP mac_muladd_8s_8s_32s_32_4_1_U70/dpu_conv_top_mac_muladd_8s_8s_32s_32_4_1_DSP48_0_U/p_reg_reg.
DSP Report: register mac_muladd_8s_8s_32s_32_4_1_U70/dpu_conv_top_mac_muladd_8s_8s_32s_32_4_1_DSP48_0_U/m_reg_reg is absorbed into DSP mac_muladd_8s_8s_32s_32_4_1_U70/dpu_conv_top_mac_muladd_8s_8s_32s_32_4_1_DSP48_0_U/p_reg_reg.
DSP Report: operator mac_muladd_8s_8s_32s_32_4_1_U70/dpu_conv_top_mac_muladd_8s_8s_32s_32_4_1_DSP48_0_U/p is absorbed into DSP mac_muladd_8s_8s_32s_32_4_1_U70/dpu_conv_top_mac_muladd_8s_8s_32s_32_4_1_DSP48_0_U/p_reg_reg.
DSP Report: operator mac_muladd_8s_8s_32s_32_4_1_U70/dpu_conv_top_mac_muladd_8s_8s_32s_32_4_1_DSP48_0_U/m is absorbed into DSP mac_muladd_8s_8s_32s_32_4_1_U70/dpu_conv_top_mac_muladd_8s_8s_32s_32_4_1_DSP48_0_U/p_reg_reg.
DSP Report: Generating DSP mac_muladd_8s_8s_32s_32_4_1_U71/dpu_conv_top_mac_muladd_8s_8s_32s_32_4_1_DSP48_0_U/p_reg_reg, operation Mode is: (C+(A''*B'')')'.
DSP Report: register mac_muladd_8s_8s_32s_32_4_1_U71/dpu_conv_top_mac_muladd_8s_8s_32s_32_4_1_DSP48_0_U/p_reg_reg is absorbed into DSP mac_muladd_8s_8s_32s_32_4_1_U71/dpu_conv_top_mac_muladd_8s_8s_32s_32_4_1_DSP48_0_U/p_reg_reg.
DSP Report: register mac_muladd_8s_8s_32s_32_4_1_U71/dpu_conv_top_mac_muladd_8s_8s_32s_32_4_1_DSP48_0_U/p_reg_reg is absorbed into DSP mac_muladd_8s_8s_32s_32_4_1_U71/dpu_conv_top_mac_muladd_8s_8s_32s_32_4_1_DSP48_0_U/p_reg_reg.
DSP Report: register mac_muladd_8s_8s_32s_32_4_1_U71/dpu_conv_top_mac_muladd_8s_8s_32s_32_4_1_DSP48_0_U/p_reg_reg is absorbed into DSP mac_muladd_8s_8s_32s_32_4_1_U71/dpu_conv_top_mac_muladd_8s_8s_32s_32_4_1_DSP48_0_U/p_reg_reg.
DSP Report: register mac_muladd_8s_8s_32s_32_4_1_U71/dpu_conv_top_mac_muladd_8s_8s_32s_32_4_1_DSP48_0_U/p_reg_reg is absorbed into DSP mac_muladd_8s_8s_32s_32_4_1_U71/dpu_conv_top_mac_muladd_8s_8s_32s_32_4_1_DSP48_0_U/p_reg_reg.
DSP Report: register mac_muladd_8s_8s_32s_32_4_1_U71/dpu_conv_top_mac_muladd_8s_8s_32s_32_4_1_DSP48_0_U/p_reg_reg is absorbed into DSP mac_muladd_8s_8s_32s_32_4_1_U71/dpu_conv_top_mac_muladd_8s_8s_32s_32_4_1_DSP48_0_U/p_reg_reg.
DSP Report: register mac_muladd_8s_8s_32s_32_4_1_U71/dpu_conv_top_mac_muladd_8s_8s_32s_32_4_1_DSP48_0_U/m_reg_reg is absorbed into DSP mac_muladd_8s_8s_32s_32_4_1_U71/dpu_conv_top_mac_muladd_8s_8s_32s_32_4_1_DSP48_0_U/p_reg_reg.
DSP Report: operator mac_muladd_8s_8s_32s_32_4_1_U71/dpu_conv_top_mac_muladd_8s_8s_32s_32_4_1_DSP48_0_U/p is absorbed into DSP mac_muladd_8s_8s_32s_32_4_1_U71/dpu_conv_top_mac_muladd_8s_8s_32s_32_4_1_DSP48_0_U/p_reg_reg.
DSP Report: operator mac_muladd_8s_8s_32s_32_4_1_U71/dpu_conv_top_mac_muladd_8s_8s_32s_32_4_1_DSP48_0_U/m is absorbed into DSP mac_muladd_8s_8s_32s_32_4_1_U71/dpu_conv_top_mac_muladd_8s_8s_32s_32_4_1_DSP48_0_U/p_reg_reg.
DSP Report: Generating DSP mac_muladd_8s_8s_32s_32_4_1_U72/dpu_conv_top_mac_muladd_8s_8s_32s_32_4_1_DSP48_0_U/p_reg_reg, operation Mode is: (C+(A''*B'')')'.
DSP Report: register mac_muladd_8s_8s_32s_32_4_1_U72/dpu_conv_top_mac_muladd_8s_8s_32s_32_4_1_DSP48_0_U/p_reg_reg is absorbed into DSP mac_muladd_8s_8s_32s_32_4_1_U72/dpu_conv_top_mac_muladd_8s_8s_32s_32_4_1_DSP48_0_U/p_reg_reg.
DSP Report: register mac_muladd_8s_8s_32s_32_4_1_U72/dpu_conv_top_mac_muladd_8s_8s_32s_32_4_1_DSP48_0_U/p_reg_reg is absorbed into DSP mac_muladd_8s_8s_32s_32_4_1_U72/dpu_conv_top_mac_muladd_8s_8s_32s_32_4_1_DSP48_0_U/p_reg_reg.
DSP Report: register mac_muladd_8s_8s_32s_32_4_1_U72/dpu_conv_top_mac_muladd_8s_8s_32s_32_4_1_DSP48_0_U/p_reg_reg is absorbed into DSP mac_muladd_8s_8s_32s_32_4_1_U72/dpu_conv_top_mac_muladd_8s_8s_32s_32_4_1_DSP48_0_U/p_reg_reg.
DSP Report: register mac_muladd_8s_8s_32s_32_4_1_U72/dpu_conv_top_mac_muladd_8s_8s_32s_32_4_1_DSP48_0_U/p_reg_reg is absorbed into DSP mac_muladd_8s_8s_32s_32_4_1_U72/dpu_conv_top_mac_muladd_8s_8s_32s_32_4_1_DSP48_0_U/p_reg_reg.
DSP Report: register mac_muladd_8s_8s_32s_32_4_1_U72/dpu_conv_top_mac_muladd_8s_8s_32s_32_4_1_DSP48_0_U/p_reg_reg is absorbed into DSP mac_muladd_8s_8s_32s_32_4_1_U72/dpu_conv_top_mac_muladd_8s_8s_32s_32_4_1_DSP48_0_U/p_reg_reg.
DSP Report: register mac_muladd_8s_8s_32s_32_4_1_U72/dpu_conv_top_mac_muladd_8s_8s_32s_32_4_1_DSP48_0_U/m_reg_reg is absorbed into DSP mac_muladd_8s_8s_32s_32_4_1_U72/dpu_conv_top_mac_muladd_8s_8s_32s_32_4_1_DSP48_0_U/p_reg_reg.
DSP Report: operator mac_muladd_8s_8s_32s_32_4_1_U72/dpu_conv_top_mac_muladd_8s_8s_32s_32_4_1_DSP48_0_U/p is absorbed into DSP mac_muladd_8s_8s_32s_32_4_1_U72/dpu_conv_top_mac_muladd_8s_8s_32s_32_4_1_DSP48_0_U/p_reg_reg.
DSP Report: operator mac_muladd_8s_8s_32s_32_4_1_U72/dpu_conv_top_mac_muladd_8s_8s_32s_32_4_1_DSP48_0_U/m is absorbed into DSP mac_muladd_8s_8s_32s_32_4_1_U72/dpu_conv_top_mac_muladd_8s_8s_32s_32_4_1_DSP48_0_U/p_reg_reg.
INFO: [Synth 8-3333] propagating constant 0 across sequential element (ap_done_reg_reg)
INFO: [Common 17-14] Message 'Synth 8-7129' appears 100 times and further instances of the messages will be disabled. Use the Tcl command set_msg_config to change the current settings.
INFO: [Synth 8-3333] propagating constant 0 across sequential element (gmem1_m_axi_U/\bus_read/rreq_burst_conv/burst_sequential/rs_req/data_p2_reg[96] )
INFO: [Synth 8-3333] propagating constant 0 across sequential element (gmem1_0_m_axi_U/\bus_read/rreq_burst_conv/burst_sequential/rs_req/data_p2_reg[96] )
INFO: [Synth 8-3333] propagating constant 0 across sequential element (gmem1_1_m_axi_U/\bus_read/rreq_burst_conv/burst_sequential/rs_req/data_p2_reg[96] )
INFO: [Synth 8-3333] propagating constant 0 across sequential element (gmem1_3_m_axi_U/\bus_read/rreq_burst_conv/burst_sequential/rs_req/data_p2_reg[96] )
INFO: [Synth 8-3333] propagating constant 0 across sequential element (gmem1_4_m_axi_U/\bus_read/rreq_burst_conv/burst_sequential/rs_req/data_p2_reg[96] )
INFO: [Synth 8-3333] propagating constant 0 across sequential element (gmem1_5_m_axi_U/\bus_read/rreq_burst_conv/burst_sequential/rs_req/data_p2_reg[96] )
INFO: [Synth 8-3333] propagating constant 0 across sequential element (gmem1_6_m_axi_U/\bus_read/rreq_burst_conv/burst_sequential/rs_req/data_p2_reg[96] )
INFO: [Synth 8-3333] propagating constant 0 across sequential element (gmem1_7_m_axi_U/\bus_read/rreq_burst_conv/burst_sequential/rs_req/data_p2_reg[96] )
INFO: [Synth 8-3886] merging instance 'gmem1_m_axi_U/load_unit_0/tmp_len_reg[0]' (FDRE) to 'gmem1_m_axi_U/load_unit_0/tmp_len_reg[1]'
INFO: [Synth 8-3886] merging instance 'gmem1_m_axi_U/bus_read/rreq_burst_conv/burst_sequential/rs_req/data_p2_reg[64]' (FDE) to 'gmem1_m_axi_U/bus_read/rreq_burst_conv/burst_sequential/rs_req/data_p2_reg[65]'
INFO: [Synth 8-3886] merging instance 'gmem1_m_axi_U/load_unit_0/tmp_addr_reg[0]' (FDRE) to 'gmem1_m_axi_U/load_unit_0/tmp_addr_reg[1]'
INFO: [Synth 8-3886] merging instance 'gmem1_m_axi_U/bus_read/rreq_burst_conv/burst_sequential/rs_req/data_p2_reg[0]' (FDE) to 'gmem1_m_axi_U/bus_read/rreq_burst_conv/burst_sequential/rs_req/data_p2_reg[1]'
INFO: [Synth 8-3333] propagating constant 0 across sequential element (gmem1_m_axi_U/\load_unit_0/tmp_addr_reg[1] )
INFO: [Synth 8-3886] merging instance 'gmem1_m_axi_U/bus_read/rreq_burst_conv/burst_sequential/rs_req/data_p2_reg[1]' (FDE) to 'gmem1_m_axi_U/bus_read/rreq_burst_conv/burst_sequential/rs_req/data_p2_reg[96]'
INFO: [Synth 8-3886] merging instance 'gmem1_m_axi_U/bus_read/rreq_burst_conv/burst_sequential/start_addr_reg[0]' (FDRE) to 'gmem1_m_axi_U/bus_read/rreq_burst_conv/burst_sequential/start_addr_reg[1]'
INFO: [Synth 8-3333] propagating constant 0 across sequential element (gmem1_m_axi_U/\bus_read/rreq_burst_conv/burst_sequential/start_addr_reg[1] )
INFO: [Synth 8-3886] merging instance 'gmem1_0_m_axi_U/bus_read/rreq_burst_conv/burst_sequential/start_addr_reg[0]' (FDRE) to 'gmem1_0_m_axi_U/bus_read/rreq_burst_conv/burst_sequential/start_addr_reg[1]'
INFO: [Synth 8-3333] propagating constant 0 across sequential element (gmem1_0_m_axi_U/\bus_read/rreq_burst_conv/burst_sequential/start_addr_reg[1] )
INFO: [Synth 8-3886] merging instance 'gmem1_1_m_axi_U/bus_read/rreq_burst_conv/burst_sequential/start_addr_reg[0]' (FDRE) to 'gmem1_1_m_axi_U/bus_read/rreq_burst_conv/burst_sequential/start_addr_reg[1]'
INFO: [Synth 8-3333] propagating constant 0 across sequential element (gmem1_1_m_axi_U/\bus_read/rreq_burst_conv/burst_sequential/start_addr_reg[1] )
INFO: [Synth 8-3886] merging instance 'gmem1_3_m_axi_U/bus_read/rreq_burst_conv/burst_sequential/start_addr_reg[0]' (FDRE) to 'gmem1_3_m_axi_U/bus_read/rreq_burst_conv/burst_sequential/start_addr_reg[1]'
INFO: [Synth 8-3333] propagating constant 0 across sequential element (gmem1_3_m_axi_U/\bus_read/rreq_burst_conv/burst_sequential/start_addr_reg[1] )
INFO: [Synth 8-3886] merging instance 'gmem1_4_m_axi_U/bus_read/rreq_burst_conv/burst_sequential/start_addr_reg[0]' (FDRE) to 'gmem1_4_m_axi_U/bus_read/rreq_burst_conv/burst_sequential/start_addr_reg[1]'
INFO: [Synth 8-3333] propagating constant 0 across sequential element (gmem1_4_m_axi_U/\bus_read/rreq_burst_conv/burst_sequential/start_addr_reg[1] )
INFO: [Synth 8-3886] merging instance 'gmem1_5_m_axi_U/bus_read/rreq_burst_conv/burst_sequential/start_addr_reg[0]' (FDRE) to 'gmem1_5_m_axi_U/bus_read/rreq_burst_conv/burst_sequential/start_addr_reg[1]'
INFO: [Synth 8-3333] propagating constant 0 across sequential element (gmem1_5_m_axi_U/\bus_read/rreq_burst_conv/burst_sequential/start_addr_reg[1] )
INFO: [Synth 8-3886] merging instance 'gmem1_6_m_axi_U/bus_read/rreq_burst_conv/burst_sequential/start_addr_reg[0]' (FDRE) to 'gmem1_6_m_axi_U/bus_read/rreq_burst_conv/burst_sequential/start_addr_reg[1]'
INFO: [Synth 8-3333] propagating constant 0 across sequential element (gmem1_6_m_axi_U/\bus_read/rreq_burst_conv/burst_sequential/start_addr_reg[1] )
INFO: [Synth 8-3886] merging instance 'gmem1_7_m_axi_U/bus_read/rreq_burst_conv/burst_sequential/start_addr_reg[0]' (FDRE) to 'gmem1_7_m_axi_U/bus_read/rreq_burst_conv/burst_sequential/start_addr_reg[1]'
INFO: [Synth 8-3333] propagating constant 0 across sequential element (gmem1_7_m_axi_U/\bus_read/rreq_burst_conv/burst_sequential/start_addr_reg[1] )
INFO: [Synth 8-3886] merging instance 'gmem1_m_axi_U/bus_read/rreq_burst_conv/burst_sequential/could_multi_bursts.burst_len_reg[4]' (FDRE) to 'gmem1_m_axi_U/bus_read/rreq_burst_conv/burst_sequential/could_multi_bursts.burst_len_reg[5]'
INFO: [Synth 8-3886] merging instance 'gmem1_m_axi_U/bus_read/rreq_burst_conv/burst_sequential/could_multi_bursts.burst_len_reg[5]' (FDRE) to 'gmem1_m_axi_U/bus_read/rreq_burst_conv/burst_sequential/could_multi_bursts.burst_len_reg[6]'
INFO: [Synth 8-3886] merging instance 'gmem1_m_axi_U/bus_read/rreq_burst_conv/burst_sequential/could_multi_bursts.burst_len_reg[6]' (FDRE) to 'gmem1_m_axi_U/bus_read/rreq_burst_conv/burst_sequential/could_multi_bursts.burst_len_reg[7]'
INFO: [Synth 8-3333] propagating constant 0 across sequential element (gmem1_m_axi_U/\bus_read/rreq_burst_conv/burst_sequential/could_multi_bursts.burst_len_reg[7] )
INFO: [Synth 8-3886] merging instance 'gmem1_0_m_axi_U/load_unit_0/bus_wide_gen.rdata_nvalid_reg[0]' (FDRE) to 'gmem1_0_m_axi_U/load_unit_0/bus_wide_gen.rdata_nvalid_reg[1]'
INFO: [Synth 8-3333] propagating constant 0 across sequential element (gmem1_0_m_axi_U/\load_unit_0/bus_wide_gen.rdata_nvalid_reg[1] )
INFO: [Synth 8-3886] merging instance 'gmem1_0_m_axi_U/bus_read/rreq_burst_conv/burst_sequential/could_multi_bursts.burst_len_reg[4]' (FDRE) to 'gmem1_0_m_axi_U/bus_read/rreq_burst_conv/burst_sequential/could_multi_bursts.burst_len_reg[5]'
INFO: [Synth 8-3886] merging instance 'gmem1_0_m_axi_U/bus_read/rreq_burst_conv/burst_sequential/could_multi_bursts.burst_len_reg[5]' (FDRE) to 'gmem1_0_m_axi_U/bus_read/rreq_burst_conv/burst_sequential/could_multi_bursts.burst_len_reg[6]'
INFO: [Synth 8-3886] merging instance 'gmem1_0_m_axi_U/bus_read/rreq_burst_conv/burst_sequential/could_multi_bursts.burst_len_reg[6]' (FDRE) to 'gmem1_0_m_axi_U/bus_read/rreq_burst_conv/burst_sequential/could_multi_bursts.burst_len_reg[7]'
INFO: [Synth 8-3333] propagating constant 0 across sequential element (gmem1_0_m_axi_U/\bus_read/rreq_burst_conv/burst_sequential/could_multi_bursts.burst_len_reg[7] )
INFO: [Synth 8-3886] merging instance 'gmem1_1_m_axi_U/load_unit_0/bus_wide_gen.rdata_nvalid_reg[0]' (FDRE) to 'gmem1_1_m_axi_U/load_unit_0/bus_wide_gen.rdata_nvalid_reg[1]'
INFO: [Synth 8-3333] propagating constant 0 across sequential element (gmem1_1_m_axi_U/\load_unit_0/bus_wide_gen.rdata_nvalid_reg[1] )
INFO: [Synth 8-3886] merging instance 'gmem1_1_m_axi_U/bus_read/rreq_burst_conv/burst_sequential/could_multi_bursts.burst_len_reg[4]' (FDRE) to 'gmem1_1_m_axi_U/bus_read/rreq_burst_conv/burst_sequential/could_multi_bursts.burst_len_reg[5]'
INFO: [Synth 8-3886] merging instance 'gmem1_1_m_axi_U/bus_read/rreq_burst_conv/burst_sequential/could_multi_bursts.burst_len_reg[5]' (FDRE) to 'gmem1_1_m_axi_U/bus_read/rreq_burst_conv/burst_sequential/could_multi_bursts.burst_len_reg[6]'
INFO: [Synth 8-3886] merging instance 'gmem1_1_m_axi_U/bus_read/rreq_burst_conv/burst_sequential/could_multi_bursts.burst_len_reg[6]' (FDRE) to 'gmem1_1_m_axi_U/bus_read/rreq_burst_conv/burst_sequential/could_multi_bursts.burst_len_reg[7]'
INFO: [Synth 8-3333] propagating constant 0 across sequential element (gmem1_1_m_axi_U/\bus_read/rreq_burst_conv/burst_sequential/could_multi_bursts.burst_len_reg[7] )
INFO: [Synth 8-3886] merging instance 'gmem1_3_m_axi_U/load_unit_0/bus_wide_gen.rdata_nvalid_reg[0]' (FDRE) to 'gmem1_3_m_axi_U/load_unit_0/bus_wide_gen.rdata_nvalid_reg[1]'
INFO: [Synth 8-3333] propagating constant 0 across sequential element (gmem1_3_m_axi_U/\load_unit_0/bus_wide_gen.rdata_nvalid_reg[1] )
INFO: [Synth 8-3886] merging instance 'gmem1_3_m_axi_U/bus_read/rreq_burst_conv/burst_sequential/could_multi_bursts.burst_len_reg[4]' (FDRE) to 'gmem1_3_m_axi_U/bus_read/rreq_burst_conv/burst_sequential/could_multi_bursts.burst_len_reg[5]'
INFO: [Synth 8-3886] merging instance 'gmem1_3_m_axi_U/bus_read/rreq_burst_conv/burst_sequential/could_multi_bursts.burst_len_reg[5]' (FDRE) to 'gmem1_3_m_axi_U/bus_read/rreq_burst_conv/burst_sequential/could_multi_bursts.burst_len_reg[6]'
INFO: [Synth 8-3886] merging instance 'gmem1_3_m_axi_U/bus_read/rreq_burst_conv/burst_sequential/could_multi_bursts.burst_len_reg[6]' (FDRE) to 'gmem1_3_m_axi_U/bus_read/rreq_burst_conv/burst_sequential/could_multi_bursts.burst_len_reg[7]'
INFO: [Synth 8-3333] propagating constant 0 across sequential element (gmem1_3_m_axi_U/\bus_read/rreq_burst_conv/burst_sequential/could_multi_bursts.burst_len_reg[7] )
INFO: [Synth 8-3886] merging instance 'gmem1_4_m_axi_U/load_unit_0/bus_wide_gen.rdata_nvalid_reg[0]' (FDRE) to 'gmem1_4_m_axi_U/load_unit_0/bus_wide_gen.rdata_nvalid_reg[1]'
INFO: [Synth 8-3333] propagating constant 0 across sequential element (gmem1_4_m_axi_U/\load_unit_0/bus_wide_gen.rdata_nvalid_reg[1] )
INFO: [Synth 8-3886] merging instance 'gmem1_4_m_axi_U/bus_read/rreq_burst_conv/burst_sequential/could_multi_bursts.burst_len_reg[4]' (FDRE) to 'gmem1_4_m_axi_U/bus_read/rreq_burst_conv/burst_sequential/could_multi_bursts.burst_len_reg[5]'
INFO: [Synth 8-3886] merging instance 'gmem1_4_m_axi_U/bus_read/rreq_burst_conv/burst_sequential/could_multi_bursts.burst_len_reg[5]' (FDRE) to 'gmem1_4_m_axi_U/bus_read/rreq_burst_conv/burst_sequential/could_multi_bursts.burst_len_reg[6]'
INFO: [Synth 8-3886] merging instance 'gmem1_4_m_axi_U/bus_read/rreq_burst_conv/burst_sequential/could_multi_bursts.burst_len_reg[6]' (FDRE) to 'gmem1_4_m_axi_U/bus_read/rreq_burst_conv/burst_sequential/could_multi_bursts.burst_len_reg[7]'
INFO: [Synth 8-3333] propagating constant 0 across sequential element (gmem1_4_m_axi_U/\bus_read/rreq_burst_conv/burst_sequential/could_multi_bursts.burst_len_reg[7] )
INFO: [Synth 8-3886] merging instance 'gmem1_5_m_axi_U/load_unit_0/bus_wide_gen.rdata_nvalid_reg[0]' (FDRE) to 'gmem1_5_m_axi_U/load_unit_0/bus_wide_gen.rdata_nvalid_reg[1]'
INFO: [Synth 8-3333] propagating constant 0 across sequential element (gmem1_5_m_axi_U/\load_unit_0/bus_wide_gen.rdata_nvalid_reg[1] )
INFO: [Synth 8-3886] merging instance 'gmem1_5_m_axi_U/bus_read/rreq_burst_conv/burst_sequential/could_multi_bursts.burst_len_reg[4]' (FDRE) to 'gmem1_5_m_axi_U/bus_read/rreq_burst_conv/burst_sequential/could_multi_bursts.burst_len_reg[5]'
INFO: [Synth 8-3886] merging instance 'gmem1_5_m_axi_U/bus_read/rreq_burst_conv/burst_sequential/could_multi_bursts.burst_len_reg[5]' (FDRE) to 'gmem1_5_m_axi_U/bus_read/rreq_burst_conv/burst_sequential/could_multi_bursts.burst_len_reg[6]'
INFO: [Synth 8-3886] merging instance 'gmem1_5_m_axi_U/bus_read/rreq_burst_conv/burst_sequential/could_multi_bursts.burst_len_reg[6]' (FDRE) to 'gmem1_5_m_axi_U/bus_read/rreq_burst_conv/burst_sequential/could_multi_bursts.burst_len_reg[7]'
INFO: [Synth 8-3333] propagating constant 0 across sequential element (gmem1_5_m_axi_U/\bus_read/rreq_burst_conv/burst_sequential/could_multi_bursts.burst_len_reg[7] )
INFO: [Synth 8-3886] merging instance 'gmem1_6_m_axi_U/load_unit_0/bus_wide_gen.rdata_nvalid_reg[0]' (FDRE) to 'gmem1_6_m_axi_U/load_unit_0/bus_wide_gen.rdata_nvalid_reg[1]'
INFO: [Synth 8-3333] propagating constant 0 across sequential element (gmem1_6_m_axi_U/\load_unit_0/bus_wide_gen.rdata_nvalid_reg[1] )
INFO: [Synth 8-3886] merging instance 'gmem1_6_m_axi_U/bus_read/rreq_burst_conv/burst_sequential/could_multi_bursts.burst_len_reg[4]' (FDRE) to 'gmem1_6_m_axi_U/bus_read/rreq_burst_conv/burst_sequential/could_multi_bursts.burst_len_reg[5]'
INFO: [Synth 8-3886] merging instance 'gmem1_6_m_axi_U/bus_read/rreq_burst_conv/burst_sequential/could_multi_bursts.burst_len_reg[5]' (FDRE) to 'gmem1_6_m_axi_U/bus_read/rreq_burst_conv/burst_sequential/could_multi_bursts.burst_len_reg[6]'
INFO: [Synth 8-3886] merging instance 'gmem1_6_m_axi_U/bus_read/rreq_burst_conv/burst_sequential/could_multi_bursts.burst_len_reg[6]' (FDRE) to 'gmem1_6_m_axi_U/bus_read/rreq_burst_conv/burst_sequential/could_multi_bursts.burst_len_reg[7]'
INFO: [Synth 8-3333] propagating constant 0 across sequential element (gmem1_6_m_axi_U/\bus_read/rreq_burst_conv/burst_sequential/could_multi_bursts.burst_len_reg[7] )
INFO: [Synth 8-3886] merging instance 'gmem1_7_m_axi_U/load_unit_0/bus_wide_gen.rdata_nvalid_reg[0]' (FDRE) to 'gmem1_7_m_axi_U/load_unit_0/bus_wide_gen.rdata_nvalid_reg[1]'
INFO: [Synth 8-3333] propagating constant 0 across sequential element (gmem1_7_m_axi_U/\load_unit_0/bus_wide_gen.rdata_nvalid_reg[1] )
INFO: [Synth 8-3886] merging instance 'gmem1_7_m_axi_U/bus_read/rreq_burst_conv/burst_sequential/could_multi_bursts.burst_len_reg[4]' (FDRE) to 'gmem1_7_m_axi_U/bus_read/rreq_burst_conv/burst_sequential/could_multi_bursts.burst_len_reg[5]'
INFO: [Synth 8-3886] merging instance 'gmem1_7_m_axi_U/bus_read/rreq_burst_conv/burst_sequential/could_multi_bursts.burst_len_reg[5]' (FDRE) to 'gmem1_7_m_axi_U/bus_read/rreq_burst_conv/burst_sequential/could_multi_bursts.burst_len_reg[6]'
INFO: [Synth 8-3886] merging instance 'gmem1_7_m_axi_U/bus_read/rreq_burst_conv/burst_sequential/could_multi_bursts.burst_len_reg[6]' (FDRE) to 'gmem1_7_m_axi_U/bus_read/rreq_burst_conv/burst_sequential/could_multi_bursts.burst_len_reg[7]'
INFO: [Synth 8-3333] propagating constant 0 across sequential element (gmem1_7_m_axi_U/\bus_read/rreq_burst_conv/burst_sequential/could_multi_bursts.burst_len_reg[7] )
INFO: [Synth 8-3333] propagating constant 0 across sequential element (gmem1_m_axi_U/\bus_read/rreq_burst_conv/burst_sequential/rs_req/data_p2_reg[96] )
INFO: [Synth 8-3333] propagating constant 0 across sequential element (gmem1_m_axi_U/\bus_read/rreq_burst_conv/burst_sequential/rs_req/data_p1_reg[96] )
INFO: [Synth 8-3333] propagating constant 0 across sequential element (gmem1_0_m_axi_U/\bus_read/rreq_burst_conv/burst_sequential/rs_req/data_p1_reg[96] )
INFO: [Synth 8-3333] propagating constant 0 across sequential element (gmem1_1_m_axi_U/\bus_read/rreq_burst_conv/burst_sequential/rs_req/data_p1_reg[96] )
INFO: [Synth 8-3333] propagating constant 0 across sequential element (gmem1_3_m_axi_U/\bus_read/rreq_burst_conv/burst_sequential/rs_req/data_p1_reg[96] )
INFO: [Synth 8-3333] propagating constant 0 across sequential element (gmem1_4_m_axi_U/\bus_read/rreq_burst_conv/burst_sequential/rs_req/data_p1_reg[96] )
INFO: [Synth 8-3333] propagating constant 0 across sequential element (gmem1_5_m_axi_U/\bus_read/rreq_burst_conv/burst_sequential/rs_req/data_p1_reg[96] )
INFO: [Synth 8-3333] propagating constant 0 across sequential element (gmem1_6_m_axi_U/\bus_read/rreq_burst_conv/burst_sequential/rs_req/data_p1_reg[96] )
INFO: [Synth 8-3333] propagating constant 0 across sequential element (gmem1_7_m_axi_U/\bus_read/rreq_burst_conv/burst_sequential/rs_req/data_p1_reg[96] )
INFO: [Synth 8-3886] merging instance 'gmem1_m_axi_U/bus_read/rreq_burst_conv/burst_sequential/rs_req/data_p1_reg[64]' (FDE) to 'gmem1_m_axi_U/bus_read/rreq_burst_conv/burst_sequential/rs_req/data_p1_reg[65]'
INFO: [Synth 8-3886] merging instance 'gmem1_m_axi_U/bus_read/rreq_burst_conv/burst_sequential/rs_req/data_p1_reg[0]' (FDE) to 'gmem1_m_axi_U/bus_read/rreq_burst_conv/burst_sequential/rs_req/data_p1_reg[1]'
INFO: [Synth 8-3886] merging instance 'gmem1_m_axi_U/bus_read/rreq_burst_conv/burst_sequential/sect_addr_buf_reg[0]' (FDRE) to 'gmem1_m_axi_U/bus_read/rreq_burst_conv/burst_sequential/sect_addr_buf_reg[1]'
INFO: [Synth 8-3886] merging instance 'gmem1_m_axi_U/bus_read/rreq_burst_conv/burst_sequential/could_multi_bursts.burst_addr_reg[0]' (FDRE) to 'gmem1_m_axi_U/bus_read/rreq_burst_conv/burst_sequential/could_multi_bursts.burst_addr_reg[1]'
INFO: [Synth 8-3333] propagating constant 0 across sequential element (gmem1_m_axi_U/\bus_read/rreq_burst_conv/burst_sequential/sect_addr_buf_reg[1] )
INFO: [Synth 8-3886] merging instance 'gmem1_0_m_axi_U/bus_read/rreq_burst_conv/burst_sequential/sect_addr_buf_reg[0]' (FDRE) to 'gmem1_0_m_axi_U/bus_read/rreq_burst_conv/burst_sequential/sect_addr_buf_reg[1]'
INFO: [Synth 8-3886] merging instance 'gmem1_0_m_axi_U/bus_read/rreq_burst_conv/burst_sequential/could_multi_bursts.burst_addr_reg[0]' (FDRE) to 'gmem1_0_m_axi_U/bus_read/rreq_burst_conv/burst_sequential/could_multi_bursts.burst_addr_reg[1]'
INFO: [Synth 8-3333] propagating constant 0 across sequential element (gmem1_0_m_axi_U/\bus_read/rreq_burst_conv/burst_sequential/sect_addr_buf_reg[1] )
INFO: [Synth 8-3886] merging instance 'gmem1_1_m_axi_U/bus_read/rreq_burst_conv/burst_sequential/sect_addr_buf_reg[0]' (FDRE) to 'gmem1_1_m_axi_U/bus_read/rreq_burst_conv/burst_sequential/sect_addr_buf_reg[1]'
INFO: [Synth 8-3886] merging instance 'gmem1_1_m_axi_U/bus_read/rreq_burst_conv/burst_sequential/could_multi_bursts.burst_addr_reg[0]' (FDRE) to 'gmem1_1_m_axi_U/bus_read/rreq_burst_conv/burst_sequential/could_multi_bursts.burst_addr_reg[1]'
INFO: [Synth 8-3333] propagating constant 0 across sequential element (gmem1_1_m_axi_U/\bus_read/rreq_burst_conv/burst_sequential/sect_addr_buf_reg[1] )
INFO: [Synth 8-3886] merging instance 'gmem1_3_m_axi_U/bus_read/rreq_burst_conv/burst_sequential/sect_addr_buf_reg[0]' (FDRE) to 'gmem1_3_m_axi_U/bus_read/rreq_burst_conv/burst_sequential/sect_addr_buf_reg[1]'
INFO: [Synth 8-3886] merging instance 'gmem1_3_m_axi_U/bus_read/rreq_burst_conv/burst_sequential/could_multi_bursts.burst_addr_reg[0]' (FDRE) to 'gmem1_3_m_axi_U/bus_read/rreq_burst_conv/burst_sequential/could_multi_bursts.burst_addr_reg[1]'
INFO: [Synth 8-3333] propagating constant 0 across sequential element (gmem1_3_m_axi_U/\bus_read/rreq_burst_conv/burst_sequential/sect_addr_buf_reg[1] )
INFO: [Synth 8-3886] merging instance 'gmem1_4_m_axi_U/bus_read/rreq_burst_conv/burst_sequential/sect_addr_buf_reg[0]' (FDRE) to 'gmem1_4_m_axi_U/bus_read/rreq_burst_conv/burst_sequential/sect_addr_buf_reg[1]'
INFO: [Synth 8-3886] merging instance 'gmem1_4_m_axi_U/bus_read/rreq_burst_conv/burst_sequential/could_multi_bursts.burst_addr_reg[0]' (FDRE) to 'gmem1_4_m_axi_U/bus_read/rreq_burst_conv/burst_sequential/could_multi_bursts.burst_addr_reg[1]'
INFO: [Synth 8-3333] propagating constant 0 across sequential element (gmem1_4_m_axi_U/\bus_read/rreq_burst_conv/burst_sequential/sect_addr_buf_reg[1] )
INFO: [Synth 8-3886] merging instance 'gmem1_5_m_axi_U/bus_read/rreq_burst_conv/burst_sequential/sect_addr_buf_reg[0]' (FDRE) to 'gmem1_5_m_axi_U/bus_read/rreq_burst_conv/burst_sequential/sect_addr_buf_reg[1]'
INFO: [Synth 8-3886] merging instance 'gmem1_5_m_axi_U/bus_read/rreq_burst_conv/burst_sequential/could_multi_bursts.burst_addr_reg[0]' (FDRE) to 'gmem1_5_m_axi_U/bus_read/rreq_burst_conv/burst_sequential/could_multi_bursts.burst_addr_reg[1]'
INFO: [Synth 8-3333] propagating constant 0 across sequential element (gmem1_5_m_axi_U/\bus_read/rreq_burst_conv/burst_sequential/sect_addr_buf_reg[1] )
INFO: [Synth 8-3886] merging instance 'gmem1_6_m_axi_U/bus_read/rreq_burst_conv/burst_sequential/sect_addr_buf_reg[0]' (FDRE) to 'gmem1_6_m_axi_U/bus_read/rreq_burst_conv/burst_sequential/sect_addr_buf_reg[1]'
INFO: [Synth 8-3886] merging instance 'gmem1_6_m_axi_U/bus_read/rreq_burst_conv/burst_sequential/could_multi_bursts.burst_addr_reg[0]' (FDRE) to 'gmem1_6_m_axi_U/bus_read/rreq_burst_conv/burst_sequential/could_multi_bursts.burst_addr_reg[1]'
INFO: [Synth 8-3333] propagating constant 0 across sequential element (gmem1_6_m_axi_U/\bus_read/rreq_burst_conv/burst_sequential/sect_addr_buf_reg[1] )
INFO: [Synth 8-3886] merging instance 'gmem1_7_m_axi_U/bus_read/rreq_burst_conv/burst_sequential/sect_addr_buf_reg[0]' (FDRE) to 'gmem1_7_m_axi_U/bus_read/rreq_burst_conv/burst_sequential/sect_addr_buf_reg[1]'
INFO: [Synth 8-3886] merging instance 'gmem1_7_m_axi_U/bus_read/rreq_burst_conv/burst_sequential/could_multi_bursts.burst_addr_reg[0]' (FDRE) to 'gmem1_7_m_axi_U/bus_read/rreq_burst_conv/burst_sequential/could_multi_bursts.burst_addr_reg[1]'
INFO: [Synth 8-3333] propagating constant 0 across sequential element (gmem1_7_m_axi_U/\bus_read/rreq_burst_conv/burst_sequential/sect_addr_buf_reg[1] )
INFO: [Synth 8-3886] merging instance 'gmem1_m_axi_U/bus_read/rreq_burst_conv/burst_sequential/rs_req/data_p1_reg[96]' (FDE) to 'gmem1_m_axi_U/bus_read/rreq_burst_conv/burst_sequential/rs_req/data_p1_reg[1]'
INFO: [Synth 8-3333] propagating constant 0 across sequential element (gmem1_m_axi_U/\bus_read/rreq_burst_conv/burst_sequential/rs_req/data_p1_reg[1] )
INFO: [Synth 8-3333] propagating constant 0 across sequential element (gmem1_m_axi_U/\bus_read/rreq_burst_conv/burst_sequential/req_id_reg[0] )
INFO: [Synth 8-3333] propagating constant 0 across sequential element (gmem1_0_m_axi_U/\bus_read/rreq_burst_conv/burst_sequential/req_id_reg[0] )
INFO: [Synth 8-3333] propagating constant 0 across sequential element (gmem1_1_m_axi_U/\bus_read/rreq_burst_conv/burst_sequential/req_id_reg[0] )
INFO: [Synth 8-3333] propagating constant 0 across sequential element (gmem1_3_m_axi_U/\bus_read/rreq_burst_conv/burst_sequential/req_id_reg[0] )
INFO: [Synth 8-3333] propagating constant 0 across sequential element (gmem1_4_m_axi_U/\bus_read/rreq_burst_conv/burst_sequential/req_id_reg[0] )
INFO: [Synth 8-3333] propagating constant 0 across sequential element (gmem1_5_m_axi_U/\bus_read/rreq_burst_conv/burst_sequential/req_id_reg[0] )
INFO: [Synth 8-3333] propagating constant 0 across sequential element (gmem1_6_m_axi_U/\bus_read/rreq_burst_conv/burst_sequential/req_id_reg[0] )
INFO: [Synth 8-3333] propagating constant 0 across sequential element (gmem1_7_m_axi_U/\bus_read/rreq_burst_conv/burst_sequential/req_id_reg[0] )
INFO: [Synth 8-3333] propagating constant 0 across sequential element (gmem1_m_axi_U/\bus_read/rreq_burst_conv/burst_sequential/could_multi_bursts.burst_addr_reg[1] )
INFO: [Synth 8-3333] propagating constant 0 across sequential element (gmem1_0_m_axi_U/\bus_read/rreq_burst_conv/burst_sequential/could_multi_bursts.burst_addr_reg[1] )
INFO: [Synth 8-3333] propagating constant 0 across sequential element (gmem1_1_m_axi_U/\bus_read/rreq_burst_conv/burst_sequential/could_multi_bursts.burst_addr_reg[1] )
INFO: [Synth 8-3333] propagating constant 0 across sequential element (gmem1_3_m_axi_U/\bus_read/rreq_burst_conv/burst_sequential/could_multi_bursts.burst_addr_reg[1] )
INFO: [Synth 8-3333] propagating constant 0 across sequential element (gmem1_4_m_axi_U/\bus_read/rreq_burst_conv/burst_sequential/could_multi_bursts.burst_addr_reg[1] )
INFO: [Synth 8-3333] propagating constant 0 across sequential element (gmem1_5_m_axi_U/\bus_read/rreq_burst_conv/burst_sequential/could_multi_bursts.burst_addr_reg[1] )
INFO: [Synth 8-3333] propagating constant 0 across sequential element (gmem1_6_m_axi_U/\bus_read/rreq_burst_conv/burst_sequential/could_multi_bursts.burst_addr_reg[1] )
INFO: [Synth 8-3333] propagating constant 0 across sequential element (gmem1_7_m_axi_U/\bus_read/rreq_burst_conv/burst_sequential/could_multi_bursts.burst_addr_reg[1] )
INFO: [Synth 8-3333] propagating constant 0 across sequential element (gmem1_m_axi_U/\bus_read/rreq_burst_conv/burst_sequential/req_id_buf_reg[0] )
INFO: [Synth 8-3333] propagating constant 0 across sequential element (gmem1_0_m_axi_U/\bus_read/rreq_burst_conv/burst_sequential/req_id_buf_reg[0] )
INFO: [Synth 8-3333] propagating constant 0 across sequential element (gmem1_1_m_axi_U/\bus_read/rreq_burst_conv/burst_sequential/req_id_buf_reg[0] )
INFO: [Synth 8-3333] propagating constant 0 across sequential element (gmem1_3_m_axi_U/\bus_read/rreq_burst_conv/burst_sequential/req_id_buf_reg[0] )
INFO: [Synth 8-3333] propagating constant 0 across sequential element (gmem1_4_m_axi_U/\bus_read/rreq_burst_conv/burst_sequential/req_id_buf_reg[0] )
INFO: [Synth 8-3333] propagating constant 0 across sequential element (gmem1_5_m_axi_U/\bus_read/rreq_burst_conv/burst_sequential/req_id_buf_reg[0] )
INFO: [Synth 8-3333] propagating constant 0 across sequential element (gmem1_6_m_axi_U/\bus_read/rreq_burst_conv/burst_sequential/req_id_buf_reg[0] )
INFO: [Synth 8-3333] propagating constant 0 across sequential element (gmem1_7_m_axi_U/\bus_read/rreq_burst_conv/burst_sequential/req_id_buf_reg[0] )
INFO: [Synth 8-3333] propagating constant 0 across sequential element (gmem0_7_m_axi_U/\bus_read/rreq_burst_conv/burst_sequential/rs_req/data_p2_reg[96] )
INFO: [Synth 8-3333] propagating constant 0 across sequential element (gmem0_3_m_axi_U/\bus_read/rreq_burst_conv/burst_sequential/rs_req/data_p2_reg[96] )
INFO: [Synth 8-3333] propagating constant 0 across sequential element (gmem0_4_m_axi_U/\bus_read/rreq_burst_conv/burst_sequential/rs_req/data_p2_reg[96] )
INFO: [Synth 8-3333] propagating constant 0 across sequential element (gmem0_7_m_axi_U/\bus_read/rreq_burst_conv/burst_sequential/start_addr_reg[1] )
INFO: [Synth 8-3333] propagating constant 0 across sequential element (gmem0_3_m_axi_U/\bus_read/rreq_burst_conv/burst_sequential/start_addr_reg[1] )
INFO: [Synth 8-3333] propagating constant 0 across sequential element (gmem0_4_m_axi_U/\bus_read/rreq_burst_conv/burst_sequential/start_addr_reg[1] )
INFO: [Synth 8-3333] propagating constant 0 across sequential element (gmem0_7_m_axi_U/\load_unit_0/bus_wide_gen.rdata_nvalid_reg[1] )
INFO: [Synth 8-3333] propagating constant 0 across sequential element (gmem0_7_m_axi_U/\bus_read/rreq_burst_conv/burst_sequential/could_multi_bursts.burst_len_reg[7] )
INFO: [Synth 8-3333] propagating constant 0 across sequential element (gmem0_3_m_axi_U/\load_unit_0/bus_wide_gen.rdata_nvalid_reg[1] )
INFO: [Synth 8-3333] propagating constant 0 across sequential element (gmem0_3_m_axi_U/\bus_read/rreq_burst_conv/burst_sequential/could_multi_bursts.burst_len_reg[7] )
INFO: [Synth 8-3333] propagating constant 0 across sequential element (gmem0_4_m_axi_U/\load_unit_0/bus_wide_gen.rdata_nvalid_reg[1] )
INFO: [Synth 8-3333] propagating constant 0 across sequential element (gmem0_4_m_axi_U/\bus_read/rreq_burst_conv/burst_sequential/could_multi_bursts.burst_len_reg[7] )
INFO: [Synth 8-3333] propagating constant 0 across sequential element (gmem0_7_m_axi_U/\bus_read/rreq_burst_conv/burst_sequential/rs_req/data_p1_reg[96] )
INFO: [Synth 8-3333] propagating constant 0 across sequential element (gmem0_3_m_axi_U/\bus_read/rreq_burst_conv/burst_sequential/rs_req/data_p1_reg[96] )
INFO: [Synth 8-3333] propagating constant 0 across sequential element (gmem0_4_m_axi_U/\bus_read/rreq_burst_conv/burst_sequential/rs_req/data_p1_reg[96] )
INFO: [Synth 8-3333] propagating constant 0 across sequential element (gmem0_7_m_axi_U/\bus_read/rreq_burst_conv/burst_sequential/sect_addr_buf_reg[1] )
INFO: [Synth 8-3333] propagating constant 0 across sequential element (gmem0_3_m_axi_U/\bus_read/rreq_burst_conv/burst_sequential/sect_addr_buf_reg[1] )
INFO: [Synth 8-3333] propagating constant 0 across sequential element (gmem0_4_m_axi_U/\bus_read/rreq_burst_conv/burst_sequential/sect_addr_buf_reg[1] )
INFO: [Synth 8-3333] propagating constant 0 across sequential element (gmem0_7_m_axi_U/\bus_read/rreq_burst_conv/burst_sequential/req_id_reg[0] )
INFO: [Synth 8-3333] propagating constant 0 across sequential element (gmem0_3_m_axi_U/\bus_read/rreq_burst_conv/burst_sequential/req_id_reg[0] )
INFO: [Synth 8-3333] propagating constant 0 across sequential element (gmem0_4_m_axi_U/\bus_read/rreq_burst_conv/burst_sequential/req_id_reg[0] )
INFO: [Synth 8-3333] propagating constant 0 across sequential element (gmem0_7_m_axi_U/\bus_read/rreq_burst_conv/burst_sequential/could_multi_bursts.burst_addr_reg[1] )
INFO: [Common 17-14] Message 'Synth 8-3333' appears 100 times and further instances of the messages will be disabled. Use the Tcl command set_msg_config to change the current settings.
INFO: [Synth 8-3886] merging instance 'gmem1_2_m_axi_U/bus_read/rreq_burst_conv/burst_sequential/start_addr_reg[0]' (FDRE) to 'gmem1_2_m_axi_U/bus_read/rreq_burst_conv/burst_sequential/start_addr_reg[1]'
INFO: [Synth 8-3886] merging instance 'gmem0_0_m_axi_U/bus_read/rreq_burst_conv/burst_sequential/start_addr_reg[0]' (FDRE) to 'gmem0_0_m_axi_U/bus_read/rreq_burst_conv/burst_sequential/start_addr_reg[1]'
INFO: [Synth 8-3886] merging instance 'gmem0_1_m_axi_U/bus_read/rreq_burst_conv/burst_sequential/start_addr_reg[0]' (FDRE) to 'gmem0_1_m_axi_U/bus_read/rreq_burst_conv/burst_sequential/start_addr_reg[1]'
INFO: [Synth 8-3886] merging instance 'gmem0_2_m_axi_U/bus_read/rreq_burst_conv/burst_sequential/start_addr_reg[0]' (FDRE) to 'gmem0_2_m_axi_U/bus_read/rreq_burst_conv/burst_sequential/start_addr_reg[1]'
INFO: [Synth 8-3886] merging instance 'gmem1_2_m_axi_U/load_unit_0/bus_wide_gen.rdata_nvalid_reg[0]' (FDRE) to 'gmem1_2_m_axi_U/load_unit_0/bus_wide_gen.rdata_nvalid_reg[1]'
INFO: [Synth 8-3886] merging instance 'gmem1_2_m_axi_U/bus_read/rreq_burst_conv/burst_sequential/could_multi_bursts.burst_len_reg[4]' (FDRE) to 'gmem1_2_m_axi_U/bus_read/rreq_burst_conv/burst_sequential/could_multi_bursts.burst_len_reg[5]'
INFO: [Synth 8-3886] merging instance 'gmem1_2_m_axi_U/bus_read/rreq_burst_conv/burst_sequential/could_multi_bursts.burst_len_reg[5]' (FDRE) to 'gmem1_2_m_axi_U/bus_read/rreq_burst_conv/burst_sequential/could_multi_bursts.burst_len_reg[6]'
INFO: [Synth 8-3886] merging instance 'gmem1_2_m_axi_U/bus_read/rreq_burst_conv/burst_sequential/could_multi_bursts.burst_len_reg[6]' (FDRE) to 'gmem1_2_m_axi_U/bus_read/rreq_burst_conv/burst_sequential/could_multi_bursts.burst_len_reg[7]'
INFO: [Synth 8-3886] merging instance 'gmem0_0_m_axi_U/load_unit_0/bus_wide_gen.rdata_nvalid_reg[0]' (FDRE) to 'gmem0_0_m_axi_U/load_unit_0/bus_wide_gen.rdata_nvalid_reg[1]'
INFO: [Synth 8-3886] merging instance 'gmem0_0_m_axi_U/bus_read/rreq_burst_conv/burst_sequential/could_multi_bursts.burst_len_reg[4]' (FDRE) to 'gmem0_0_m_axi_U/bus_read/rreq_burst_conv/burst_sequential/could_multi_bursts.burst_len_reg[5]'
INFO: [Synth 8-3886] merging instance 'gmem0_0_m_axi_U/bus_read/rreq_burst_conv/burst_sequential/could_multi_bursts.burst_len_reg[5]' (FDRE) to 'gmem0_0_m_axi_U/bus_read/rreq_burst_conv/burst_sequential/could_multi_bursts.burst_len_reg[6]'
INFO: [Synth 8-3886] merging instance 'gmem0_0_m_axi_U/bus_read/rreq_burst_conv/burst_sequential/could_multi_bursts.burst_len_reg[6]' (FDRE) to 'gmem0_0_m_axi_U/bus_read/rreq_burst_conv/burst_sequential/could_multi_bursts.burst_len_reg[7]'
INFO: [Synth 8-3886] merging instance 'gmem0_1_m_axi_U/load_unit_0/bus_wide_gen.rdata_nvalid_reg[0]' (FDRE) to 'gmem0_1_m_axi_U/load_unit_0/bus_wide_gen.rdata_nvalid_reg[1]'
INFO: [Synth 8-3886] merging instance 'gmem0_1_m_axi_U/bus_read/rreq_burst_conv/burst_sequential/could_multi_bursts.burst_len_reg[4]' (FDRE) to 'gmem0_1_m_axi_U/bus_read/rreq_burst_conv/burst_sequential/could_multi_bursts.burst_len_reg[5]'
INFO: [Synth 8-3886] merging instance 'gmem0_1_m_axi_U/bus_read/rreq_burst_conv/burst_sequential/could_multi_bursts.burst_len_reg[5]' (FDRE) to 'gmem0_1_m_axi_U/bus_read/rreq_burst_conv/burst_sequential/could_multi_bursts.burst_len_reg[6]'
INFO: [Synth 8-3886] merging instance 'gmem0_1_m_axi_U/bus_read/rreq_burst_conv/burst_sequential/could_multi_bursts.burst_len_reg[6]' (FDRE) to 'gmem0_1_m_axi_U/bus_read/rreq_burst_conv/burst_sequential/could_multi_bursts.burst_len_reg[7]'
INFO: [Synth 8-3886] merging instance 'gmem0_2_m_axi_U/load_unit_0/bus_wide_gen.rdata_nvalid_reg[0]' (FDRE) to 'gmem0_2_m_axi_U/load_unit_0/bus_wide_gen.rdata_nvalid_reg[1]'
INFO: [Synth 8-3886] merging instance 'gmem0_2_m_axi_U/bus_read/rreq_burst_conv/burst_sequential/could_multi_bursts.burst_len_reg[4]' (FDRE) to 'gmem0_2_m_axi_U/bus_read/rreq_burst_conv/burst_sequential/could_multi_bursts.burst_len_reg[5]'
INFO: [Synth 8-3886] merging instance 'gmem0_2_m_axi_U/bus_read/rreq_burst_conv/burst_sequential/could_multi_bursts.burst_len_reg[5]' (FDRE) to 'gmem0_2_m_axi_U/bus_read/rreq_burst_conv/burst_sequential/could_multi_bursts.burst_len_reg[6]'
INFO: [Synth 8-3886] merging instance 'gmem0_2_m_axi_U/bus_read/rreq_burst_conv/burst_sequential/could_multi_bursts.burst_len_reg[6]' (FDRE) to 'gmem0_2_m_axi_U/bus_read/rreq_burst_conv/burst_sequential/could_multi_bursts.burst_len_reg[7]'
INFO: [Synth 8-3886] merging instance 'gmem1_2_m_axi_U/bus_read/rreq_burst_conv/burst_sequential/sect_addr_buf_reg[0]' (FDRE) to 'gmem1_2_m_axi_U/bus_read/rreq_burst_conv/burst_sequential/sect_addr_buf_reg[1]'
INFO: [Common 17-14] Message 'Synth 8-3886' appears 100 times and further instances of the messages will be disabled. Use the Tcl command set_msg_config to change the current settings.
INFO: [Common 17-14] Message 'Synth 8-3333' appears 100 times and further instances of the messages will be disabled. Use the Tcl command set_msg_config to change the current settings.
DSP Report: Generating DSP mul_ln112_reg_743_reg, operation Mode is: (A2*B2)'.
DSP Report: register mul_ln112_reg_743_reg is absorbed into DSP mul_ln112_reg_743_reg.
DSP Report: register mul_ln112_reg_743_reg is absorbed into DSP mul_ln112_reg_743_reg.
DSP Report: register mul_ln112_reg_743_reg is absorbed into DSP mul_ln112_reg_743_reg.
DSP Report: operator mul_8ns_8ns_16_1_1_U182/tmp_product is absorbed into DSP mul_ln112_reg_743_reg.
DSP Report: Generating DSP mul_ln82_reg_755_reg, operation Mode is: (A2*B2)'.
DSP Report: register mul_ln82_reg_755_reg is absorbed into DSP mul_ln82_reg_755_reg.
DSP Report: register mul_ln82_reg_755_reg is absorbed into DSP mul_ln82_reg_755_reg.
DSP Report: register mul_ln82_reg_755_reg is absorbed into DSP mul_ln82_reg_755_reg.
DSP Report: operator mul_7ns_7ns_14_1_1_U183/tmp_product is absorbed into DSP mul_ln82_reg_755_reg.
DSP Report: Generating DSP mul_ln112_1_reg_761_reg, operation Mode is: (A*B2)'.
DSP Report: register mul_ln112_1_reg_761_reg is absorbed into DSP mul_ln112_1_reg_761_reg.
DSP Report: register mul_ln112_1_reg_761_reg is absorbed into DSP mul_ln112_1_reg_761_reg.
DSP Report: operator mul_8ns_16ns_24_1_1_U184/tmp_product is absorbed into DSP mul_ln112_1_reg_761_reg.
DSP Report: Generating DSP mul_ln82_1_reg_766_reg, operation Mode is: (A*B2)'.
DSP Report: register mul_ln82_1_reg_766_reg is absorbed into DSP mul_ln82_1_reg_766_reg.
DSP Report: register mul_ln82_1_reg_766_reg is absorbed into DSP mul_ln82_1_reg_766_reg.
DSP Report: operator mul_8ns_14ns_22_1_1_U185/tmp_product is absorbed into DSP mul_ln82_1_reg_766_reg.
INFO: [Common 17-14] Message 'Synth 8-7129' appears 100 times and further instances of the messages will be disabled. Use the Tcl command set_msg_config to change the current settings.
INFO: [Common 17-14] Message 'Synth 8-3886' appears 100 times and further instances of the messages will be disabled. Use the Tcl command set_msg_config to change the current settings.
INFO: [Synth 8-3332] Sequential element (FSM_onehot_wstate_reg[0]) is unused and will be removed from module dpu_conv_top_control_s_axi.
INFO: [Synth 8-3332] Sequential element (FSM_onehot_rstate_reg[0]) is unused and will be removed from module dpu_conv_top_control_s_axi.
INFO: [Synth 8-3332] Sequential element (FSM_onehot_wstate_reg[0]) is unused and will be removed from module dpu_conv_top_CTRL_s_axi.
INFO: [Synth 8-3332] Sequential element (FSM_onehot_rstate_reg[0]) is unused and will be removed from module dpu_conv_top_CTRL_s_axi.
---------------------------------------------------------------------------------
Finished Cross Boundary and Area Optimization : Time (s): cpu = 00:08:01 ; elapsed = 00:14:02 . Memory (MB): peak = 2102.281 ; gain = 1284.965
---------------------------------------------------------------------------------
 Sort Area is dpu_conv_top_conv3x3_relu_Pipeline_OH_LOOP_OW_LOOP_IC_LOOP__GB5 mac_muladd_8s_8s_32s_32_4_1_U13/dpu_conv_top_mac_muladd_8s_8s_32s_32_4_1_DSP48_0_U/p_reg_reg_d : 0 0 : 777 2395 : Used 1 time 0
 Sort Area is dpu_conv_top_conv3x3_relu_Pipeline_OH_LOOP_OW_LOOP_IC_LOOP__GB5 mac_muladd_8s_8s_32s_32_4_1_U13/dpu_conv_top_mac_muladd_8s_8s_32s_32_4_1_DSP48_0_U/p_reg_reg_d : 0 1 : 841 2395 : Used 1 time 0
 Sort Area is dpu_conv_top_conv3x3_relu_Pipeline_OH_LOOP_OW_LOOP_IC_LOOP__GB5 mac_muladd_8s_8s_32s_32_4_1_U13/dpu_conv_top_mac_muladd_8s_8s_32s_32_4_1_DSP48_0_U/p_reg_reg_d : 0 2 : 777 2395 : Used 1 time 0
 Sort Area is dpu_conv_top_conv3x3_relu_Pipeline_OH_LOOP_OW_LOOP_IC_LOOP__GB5 mac_muladd_8s_8s_32s_32_4_1_U22/dpu_conv_top_mac_muladd_8s_8s_32s_32_4_1_DSP48_0_U/p_reg_reg_14 : 0 0 : 777 2395 : Used 1 time 0
 Sort Area is dpu_conv_top_conv3x3_relu_Pipeline_OH_LOOP_OW_LOOP_IC_LOOP__GB5 mac_muladd_8s_8s_32s_32_4_1_U22/dpu_conv_top_mac_muladd_8s_8s_32s_32_4_1_DSP48_0_U/p_reg_reg_14 : 0 1 : 841 2395 : Used 1 time 0
 Sort Area is dpu_conv_top_conv3x3_relu_Pipeline_OH_LOOP_OW_LOOP_IC_LOOP__GB5 mac_muladd_8s_8s_32s_32_4_1_U22/dpu_conv_top_mac_muladd_8s_8s_32s_32_4_1_DSP48_0_U/p_reg_reg_14 : 0 2 : 777 2395 : Used 1 time 0
 Sort Area is dpu_conv_top_conv3x3_relu_Pipeline_OH_LOOP_OW_LOOP_IC_LOOP__GB5 mac_muladd_8s_8s_32s_32_4_1_U31/dpu_conv_top_mac_muladd_8s_8s_32s_32_4_1_DSP48_0_U/p_reg_reg_1b : 0 0 : 777 2395 : Used 1 time 0
 Sort Area is dpu_conv_top_conv3x3_relu_Pipeline_OH_LOOP_OW_LOOP_IC_LOOP__GB5 mac_muladd_8s_8s_32s_32_4_1_U31/dpu_conv_top_mac_muladd_8s_8s_32s_32_4_1_DSP48_0_U/p_reg_reg_1b : 0 1 : 841 2395 : Used 1 time 0
 Sort Area is dpu_conv_top_conv3x3_relu_Pipeline_OH_LOOP_OW_LOOP_IC_LOOP__GB5 mac_muladd_8s_8s_32s_32_4_1_U31/dpu_conv_top_mac_muladd_8s_8s_32s_32_4_1_DSP48_0_U/p_reg_reg_1b : 0 2 : 777 2395 : Used 1 time 0
 Sort Area is dpu_conv_top_conv3x3_relu_Pipeline_OH_LOOP_OW_LOOP_IC_LOOP__GB5 mac_muladd_8s_8s_32s_32_4_1_U4/dpu_conv_top_mac_muladd_8s_8s_32s_32_4_1_DSP48_0_U/p_reg_reg_4 : 0 0 : 777 2395 : Used 1 time 0
 Sort Area is dpu_conv_top_conv3x3_relu_Pipeline_OH_LOOP_OW_LOOP_IC_LOOP__GB5 mac_muladd_8s_8s_32s_32_4_1_U4/dpu_conv_top_mac_muladd_8s_8s_32s_32_4_1_DSP48_0_U/p_reg_reg_4 : 0 1 : 841 2395 : Used 1 time 0
 Sort Area is dpu_conv_top_conv3x3_relu_Pipeline_OH_LOOP_OW_LOOP_IC_LOOP__GB5 mac_muladd_8s_8s_32s_32_4_1_U4/dpu_conv_top_mac_muladd_8s_8s_32s_32_4_1_DSP48_0_U/p_reg_reg_4 : 0 2 : 777 2395 : Used 1 time 0
 Sort Area is dpu_conv_top_conv3x3_relu_Pipeline_OH_LOOP_OW_LOOP_IC_LOOP__GB5 mac_muladd_8s_8s_32s_32_4_1_U40/dpu_conv_top_mac_muladd_8s_8s_32s_32_4_1_DSP48_0_U/p_reg_reg_22 : 0 0 : 777 2395 : Used 1 time 0
 Sort Area is dpu_conv_top_conv3x3_relu_Pipeline_OH_LOOP_OW_LOOP_IC_LOOP__GB5 mac_muladd_8s_8s_32s_32_4_1_U40/dpu_conv_top_mac_muladd_8s_8s_32s_32_4_1_DSP48_0_U/p_reg_reg_22 : 0 1 : 841 2395 : Used 1 time 0
 Sort Area is dpu_conv_top_conv3x3_relu_Pipeline_OH_LOOP_OW_LOOP_IC_LOOP__GB5 mac_muladd_8s_8s_32s_32_4_1_U40/dpu_conv_top_mac_muladd_8s_8s_32s_32_4_1_DSP48_0_U/p_reg_reg_22 : 0 2 : 777 2395 : Used 1 time 0
 Sort Area is dpu_conv_top_conv3x3_relu_Pipeline_OH_LOOP_OW_LOOP_IC_LOOP__GB5 mac_muladd_8s_8s_32s_32_4_1_U49/dpu_conv_top_mac_muladd_8s_8s_32s_32_4_1_DSP48_0_U/p_reg_reg_29 : 0 0 : 777 2395 : Used 1 time 0
 Sort Area is dpu_conv_top_conv3x3_relu_Pipeline_OH_LOOP_OW_LOOP_IC_LOOP__GB5 mac_muladd_8s_8s_32s_32_4_1_U49/dpu_conv_top_mac_muladd_8s_8s_32s_32_4_1_DSP48_0_U/p_reg_reg_29 : 0 1 : 841 2395 : Used 1 time 0
 Sort Area is dpu_conv_top_conv3x3_relu_Pipeline_OH_LOOP_OW_LOOP_IC_LOOP__GB5 mac_muladd_8s_8s_32s_32_4_1_U49/dpu_conv_top_mac_muladd_8s_8s_32s_32_4_1_DSP48_0_U/p_reg_reg_29 : 0 2 : 777 2395 : Used 1 time 0
 Sort Area is dpu_conv_top_conv3x3_relu_Pipeline_OH_LOOP_OW_LOOP_IC_LOOP__GB5 mac_muladd_8s_8s_32s_32_4_1_U58/dpu_conv_top_mac_muladd_8s_8s_32s_32_4_1_DSP48_0_U/p_reg_reg_30 : 0 0 : 777 2395 : Used 1 time 0
 Sort Area is dpu_conv_top_conv3x3_relu_Pipeline_OH_LOOP_OW_LOOP_IC_LOOP__GB5 mac_muladd_8s_8s_32s_32_4_1_U58/dpu_conv_top_mac_muladd_8s_8s_32s_32_4_1_DSP48_0_U/p_reg_reg_30 : 0 1 : 841 2395 : Used 1 time 0
 Sort Area is dpu_conv_top_conv3x3_relu_Pipeline_OH_LOOP_OW_LOOP_IC_LOOP__GB5 mac_muladd_8s_8s_32s_32_4_1_U58/dpu_conv_top_mac_muladd_8s_8s_32s_32_4_1_DSP48_0_U/p_reg_reg_30 : 0 2 : 777 2395 : Used 1 time 0
 Sort Area is dpu_conv_top_conv3x3_relu_Pipeline_OH_LOOP_OW_LOOP_IC_LOOP__GB5 mac_muladd_8s_8s_32s_32_4_1_U67/dpu_conv_top_mac_muladd_8s_8s_32s_32_4_1_DSP48_0_U/p_reg_reg_37 : 0 0 : 777 2395 : Used 1 time 0
 Sort Area is dpu_conv_top_conv3x3_relu_Pipeline_OH_LOOP_OW_LOOP_IC_LOOP__GB5 mac_muladd_8s_8s_32s_32_4_1_U67/dpu_conv_top_mac_muladd_8s_8s_32s_32_4_1_DSP48_0_U/p_reg_reg_37 : 0 1 : 841 2395 : Used 1 time 0
 Sort Area is dpu_conv_top_conv3x3_relu_Pipeline_OH_LOOP_OW_LOOP_IC_LOOP__GB5 mac_muladd_8s_8s_32s_32_4_1_U67/dpu_conv_top_mac_muladd_8s_8s_32s_32_4_1_DSP48_0_U/p_reg_reg_37 : 0 2 : 777 2395 : Used 1 time 0
 Sort Area is dpu_conv_top__GCB4 mul_ln112_1_reg_761_reg_4 : 0 0 : 1040 1040 : Used 1 time 0
 Sort Area is dpu_conv_top__GCB4 mul_ln82_1_reg_766_reg_6 : 0 0 : 932 932 : Used 1 time 0
 Sort Area is dpu_conv_top_conv3x3_relu_Pipeline_OH_LOOP_OW_LOOP_IC_LOOP__GB5 mac_muladd_8s_8s_32s_32_4_1_U1/dpu_conv_top_mac_muladd_8s_8s_32s_32_4_1_DSP48_0_U/p_reg_reg_0 : 0 0 : 777 777 : Used 1 time 0
 Sort Area is dpu_conv_top_conv3x3_relu_Pipeline_OH_LOOP_OW_LOOP_IC_LOOP__GB5 mac_muladd_8s_8s_32s_32_4_1_U10/dpu_conv_top_mac_muladd_8s_8s_32s_32_4_1_DSP48_0_U/p_reg_reg_a : 0 0 : 777 777 : Used 1 time 0
 Sort Area is dpu_conv_top_conv3x3_relu_Pipeline_OH_LOOP_OW_LOOP_IC_LOOP__GB5 mac_muladd_8s_8s_32s_32_4_1_U11/dpu_conv_top_mac_muladd_8s_8s_32s_32_4_1_DSP48_0_U/p_reg_reg_b : 0 0 : 777 777 : Used 1 time 0
 Sort Area is dpu_conv_top_conv3x3_relu_Pipeline_OH_LOOP_OW_LOOP_IC_LOOP__GB5 mac_muladd_8s_8s_32s_32_4_1_U12/dpu_conv_top_mac_muladd_8s_8s_32s_32_4_1_DSP48_0_U/p_reg_reg_c : 0 0 : 777 777 : Used 1 time 0
 Sort Area is dpu_conv_top_conv3x3_relu_Pipeline_OH_LOOP_OW_LOOP_IC_LOOP__GB5 mac_muladd_8s_8s_32s_32_4_1_U16/dpu_conv_top_mac_muladd_8s_8s_32s_32_4_1_DSP48_0_U/p_reg_reg_e : 0 0 : 777 777 : Used 1 time 0
 Sort Area is dpu_conv_top_conv3x3_relu_Pipeline_OH_LOOP_OW_LOOP_IC_LOOP__GB5 mac_muladd_8s_8s_32s_32_4_1_U17/dpu_conv_top_mac_muladd_8s_8s_32s_32_4_1_DSP48_0_U/p_reg_reg_f : 0 0 : 777 777 : Used 1 time 0
 Sort Area is dpu_conv_top_conv3x3_relu_Pipeline_OH_LOOP_OW_LOOP_IC_LOOP__GB5 mac_muladd_8s_8s_32s_32_4_1_U18/dpu_conv_top_mac_muladd_8s_8s_32s_32_4_1_DSP48_0_U/p_reg_reg_10 : 0 0 : 777 777 : Used 1 time 0
 Sort Area is dpu_conv_top_conv3x3_relu_Pipeline_OH_LOOP_OW_LOOP_IC_LOOP__GB5 mac_muladd_8s_8s_32s_32_4_1_U19/dpu_conv_top_mac_muladd_8s_8s_32s_32_4_1_DSP48_0_U/p_reg_reg_11 : 0 0 : 777 777 : Used 1 time 0
 Sort Area is dpu_conv_top_conv3x3_relu_Pipeline_OH_LOOP_OW_LOOP_IC_LOOP__GB5 mac_muladd_8s_8s_32s_32_4_1_U2/dpu_conv_top_mac_muladd_8s_8s_32s_32_4_1_DSP48_0_U/p_reg_reg_2 : 0 0 : 777 777 : Used 1 time 0
 Sort Area is dpu_conv_top_conv3x3_relu_Pipeline_OH_LOOP_OW_LOOP_IC_LOOP__GB5 mac_muladd_8s_8s_32s_32_4_1_U20/dpu_conv_top_mac_muladd_8s_8s_32s_32_4_1_DSP48_0_U/p_reg_reg_12 : 0 0 : 777 777 : Used 1 time 0
 Sort Area is dpu_conv_top_conv3x3_relu_Pipeline_OH_LOOP_OW_LOOP_IC_LOOP__GB5 mac_muladd_8s_8s_32s_32_4_1_U21/dpu_conv_top_mac_muladd_8s_8s_32s_32_4_1_DSP48_0_U/p_reg_reg_13 : 0 0 : 777 777 : Used 1 time 0
 Sort Area is dpu_conv_top_conv3x3_relu_Pipeline_OH_LOOP_OW_LOOP_IC_LOOP__GB5 mac_muladd_8s_8s_32s_32_4_1_U25/dpu_conv_top_mac_muladd_8s_8s_32s_32_4_1_DSP48_0_U/p_reg_reg_15 : 0 0 : 777 777 : Used 1 time 0
 Sort Area is dpu_conv_top_conv3x3_relu_Pipeline_OH_LOOP_OW_LOOP_IC_LOOP__GB5 mac_muladd_8s_8s_32s_32_4_1_U26/dpu_conv_top_mac_muladd_8s_8s_32s_32_4_1_DSP48_0_U/p_reg_reg_16 : 0 0 : 777 777 : Used 1 time 0
 Sort Area is dpu_conv_top_conv3x3_relu_Pipeline_OH_LOOP_OW_LOOP_IC_LOOP__GB5 mac_muladd_8s_8s_32s_32_4_1_U27/dpu_conv_top_mac_muladd_8s_8s_32s_32_4_1_DSP48_0_U/p_reg_reg_17 : 0 0 : 777 777 : Used 1 time 0
 Sort Area is dpu_conv_top_conv3x3_relu_Pipeline_OH_LOOP_OW_LOOP_IC_LOOP__GB5 mac_muladd_8s_8s_32s_32_4_1_U28/dpu_conv_top_mac_muladd_8s_8s_32s_32_4_1_DSP48_0_U/p_reg_reg_18 : 0 0 : 777 777 : Used 1 time 0
 Sort Area is dpu_conv_top_conv3x3_relu_Pipeline_OH_LOOP_OW_LOOP_IC_LOOP__GB5 mac_muladd_8s_8s_32s_32_4_1_U29/dpu_conv_top_mac_muladd_8s_8s_32s_32_4_1_DSP48_0_U/p_reg_reg_19 : 0 0 : 777 777 : Used 1 time 0
 Sort Area is dpu_conv_top_conv3x3_relu_Pipeline_OH_LOOP_OW_LOOP_IC_LOOP__GB5 mac_muladd_8s_8s_32s_32_4_1_U3/dpu_conv_top_mac_muladd_8s_8s_32s_32_4_1_DSP48_0_U/p_reg_reg_3 : 0 0 : 777 777 : Used 1 time 0
 Sort Area is dpu_conv_top_conv3x3_relu_Pipeline_OH_LOOP_OW_LOOP_IC_LOOP__GB5 mac_muladd_8s_8s_32s_32_4_1_U30/dpu_conv_top_mac_muladd_8s_8s_32s_32_4_1_DSP48_0_U/p_reg_reg_1a : 0 0 : 777 777 : Used 1 time 0
 Sort Area is dpu_conv_top_conv3x3_relu_Pipeline_OH_LOOP_OW_LOOP_IC_LOOP__GB5 mac_muladd_8s_8s_32s_32_4_1_U34/dpu_conv_top_mac_muladd_8s_8s_32s_32_4_1_DSP48_0_U/p_reg_reg_1c : 0 0 : 777 777 : Used 1 time 0
 Sort Area is dpu_conv_top_conv3x3_relu_Pipeline_OH_LOOP_OW_LOOP_IC_LOOP__GB5 mac_muladd_8s_8s_32s_32_4_1_U35/dpu_conv_top_mac_muladd_8s_8s_32s_32_4_1_DSP48_0_U/p_reg_reg_1d : 0 0 : 777 777 : Used 1 time 0
 Sort Area is dpu_conv_top_conv3x3_relu_Pipeline_OH_LOOP_OW_LOOP_IC_LOOP__GB5 mac_muladd_8s_8s_32s_32_4_1_U36/dpu_conv_top_mac_muladd_8s_8s_32s_32_4_1_DSP48_0_U/p_reg_reg_1e : 0 0 : 777 777 : Used 1 time 0
 Sort Area is dpu_conv_top_conv3x3_relu_Pipeline_OH_LOOP_OW_LOOP_IC_LOOP__GB5 mac_muladd_8s_8s_32s_32_4_1_U37/dpu_conv_top_mac_muladd_8s_8s_32s_32_4_1_DSP48_0_U/p_reg_reg_1f : 0 0 : 777 777 : Used 1 time 0
 Sort Area is dpu_conv_top_conv3x3_relu_Pipeline_OH_LOOP_OW_LOOP_IC_LOOP__GB5 mac_muladd_8s_8s_32s_32_4_1_U38/dpu_conv_top_mac_muladd_8s_8s_32s_32_4_1_DSP48_0_U/p_reg_reg_20 : 0 0 : 777 777 : Used 1 time 0
 Sort Area is dpu_conv_top_conv3x3_relu_Pipeline_OH_LOOP_OW_LOOP_IC_LOOP__GB5 mac_muladd_8s_8s_32s_32_4_1_U39/dpu_conv_top_mac_muladd_8s_8s_32s_32_4_1_DSP48_0_U/p_reg_reg_21 : 0 0 : 777 777 : Used 1 time 0
 Sort Area is dpu_conv_top_conv3x3_relu_Pipeline_OH_LOOP_OW_LOOP_IC_LOOP__GB5 mac_muladd_8s_8s_32s_32_4_1_U43/dpu_conv_top_mac_muladd_8s_8s_32s_32_4_1_DSP48_0_U/p_reg_reg_23 : 0 0 : 777 777 : Used 1 time 0
 Sort Area is dpu_conv_top_conv3x3_relu_Pipeline_OH_LOOP_OW_LOOP_IC_LOOP__GB5 mac_muladd_8s_8s_32s_32_4_1_U44/dpu_conv_top_mac_muladd_8s_8s_32s_32_4_1_DSP48_0_U/p_reg_reg_24 : 0 0 : 777 777 : Used 1 time 0
 Sort Area is dpu_conv_top_conv3x3_relu_Pipeline_OH_LOOP_OW_LOOP_IC_LOOP__GB5 mac_muladd_8s_8s_32s_32_4_1_U45/dpu_conv_top_mac_muladd_8s_8s_32s_32_4_1_DSP48_0_U/p_reg_reg_25 : 0 0 : 777 777 : Used 1 time 0
 Sort Area is dpu_conv_top_conv3x3_relu_Pipeline_OH_LOOP_OW_LOOP_IC_LOOP__GB5 mac_muladd_8s_8s_32s_32_4_1_U46/dpu_conv_top_mac_muladd_8s_8s_32s_32_4_1_DSP48_0_U/p_reg_reg_26 : 0 0 : 777 777 : Used 1 time 0
 Sort Area is dpu_conv_top_conv3x3_relu_Pipeline_OH_LOOP_OW_LOOP_IC_LOOP__GB5 mac_muladd_8s_8s_32s_32_4_1_U47/dpu_conv_top_mac_muladd_8s_8s_32s_32_4_1_DSP48_0_U/p_reg_reg_27 : 0 0 : 777 777 : Used 1 time 0
 Sort Area is dpu_conv_top_conv3x3_relu_Pipeline_OH_LOOP_OW_LOOP_IC_LOOP__GB5 mac_muladd_8s_8s_32s_32_4_1_U48/dpu_conv_top_mac_muladd_8s_8s_32s_32_4_1_DSP48_0_U/p_reg_reg_28 : 0 0 : 777 777 : Used 1 time 0
 Sort Area is dpu_conv_top_conv3x3_relu_Pipeline_OH_LOOP_OW_LOOP_IC_LOOP__GB5 mac_muladd_8s_8s_32s_32_4_1_U52/dpu_conv_top_mac_muladd_8s_8s_32s_32_4_1_DSP48_0_U/p_reg_reg_2a : 0 0 : 777 777 : Used 1 time 0
 Sort Area is dpu_conv_top_conv3x3_relu_Pipeline_OH_LOOP_OW_LOOP_IC_LOOP__GB5 mac_muladd_8s_8s_32s_32_4_1_U53/dpu_conv_top_mac_muladd_8s_8s_32s_32_4_1_DSP48_0_U/p_reg_reg_2b : 0 0 : 777 777 : Used 1 time 0
 Sort Area is dpu_conv_top_conv3x3_relu_Pipeline_OH_LOOP_OW_LOOP_IC_LOOP__GB5 mac_muladd_8s_8s_32s_32_4_1_U54/dpu_conv_top_mac_muladd_8s_8s_32s_32_4_1_DSP48_0_U/p_reg_reg_2c : 0 0 : 777 777 : Used 1 time 0
 Sort Area is dpu_conv_top_conv3x3_relu_Pipeline_OH_LOOP_OW_LOOP_IC_LOOP__GB5 mac_muladd_8s_8s_32s_32_4_1_U55/dpu_conv_top_mac_muladd_8s_8s_32s_32_4_1_DSP48_0_U/p_reg_reg_2d : 0 0 : 777 777 : Used 1 time 0
 Sort Area is dpu_conv_top_conv3x3_relu_Pipeline_OH_LOOP_OW_LOOP_IC_LOOP__GB5 mac_muladd_8s_8s_32s_32_4_1_U56/dpu_conv_top_mac_muladd_8s_8s_32s_32_4_1_DSP48_0_U/p_reg_reg_2e : 0 0 : 777 777 : Used 1 time 0
 Sort Area is dpu_conv_top_conv3x3_relu_Pipeline_OH_LOOP_OW_LOOP_IC_LOOP__GB5 mac_muladd_8s_8s_32s_32_4_1_U57/dpu_conv_top_mac_muladd_8s_8s_32s_32_4_1_DSP48_0_U/p_reg_reg_2f : 0 0 : 777 777 : Used 1 time 0
 Sort Area is dpu_conv_top_conv3x3_relu_Pipeline_OH_LOOP_OW_LOOP_IC_LOOP__GB5 mac_muladd_8s_8s_32s_32_4_1_U61/dpu_conv_top_mac_muladd_8s_8s_32s_32_4_1_DSP48_0_U/p_reg_reg_31 : 0 0 : 777 777 : Used 1 time 0
 Sort Area is dpu_conv_top_conv3x3_relu_Pipeline_OH_LOOP_OW_LOOP_IC_LOOP__GB5 mac_muladd_8s_8s_32s_32_4_1_U62/dpu_conv_top_mac_muladd_8s_8s_32s_32_4_1_DSP48_0_U/p_reg_reg_32 : 0 0 : 777 777 : Used 1 time 0
 Sort Area is dpu_conv_top_conv3x3_relu_Pipeline_OH_LOOP_OW_LOOP_IC_LOOP__GB5 mac_muladd_8s_8s_32s_32_4_1_U63/dpu_conv_top_mac_muladd_8s_8s_32s_32_4_1_DSP48_0_U/p_reg_reg_33 : 0 0 : 777 777 : Used 1 time 0
 Sort Area is dpu_conv_top_conv3x3_relu_Pipeline_OH_LOOP_OW_LOOP_IC_LOOP__GB5 mac_muladd_8s_8s_32s_32_4_1_U64/dpu_conv_top_mac_muladd_8s_8s_32s_32_4_1_DSP48_0_U/p_reg_reg_34 : 0 0 : 777 777 : Used 1 time 0
 Sort Area is dpu_conv_top_conv3x3_relu_Pipeline_OH_LOOP_OW_LOOP_IC_LOOP__GB5 mac_muladd_8s_8s_32s_32_4_1_U65/dpu_conv_top_mac_muladd_8s_8s_32s_32_4_1_DSP48_0_U/p_reg_reg_35 : 0 0 : 777 777 : Used 1 time 0
 Sort Area is dpu_conv_top_conv3x3_relu_Pipeline_OH_LOOP_OW_LOOP_IC_LOOP__GB5 mac_muladd_8s_8s_32s_32_4_1_U66/dpu_conv_top_mac_muladd_8s_8s_32s_32_4_1_DSP48_0_U/p_reg_reg_36 : 0 0 : 777 777 : Used 1 time 0
 Sort Area is dpu_conv_top_conv3x3_relu_Pipeline_OH_LOOP_OW_LOOP_IC_LOOP__GB5 mac_muladd_8s_8s_32s_32_4_1_U7/dpu_conv_top_mac_muladd_8s_8s_32s_32_4_1_DSP48_0_U/p_reg_reg_7 : 0 0 : 777 777 : Used 1 time 0
 Sort Area is dpu_conv_top_conv3x3_relu_Pipeline_OH_LOOP_OW_LOOP_IC_LOOP__GB5 mac_muladd_8s_8s_32s_32_4_1_U70/dpu_conv_top_mac_muladd_8s_8s_32s_32_4_1_DSP48_0_U/p_reg_reg_38 : 0 0 : 777 777 : Used 1 time 0
 Sort Area is dpu_conv_top_conv3x3_relu_Pipeline_OH_LOOP_OW_LOOP_IC_LOOP__GB5 mac_muladd_8s_8s_32s_32_4_1_U71/dpu_conv_top_mac_muladd_8s_8s_32s_32_4_1_DSP48_0_U/p_reg_reg_39 : 0 0 : 777 777 : Used 1 time 0
 Sort Area is dpu_conv_top_conv3x3_relu_Pipeline_OH_LOOP_OW_LOOP_IC_LOOP__GB5 mac_muladd_8s_8s_32s_32_4_1_U72/dpu_conv_top_mac_muladd_8s_8s_32s_32_4_1_DSP48_0_U/p_reg_reg_3a : 0 0 : 777 777 : Used 1 time 0
 Sort Area is dpu_conv_top_conv3x3_relu_Pipeline_OH_LOOP_OW_LOOP_IC_LOOP__GB5 mac_muladd_8s_8s_32s_32_4_1_U8/dpu_conv_top_mac_muladd_8s_8s_32s_32_4_1_DSP48_0_U/p_reg_reg_8 : 0 0 : 777 777 : Used 1 time 0
 Sort Area is dpu_conv_top_conv3x3_relu_Pipeline_OH_LOOP_OW_LOOP_IC_LOOP__GB5 mac_muladd_8s_8s_32s_32_4_1_U9/dpu_conv_top_mac_muladd_8s_8s_32s_32_4_1_DSP48_0_U/p_reg_reg_9 : 0 0 : 777 777 : Used 1 time 0
 Sort Area is dpu_conv_top_conv3x3_relu__GC0 bound7_reg_684_reg_0 : 0 0 : 761 761 : Used 1 time 0
 Sort Area is dpu_conv_top__GCB4 mul_ln112_reg_743_reg_0 : 0 0 : 614 614 : Used 1 time 0
 Sort Area is dpu_conv_top__GCB4 mul_ln82_reg_755_reg_2 : 0 0 : 484 484 : Used 1 time 0
---------------------------------------------------------------------------------
Start ROM, RAM, DSP, Shift Register and Retiming Reporting
---------------------------------------------------------------------------------

Block RAM: Preliminary Mapping Report (see note below)
+----------------+-----------------------------------------------------------+------------------------+---+---+------------------------+---+---+------------------+--------+--------+
|Module Name     | RTL Object                                                | PORT A (Depth x Width) | W | R | PORT B (Depth x Width) | W | R | Ports driving FF | RAMB18 | RAMB36 | 
+----------------+-----------------------------------------------------------+------------------------+---+---+------------------------+---+---+------------------+--------+--------+
|gmem1_7_m_axi_U | load_unit_0/buff_rdata/U_fifo_mem/mem_reg                 | 255 x 34(READ_FIRST)   | W |   | 255 x 34(WRITE_FIRST)  |   | R | Port A and B     | 1      | 0      | 
|gmem1_6_m_axi_U | load_unit_0/buff_rdata/U_fifo_mem/mem_reg                 | 255 x 34(READ_FIRST)   | W |   | 255 x 34(WRITE_FIRST)  |   | R | Port A and B     | 1      | 0      | 
|gmem1_5_m_axi_U | load_unit_0/buff_rdata/U_fifo_mem/mem_reg                 | 255 x 34(READ_FIRST)   | W |   | 255 x 34(WRITE_FIRST)  |   | R | Port A and B     | 1      | 0      | 
|gmem1_4_m_axi_U | load_unit_0/buff_rdata/U_fifo_mem/mem_reg                 | 255 x 34(READ_FIRST)   | W |   | 255 x 34(WRITE_FIRST)  |   | R | Port A and B     | 1      | 0      | 
|gmem1_3_m_axi_U | load_unit_0/buff_rdata/U_fifo_mem/mem_reg                 | 255 x 34(READ_FIRST)   | W |   | 255 x 34(WRITE_FIRST)  |   | R | Port A and B     | 1      | 0      | 
|gmem1_1_m_axi_U | load_unit_0/buff_rdata/U_fifo_mem/mem_reg                 | 255 x 34(READ_FIRST)   | W |   | 255 x 34(WRITE_FIRST)  |   | R | Port A and B     | 1      | 0      | 
|gmem1_0_m_axi_U | load_unit_0/buff_rdata/U_fifo_mem/mem_reg                 | 255 x 34(READ_FIRST)   | W |   | 255 x 34(WRITE_FIRST)  |   | R | Port A and B     | 1      | 0      | 
|gmem1_m_axi_U   | load_unit_0/buff_rdata/U_fifo_mem/mem_reg                 | 255 x 34(READ_FIRST)   | W |   | 255 x 34(WRITE_FIRST)  |   | R | Port A and B     | 1      | 0      | 
|inst            | gmem0_6_m_axi_U/load_unit_0/buff_rdata/U_fifo_mem/mem_reg | 255 x 34(READ_FIRST)   | W |   | 255 x 34(WRITE_FIRST)  |   | R | Port A and B     | 1      | 0      | 
|inst            | gmem0_5_m_axi_U/load_unit_0/buff_rdata/U_fifo_mem/mem_reg | 255 x 34(READ_FIRST)   | W |   | 255 x 34(WRITE_FIRST)  |   | R | Port A and B     | 1      | 0      | 
|gmem0_4_m_axi_U | load_unit_0/buff_rdata/U_fifo_mem/mem_reg                 | 255 x 34(READ_FIRST)   | W |   | 255 x 34(WRITE_FIRST)  |   | R | Port A and B     | 1      | 0      | 
|gmem0_3_m_axi_U | load_unit_0/buff_rdata/U_fifo_mem/mem_reg                 | 255 x 34(READ_FIRST)   | W |   | 255 x 34(WRITE_FIRST)  |   | R | Port A and B     | 1      | 0      | 
|gmem0_7_m_axi_U | load_unit_0/buff_rdata/U_fifo_mem/mem_reg                 | 255 x 34(READ_FIRST)   | W |   | 255 x 34(WRITE_FIRST)  |   | R | Port A and B     | 1      | 0      | 
|gmem0_2_m_axi_U | load_unit_0/buff_rdata/U_fifo_mem/mem_reg                 | 255 x 34(READ_FIRST)   | W |   | 255 x 34(WRITE_FIRST)  |   | R | Port A and B     | 1      | 0      | 
|gmem0_1_m_axi_U | load_unit_0/buff_rdata/U_fifo_mem/mem_reg                 | 255 x 34(READ_FIRST)   | W |   | 255 x 34(WRITE_FIRST)  |   | R | Port A and B     | 1      | 0      | 
|gmem0_0_m_axi_U | load_unit_0/buff_rdata/U_fifo_mem/mem_reg                 | 255 x 34(READ_FIRST)   | W |   | 255 x 34(WRITE_FIRST)  |   | R | Port A and B     | 1      | 0      | 
|gmem1_2_m_axi_U | load_unit_0/buff_rdata/U_fifo_mem/mem_reg                 | 255 x 34(READ_FIRST)   | W |   | 255 x 34(WRITE_FIRST)  |   | R | Port A and B     | 1      | 0      | 
|gmem2_m_axi_U   | load_unit_0/buff_rdata/U_fifo_mem/mem_reg                 | 255 x 34(READ_FIRST)   | W |   | 255 x 34(WRITE_FIRST)  |   | R | Port A and B     | 1      | 0      | 
+----------------+-----------------------------------------------------------+------------------------+---+---+------------------------+---+---+------------------+--------+--------+

Note: The table above is a preliminary report that shows the Block RAMs at the current stage of the synthesis flow. Some Block RAMs may be reimplemented as non Block RAM primitives later in the synthesis flow. Multiple instantiated Block RAMs are reported only once. 

DSP: Preliminary Mapping Report (see note below. The ' indicates corresponding REG is set)
+----------------------------------------------------------------+-------------------------+--------+--------+--------+--------+--------+------+------+------+------+-------+------+------+
|Module Name                                                     | DSP Mapping             | A Size | B Size | C Size | D Size | P Size | AREG | BREG | CREG | DREG | ADREG | MREG | PREG | 
+----------------------------------------------------------------+-------------------------+--------+--------+--------+--------+--------+------+------+------+------+-------+------+------+
|dpu_conv_top                                                    | (A*B)'                  | 12     | 9      | -      | -      | 21     | 0    | 0    | -    | -    | -     | 1    | 0    | 
|dpu_conv_top_conv3x3_relu_Pipeline_OH_LOOP_OW_LOOP_IC_LOOP__GB5 | (C+(A''*B'')')'         | 9      | 9      | 32     | -      | 32     | 2    | 2    | 0    | -    | -     | 1    | 1    | 
|dpu_conv_top_conv3x3_relu_Pipeline_OH_LOOP_OW_LOOP_IC_LOOP__GB5 | (C+(A''*B'')')'         | 9      | 9      | 32     | -      | 32     | 2    | 2    | 0    | -    | -     | 1    | 1    | 
|dpu_conv_top_conv3x3_relu_Pipeline_OH_LOOP_OW_LOOP_IC_LOOP__GB5 | (C+(A''*B'')')'         | 9      | 9      | 32     | -      | 32     | 2    | 2    | 0    | -    | -     | 1    | 1    | 
|dpu_conv_top_conv3x3_relu_Pipeline_OH_LOOP_OW_LOOP_IC_LOOP__GB5 | (C+(A''*B'')')'         | 9      | 9      | 32     | -      | 32     | 2    | 2    | 0    | -    | -     | 1    | 1    | 
|dpu_conv_top_conv3x3_relu_Pipeline_OH_LOOP_OW_LOOP_IC_LOOP__GB5 | (PCIN or C')+(A''*B'')' | 9      | 9      | 32     | -      | 32     | 2    | 2    | 1    | -    | -     | 1    | 1    | 
|dpu_conv_top_conv3x3_relu_Pipeline_OH_LOOP_OW_LOOP_IC_LOOP__GB5 | (PCIN+(A''*B'')')'      | 9      | 9      | -      | -      | 32     | 2    | 2    | -    | -    | -     | 1    | 1    | 
|dpu_conv_top_conv3x3_relu_Pipeline_OH_LOOP_OW_LOOP_IC_LOOP__GB5 | (C+(A''*B'')')'         | 9      | 9      | 32     | -      | 32     | 2    | 2    | 0    | -    | -     | 1    | 1    | 
|dpu_conv_top_conv3x3_relu_Pipeline_OH_LOOP_OW_LOOP_IC_LOOP__GB5 | (C+(A''*B'')')'         | 9      | 9      | 32     | -      | 32     | 2    | 2    | 0    | -    | -     | 1    | 1    | 
|dpu_conv_top_conv3x3_relu_Pipeline_OH_LOOP_OW_LOOP_IC_LOOP__GB5 | (C+(A''*B'')')'         | 9      | 9      | 32     | -      | 32     | 2    | 2    | 0    | -    | -     | 1    | 1    | 
|dpu_conv_top_conv3x3_relu_Pipeline_OH_LOOP_OW_LOOP_IC_LOOP__GB5 | (C+(A''*B'')')'         | 9      | 9      | 32     | -      | 32     | 2    | 2    | 0    | -    | -     | 1    | 1    | 
|dpu_conv_top_conv3x3_relu_Pipeline_OH_LOOP_OW_LOOP_IC_LOOP__GB5 | (C+(A''*B'')')'         | 9      | 9      | 32     | -      | 32     | 2    | 2    | 0    | -    | -     | 1    | 1    | 
|dpu_conv_top_conv3x3_relu_Pipeline_OH_LOOP_OW_LOOP_IC_LOOP__GB5 | (C+(A''*B'')')'         | 9      | 9      | 32     | -      | 32     | 2    | 2    | 0    | -    | -     | 1    | 1    | 
|dpu_conv_top_conv3x3_relu_Pipeline_OH_LOOP_OW_LOOP_IC_LOOP__GB5 | (C+(A''*B'')')'         | 9      | 9      | 32     | -      | 32     | 2    | 2    | 0    | -    | -     | 1    | 1    | 
|dpu_conv_top_conv3x3_relu_Pipeline_OH_LOOP_OW_LOOP_IC_LOOP__GB5 | (PCIN or C')+(A''*B'')' | 9      | 9      | 32     | -      | 32     | 2    | 2    | 1    | -    | -     | 1    | 1    | 
|dpu_conv_top_conv3x3_relu_Pipeline_OH_LOOP_OW_LOOP_IC_LOOP__GB5 | (PCIN+(A''*B'')')'      | 9      | 9      | -      | -      | 32     | 2    | 2    | -    | -    | -     | 1    | 1    | 
|dpu_conv_top_conv3x3_relu_Pipeline_OH_LOOP_OW_LOOP_IC_LOOP__GB5 | (C+(A''*B'')')'         | 9      | 9      | 32     | -      | 32     | 2    | 2    | 0    | -    | -     | 1    | 1    | 
|dpu_conv_top_conv3x3_relu_Pipeline_OH_LOOP_OW_LOOP_IC_LOOP__GB5 | (C+(A''*B'')')'         | 9      | 9      | 32     | -      | 32     | 2    | 2    | 0    | -    | -     | 1    | 1    | 
|dpu_conv_top_conv3x3_relu_Pipeline_OH_LOOP_OW_LOOP_IC_LOOP__GB5 | (C+(A''*B'')')'         | 9      | 9      | 32     | -      | 32     | 2    | 2    | 0    | -    | -     | 1    | 1    | 
|dpu_conv_top_conv3x3_relu_Pipeline_OH_LOOP_OW_LOOP_IC_LOOP__GB5 | (C+(A''*B'')')'         | 9      | 9      | 32     | -      | 32     | 2    | 2    | 0    | -    | -     | 1    | 1    | 
|dpu_conv_top_conv3x3_relu_Pipeline_OH_LOOP_OW_LOOP_IC_LOOP__GB5 | (C+(A''*B'')')'         | 9      | 9      | 32     | -      | 32     | 2    | 2    | 0    | -    | -     | 1    | 1    | 
|dpu_conv_top_conv3x3_relu_Pipeline_OH_LOOP_OW_LOOP_IC_LOOP__GB5 | (C+(A''*B'')')'         | 9      | 9      | 32     | -      | 32     | 2    | 2    | 0    | -    | -     | 1    | 1    | 
|dpu_conv_top_conv3x3_relu_Pipeline_OH_LOOP_OW_LOOP_IC_LOOP__GB5 | (C+(A''*B'')')'         | 9      | 9      | 32     | -      | 32     | 2    | 2    | 0    | -    | -     | 1    | 1    | 
|dpu_conv_top_conv3x3_relu_Pipeline_OH_LOOP_OW_LOOP_IC_LOOP__GB5 | (PCIN or C')+(A''*B'')' | 9      | 9      | 32     | -      | 32     | 2    | 2    | 1    | -    | -     | 1    | 1    | 
|dpu_conv_top_conv3x3_relu_Pipeline_OH_LOOP_OW_LOOP_IC_LOOP__GB5 | (PCIN+(A''*B'')')'      | 9      | 9      | -      | -      | 32     | 2    | 2    | -    | -    | -     | 1    | 1    | 
|dpu_conv_top_conv3x3_relu_Pipeline_OH_LOOP_OW_LOOP_IC_LOOP__GB5 | (C+(A''*B'')')'         | 9      | 9      | 32     | -      | 32     | 2    | 2    | 0    | -    | -     | 1    | 1    | 
|dpu_conv_top_conv3x3_relu_Pipeline_OH_LOOP_OW_LOOP_IC_LOOP__GB5 | (C+(A''*B'')')'         | 9      | 9      | 32     | -      | 32     | 2    | 2    | 0    | -    | -     | 1    | 1    | 
|dpu_conv_top_conv3x3_relu_Pipeline_OH_LOOP_OW_LOOP_IC_LOOP__GB5 | (C+(A''*B'')')'         | 9      | 9      | 32     | -      | 32     | 2    | 2    | 0    | -    | -     | 1    | 1    | 
|dpu_conv_top_conv3x3_relu_Pipeline_OH_LOOP_OW_LOOP_IC_LOOP__GB5 | (C+(A''*B'')')'         | 9      | 9      | 32     | -      | 32     | 2    | 2    | 0    | -    | -     | 1    | 1    | 
|dpu_conv_top_conv3x3_relu_Pipeline_OH_LOOP_OW_LOOP_IC_LOOP__GB5 | (C+(A''*B'')')'         | 9      | 9      | 32     | -      | 32     | 2    | 2    | 0    | -    | -     | 1    | 1    | 
|dpu_conv_top_conv3x3_relu_Pipeline_OH_LOOP_OW_LOOP_IC_LOOP__GB5 | (C+(A''*B'')')'         | 9      | 9      | 32     | -      | 32     | 2    | 2    | 0    | -    | -     | 1    | 1    | 
|dpu_conv_top_conv3x3_relu_Pipeline_OH_LOOP_OW_LOOP_IC_LOOP__GB5 | (C+(A''*B'')')'         | 9      | 9      | 32     | -      | 32     | 2    | 2    | 0    | -    | -     | 1    | 1    | 
|dpu_conv_top_conv3x3_relu_Pipeline_OH_LOOP_OW_LOOP_IC_LOOP__GB5 | (PCIN or C')+(A''*B'')' | 9      | 9      | 32     | -      | 32     | 2    | 2    | 1    | -    | -     | 1    | 1    | 
|dpu_conv_top_conv3x3_relu_Pipeline_OH_LOOP_OW_LOOP_IC_LOOP__GB5 | (PCIN+(A''*B'')')'      | 9      | 9      | -      | -      | 32     | 2    | 2    | -    | -    | -     | 1    | 1    | 
|dpu_conv_top_conv3x3_relu_Pipeline_OH_LOOP_OW_LOOP_IC_LOOP__GB5 | (C+(A''*B'')')'         | 9      | 9      | 32     | -      | 32     | 2    | 2    | 0    | -    | -     | 1    | 1    | 
|dpu_conv_top_conv3x3_relu_Pipeline_OH_LOOP_OW_LOOP_IC_LOOP__GB5 | (C+(A''*B'')')'         | 9      | 9      | 32     | -      | 32     | 2    | 2    | 0    | -    | -     | 1    | 1    | 
|dpu_conv_top_conv3x3_relu_Pipeline_OH_LOOP_OW_LOOP_IC_LOOP__GB5 | (C+(A''*B'')')'         | 9      | 9      | 32     | -      | 32     | 2    | 2    | 0    | -    | -     | 1    | 1    | 
|dpu_conv_top_conv3x3_relu_Pipeline_OH_LOOP_OW_LOOP_IC_LOOP__GB5 | (C+(A''*B'')')'         | 9      | 9      | 32     | -      | 32     | 2    | 2    | 0    | -    | -     | 1    | 1    | 
|dpu_conv_top_conv3x3_relu_Pipeline_OH_LOOP_OW_LOOP_IC_LOOP__GB5 | (C+(A''*B'')')'         | 9      | 9      | 32     | -      | 32     | 2    | 2    | 0    | -    | -     | 1    | 1    | 
|dpu_conv_top_conv3x3_relu_Pipeline_OH_LOOP_OW_LOOP_IC_LOOP__GB5 | (C+(A''*B'')')'         | 9      | 9      | 32     | -      | 32     | 2    | 2    | 0    | -    | -     | 1    | 1    | 
|dpu_conv_top_conv3x3_relu_Pipeline_OH_LOOP_OW_LOOP_IC_LOOP__GB5 | (C+(A''*B'')')'         | 9      | 9      | 32     | -      | 32     | 2    | 2    | 0    | -    | -     | 1    | 1    | 
|dpu_conv_top_conv3x3_relu_Pipeline_OH_LOOP_OW_LOOP_IC_LOOP__GB5 | (PCIN or C')+(A''*B'')' | 9      | 9      | 32     | -      | 32     | 2    | 2    | 1    | -    | -     | 1    | 1    | 
|dpu_conv_top_conv3x3_relu_Pipeline_OH_LOOP_OW_LOOP_IC_LOOP__GB5 | (PCIN+(A''*B'')')'      | 9      | 9      | -      | -      | 32     | 2    | 2    | -    | -    | -     | 1    | 1    | 
|dpu_conv_top_conv3x3_relu_Pipeline_OH_LOOP_OW_LOOP_IC_LOOP__GB5 | (C+(A''*B'')')'         | 9      | 9      | 32     | -      | 32     | 2    | 2    | 0    | -    | -     | 1    | 1    | 
|dpu_conv_top_conv3x3_relu_Pipeline_OH_LOOP_OW_LOOP_IC_LOOP__GB5 | (C+(A''*B'')')'         | 9      | 9      | 32     | -      | 32     | 2    | 2    | 0    | -    | -     | 1    | 1    | 
|dpu_conv_top_conv3x3_relu_Pipeline_OH_LOOP_OW_LOOP_IC_LOOP__GB5 | (C+(A''*B'')')'         | 9      | 9      | 32     | -      | 32     | 2    | 2    | 0    | -    | -     | 1    | 1    | 
|dpu_conv_top_conv3x3_relu_Pipeline_OH_LOOP_OW_LOOP_IC_LOOP__GB5 | (C+(A''*B'')')'         | 9      | 9      | 32     | -      | 32     | 2    | 2    | 0    | -    | -     | 1    | 1    | 
|dpu_conv_top_conv3x3_relu_Pipeline_OH_LOOP_OW_LOOP_IC_LOOP__GB5 | (C+(A''*B'')')'         | 9      | 9      | 32     | -      | 32     | 2    | 2    | 0    | -    | -     | 1    | 1    | 
|dpu_conv_top_conv3x3_relu_Pipeline_OH_LOOP_OW_LOOP_IC_LOOP__GB5 | (C+(A''*B'')')'         | 9      | 9      | 32     | -      | 32     | 2    | 2    | 0    | -    | -     | 1    | 1    | 
|dpu_conv_top_conv3x3_relu_Pipeline_OH_LOOP_OW_LOOP_IC_LOOP__GB5 | (C+(A''*B'')')'         | 9      | 9      | 32     | -      | 32     | 2    | 2    | 0    | -    | -     | 1    | 1    | 
|dpu_conv_top_conv3x3_relu_Pipeline_OH_LOOP_OW_LOOP_IC_LOOP__GB5 | (PCIN or C')+(A''*B'')' | 9      | 9      | 32     | -      | 32     | 2    | 2    | 1    | -    | -     | 1    | 1    | 
|dpu_conv_top_conv3x3_relu_Pipeline_OH_LOOP_OW_LOOP_IC_LOOP__GB5 | (PCIN+(A''*B'')')'      | 9      | 9      | -      | -      | 32     | 2    | 2    | -    | -    | -     | 1    | 1    | 
|dpu_conv_top_conv3x3_relu_Pipeline_OH_LOOP_OW_LOOP_IC_LOOP__GB5 | (C+(A''*B'')')'         | 9      | 9      | 32     | -      | 32     | 2    | 2    | 0    | -    | -     | 1    | 1    | 
|dpu_conv_top_conv3x3_relu_Pipeline_OH_LOOP_OW_LOOP_IC_LOOP__GB5 | (C+(A''*B'')')'         | 9      | 9      | 32     | -      | 32     | 2    | 2    | 0    | -    | -     | 1    | 1    | 
|dpu_conv_top_conv3x3_relu_Pipeline_OH_LOOP_OW_LOOP_IC_LOOP__GB5 | (C+(A''*B'')')'         | 9      | 9      | 32     | -      | 32     | 2    | 2    | 0    | -    | -     | 1    | 1    | 
|dpu_conv_top_conv3x3_relu_Pipeline_OH_LOOP_OW_LOOP_IC_LOOP__GB5 | (C+(A''*B'')')'         | 9      | 9      | 32     | -      | 32     | 2    | 2    | 0    | -    | -     | 1    | 1    | 
|dpu_conv_top_conv3x3_relu_Pipeline_OH_LOOP_OW_LOOP_IC_LOOP__GB5 | (C+(A''*B'')')'         | 9      | 9      | 32     | -      | 32     | 2    | 2    | 0    | -    | -     | 1    | 1    | 
|dpu_conv_top_conv3x3_relu_Pipeline_OH_LOOP_OW_LOOP_IC_LOOP__GB5 | (C+(A''*B'')')'         | 9      | 9      | 32     | -      | 32     | 2    | 2    | 0    | -    | -     | 1    | 1    | 
|dpu_conv_top_conv3x3_relu_Pipeline_OH_LOOP_OW_LOOP_IC_LOOP__GB5 | (C+(A''*B'')')'         | 9      | 9      | 32     | -      | 32     | 2    | 2    | 0    | -    | -     | 1    | 1    | 
|dpu_conv_top_conv3x3_relu_Pipeline_OH_LOOP_OW_LOOP_IC_LOOP__GB5 | (PCIN or C')+(A''*B'')' | 9      | 9      | 32     | -      | 32     | 2    | 2    | 1    | -    | -     | 1    | 1    | 
|dpu_conv_top_conv3x3_relu_Pipeline_OH_LOOP_OW_LOOP_IC_LOOP__GB5 | (PCIN+(A''*B'')')'      | 9      | 9      | -      | -      | 32     | 2    | 2    | -    | -    | -     | 1    | 1    | 
|dpu_conv_top_conv3x3_relu_Pipeline_OH_LOOP_OW_LOOP_IC_LOOP__GB5 | (C+(A''*B'')')'         | 9      | 9      | 32     | -      | 32     | 2    | 2    | 0    | -    | -     | 1    | 1    | 
|dpu_conv_top_conv3x3_relu_Pipeline_OH_LOOP_OW_LOOP_IC_LOOP__GB5 | (C+(A''*B'')')'         | 9      | 9      | 32     | -      | 32     | 2    | 2    | 0    | -    | -     | 1    | 1    | 
|dpu_conv_top_conv3x3_relu_Pipeline_OH_LOOP_OW_LOOP_IC_LOOP__GB5 | (C+(A''*B'')')'         | 9      | 9      | 32     | -      | 32     | 2    | 2    | 0    | -    | -     | 1    | 1    | 
|dpu_conv_top_conv3x3_relu_Pipeline_OH_LOOP_OW_LOOP_IC_LOOP__GB5 | (C+(A''*B'')')'         | 9      | 9      | 32     | -      | 32     | 2    | 2    | 0    | -    | -     | 1    | 1    | 
|dpu_conv_top_conv3x3_relu_Pipeline_OH_LOOP_OW_LOOP_IC_LOOP__GB5 | (C+(A''*B'')')'         | 9      | 9      | 32     | -      | 32     | 2    | 2    | 0    | -    | -     | 1    | 1    | 
|dpu_conv_top_conv3x3_relu_Pipeline_OH_LOOP_OW_LOOP_IC_LOOP__GB5 | (C+(A''*B'')')'         | 9      | 9      | 32     | -      | 32     | 2    | 2    | 0    | -    | -     | 1    | 1    | 
|dpu_conv_top_conv3x3_relu_Pipeline_OH_LOOP_OW_LOOP_IC_LOOP__GB5 | (C+(A''*B'')')'         | 9      | 9      | 32     | -      | 32     | 2    | 2    | 0    | -    | -     | 1    | 1    | 
|dpu_conv_top_conv3x3_relu_Pipeline_OH_LOOP_OW_LOOP_IC_LOOP__GB5 | (PCIN or C')+(A''*B'')' | 9      | 9      | 32     | -      | 32     | 2    | 2    | 1    | -    | -     | 1    | 1    | 
|dpu_conv_top_conv3x3_relu_Pipeline_OH_LOOP_OW_LOOP_IC_LOOP__GB5 | (PCIN+(A''*B'')')'      | 9      | 9      | -      | -      | 32     | 2    | 2    | -    | -    | -     | 1    | 1    | 
|dpu_conv_top_conv3x3_relu_Pipeline_OH_LOOP_OW_LOOP_IC_LOOP__GB5 | (C+(A''*B'')')'         | 9      | 9      | 32     | -      | 32     | 2    | 2    | 0    | -    | -     | 1    | 1    | 
|dpu_conv_top_conv3x3_relu_Pipeline_OH_LOOP_OW_LOOP_IC_LOOP__GB5 | (C+(A''*B'')')'         | 9      | 9      | 32     | -      | 32     | 2    | 2    | 0    | -    | -     | 1    | 1    | 
|dpu_conv_top_conv3x3_relu_Pipeline_OH_LOOP_OW_LOOP_IC_LOOP__GB5 | (C+(A''*B'')')'         | 9      | 9      | 32     | -      | 32     | 2    | 2    | 0    | -    | -     | 1    | 1    | 
|dpu_conv_top__GCB4                                              | (A2*B2)'                | 9      | 9      | -      | -      | 18     | 1    | 1    | -    | -    | -     | 1    | 0    | 
|dpu_conv_top__GCB4                                              | (A2*B2)'                | 8      | 8      | -      | -      | 16     | 1    | 1    | -    | -    | -     | 1    | 0    | 
|dpu_conv_top__GCB4                                              | (A*B2)'                 | 17     | 9      | -      | -      | 26     | 0    | 1    | -    | -    | -     | 1    | 0    | 
|dpu_conv_top__GCB4                                              | (A*B2)'                 | 15     | 9      | -      | -      | 24     | 0    | 1    | -    | -    | -     | 1    | 0    | 
+----------------------------------------------------------------+-------------------------+--------+--------+--------+--------+--------+------+------+------+------+-------+------+------+

Note: The table above is a preliminary report that shows the DSPs inferred at the current stage of the synthesis flow. Some DSP may be reimplemented as non DSP primitives later in the synthesis flow. Multiple instantiated DSPs are reported only once.
---------------------------------------------------------------------------------
Finished ROM, RAM, DSP, Shift Register and Retiming Reporting
---------------------------------------------------------------------------------
---------------------------------------------------------------------------------
Start Applying XDC Timing Constraints
---------------------------------------------------------------------------------
---------------------------------------------------------------------------------
Finished Applying XDC Timing Constraints : Time (s): cpu = 00:08:35 ; elapsed = 00:15:11 . Memory (MB): peak = 2102.281 ; gain = 1284.965
---------------------------------------------------------------------------------
---------------------------------------------------------------------------------
Start Timing Optimization
---------------------------------------------------------------------------------
info: optimization accepted worst group hill climbing move (3560.0/oG.CP 194.0ps)
---------------------------------------------------------------------------------
Finished Timing Optimization : Time (s): cpu = 00:12:52 ; elapsed = 00:22:58 . Memory (MB): peak = 2420.816 ; gain = 1603.500
---------------------------------------------------------------------------------
---------------------------------------------------------------------------------
Start ROM, RAM, DSP, Shift Register and Retiming Reporting
---------------------------------------------------------------------------------

Block RAM: Final Mapping Report
+----------------+-----------------------------------------------------------+------------------------+---+---+------------------------+---+---+------------------+--------+--------+
|Module Name     | RTL Object                                                | PORT A (Depth x Width) | W | R | PORT B (Depth x Width) | W | R | Ports driving FF | RAMB18 | RAMB36 | 
+----------------+-----------------------------------------------------------+------------------------+---+---+------------------------+---+---+------------------+--------+--------+
|inst            | gmem0_6_m_axi_U/load_unit_0/buff_rdata/U_fifo_mem/mem_reg | 255 x 34(READ_FIRST)   | W |   | 255 x 34(WRITE_FIRST)  |   | R | Port A and B     | 1      | 0      | 
|inst            | gmem0_5_m_axi_U/load_unit_0/buff_rdata/U_fifo_mem/mem_reg | 255 x 34(READ_FIRST)   | W |   | 255 x 34(WRITE_FIRST)  |   | R | Port A and B     | 1      | 0      | 
|gmem0_4_m_axi_U | load_unit_0/buff_rdata/U_fifo_mem/mem_reg                 | 255 x 34(READ_FIRST)   | W |   | 255 x 34(WRITE_FIRST)  |   | R | Port A and B     | 1      | 0      | 
|gmem0_3_m_axi_U | load_unit_0/buff_rdata/U_fifo_mem/mem_reg                 | 255 x 34(READ_FIRST)   | W |   | 255 x 34(WRITE_FIRST)  |   | R | Port A and B     | 1      | 0      | 
|gmem0_7_m_axi_U | load_unit_0/buff_rdata/U_fifo_mem/mem_reg                 | 255 x 34(READ_FIRST)   | W |   | 255 x 34(WRITE_FIRST)  |   | R | Port A and B     | 1      | 0      | 
|gmem0_2_m_axi_U | load_unit_0/buff_rdata/U_fifo_mem/mem_reg                 | 255 x 34(READ_FIRST)   | W |   | 255 x 34(WRITE_FIRST)  |   | R | Port A and B     | 1      | 0      | 
|gmem0_1_m_axi_U | load_unit_0/buff_rdata/U_fifo_mem/mem_reg                 | 255 x 34(READ_FIRST)   | W |   | 255 x 34(WRITE_FIRST)  |   | R | Port A and B     | 1      | 0      | 
|gmem0_0_m_axi_U | load_unit_0/buff_rdata/U_fifo_mem/mem_reg                 | 255 x 34(READ_FIRST)   | W |   | 255 x 34(WRITE_FIRST)  |   | R | Port A and B     | 1      | 0      | 
|gmem1_2_m_axi_U | load_unit_0/buff_rdata/U_fifo_mem/mem_reg                 | 255 x 34(READ_FIRST)   | W |   | 255 x 34(WRITE_FIRST)  |   | R | Port A and B     | 1      | 0      | 
|gmem1_7_m_axi_U | load_unit_0/buff_rdata/U_fifo_mem/mem_reg                 | 255 x 34(READ_FIRST)   | W |   | 255 x 34(WRITE_FIRST)  |   | R | Port A and B     | 1      | 0      | 
|gmem1_6_m_axi_U | load_unit_0/buff_rdata/U_fifo_mem/mem_reg                 | 255 x 34(READ_FIRST)   | W |   | 255 x 34(WRITE_FIRST)  |   | R | Port A and B     | 1      | 0      | 
|gmem1_5_m_axi_U | load_unit_0/buff_rdata/U_fifo_mem/mem_reg                 | 255 x 34(READ_FIRST)   | W |   | 255 x 34(WRITE_FIRST)  |   | R | Port A and B     | 1      | 0      | 
|gmem1_4_m_axi_U | load_unit_0/buff_rdata/U_fifo_mem/mem_reg                 | 255 x 34(READ_FIRST)   | W |   | 255 x 34(WRITE_FIRST)  |   | R | Port A and B     | 1      | 0      | 
|gmem1_3_m_axi_U | load_unit_0/buff_rdata/U_fifo_mem/mem_reg                 | 255 x 34(READ_FIRST)   | W |   | 255 x 34(WRITE_FIRST)  |   | R | Port A and B     | 1      | 0      | 
|gmem1_1_m_axi_U | load_unit_0/buff_rdata/U_fifo_mem/mem_reg                 | 255 x 34(READ_FIRST)   | W |   | 255 x 34(WRITE_FIRST)  |   | R | Port A and B     | 1      | 0      | 
|gmem1_0_m_axi_U | load_unit_0/buff_rdata/U_fifo_mem/mem_reg                 | 255 x 34(READ_FIRST)   | W |   | 255 x 34(WRITE_FIRST)  |   | R | Port A and B     | 1      | 0      | 
|gmem1_m_axi_U   | load_unit_0/buff_rdata/U_fifo_mem/mem_reg                 | 255 x 34(READ_FIRST)   | W |   | 255 x 34(WRITE_FIRST)  |   | R | Port A and B     | 1      | 0      | 
|gmem2_m_axi_U   | load_unit_0/buff_rdata/U_fifo_mem/mem_reg                 | 255 x 34(READ_FIRST)   | W |   | 255 x 34(WRITE_FIRST)  |   | R | Port A and B     | 1      | 0      | 
+----------------+-----------------------------------------------------------+------------------------+---+---+------------------------+---+---+------------------+--------+--------+

---------------------------------------------------------------------------------
Finished ROM, RAM, DSP, Shift Register and Retiming Reporting
---------------------------------------------------------------------------------
---------------------------------------------------------------------------------
Start Technology Mapping
---------------------------------------------------------------------------------
INFO: [Synth 8-7052] The timing for the instance inst/i_8/gmem0_6_m_axi_U/load_unit_0/buff_rdata/U_fifo_mem/mem_reg (implemented as a Block RAM) might be sub-optimal as no optional output register could be merged into the ram block. Providing additional output register may help in improving timing.
INFO: [Synth 8-7052] The timing for the instance inst/i_8/gmem0_5_m_axi_U/load_unit_0/buff_rdata/U_fifo_mem/mem_reg (implemented as a Block RAM) might be sub-optimal as no optional output register could be merged into the ram block. Providing additional output register may help in improving timing.
INFO: [Synth 8-7052] The timing for the instance inst/i_9/gmem0_4_m_axi_U/load_unit_0/buff_rdata/U_fifo_mem/mem_reg (implemented as a Block RAM) might be sub-optimal as no optional output register could be merged into the ram block. Providing additional output register may help in improving timing.
INFO: [Synth 8-7052] The timing for the instance inst/i_9/gmem0_3_m_axi_U/load_unit_0/buff_rdata/U_fifo_mem/mem_reg (implemented as a Block RAM) might be sub-optimal as no optional output register could be merged into the ram block. Providing additional output register may help in improving timing.
INFO: [Synth 8-7052] The timing for the instance inst/i_9/gmem0_7_m_axi_U/load_unit_0/buff_rdata/U_fifo_mem/mem_reg (implemented as a Block RAM) might be sub-optimal as no optional output register could be merged into the ram block. Providing additional output register may help in improving timing.
INFO: [Synth 8-7052] The timing for the instance inst/i_10/gmem0_2_m_axi_U/load_unit_0/buff_rdata/U_fifo_mem/mem_reg (implemented as a Block RAM) might be sub-optimal as no optional output register could be merged into the ram block. Providing additional output register may help in improving timing.
INFO: [Synth 8-7052] The timing for the instance inst/i_10/gmem0_1_m_axi_U/load_unit_0/buff_rdata/U_fifo_mem/mem_reg (implemented as a Block RAM) might be sub-optimal as no optional output register could be merged into the ram block. Providing additional output register may help in improving timing.
INFO: [Synth 8-7052] The timing for the instance inst/i_10/gmem0_0_m_axi_U/load_unit_0/buff_rdata/U_fifo_mem/mem_reg (implemented as a Block RAM) might be sub-optimal as no optional output register could be merged into the ram block. Providing additional output register may help in improving timing.
INFO: [Synth 8-7052] The timing for the instance inst/i_10/gmem1_2_m_axi_U/load_unit_0/buff_rdata/U_fifo_mem/mem_reg (implemented as a Block RAM) might be sub-optimal as no optional output register could be merged into the ram block. Providing additional output register may help in improving timing.
INFO: [Synth 8-7052] The timing for the instance inst/i_7/gmem1_7_m_axi_U/load_unit_0/buff_rdata/U_fifo_mem/mem_reg (implemented as a Block RAM) might be sub-optimal as no optional output register could be merged into the ram block. Providing additional output register may help in improving timing.
INFO: [Synth 8-7052] The timing for the instance inst/i_7/gmem1_6_m_axi_U/load_unit_0/buff_rdata/U_fifo_mem/mem_reg (implemented as a Block RAM) might be sub-optimal as no optional output register could be merged into the ram block. Providing additional output register may help in improving timing.
INFO: [Synth 8-7052] The timing for the instance inst/i_7/gmem1_5_m_axi_U/load_unit_0/buff_rdata/U_fifo_mem/mem_reg (implemented as a Block RAM) might be sub-optimal as no optional output register could be merged into the ram block. Providing additional output register may help in improving timing.
INFO: [Synth 8-7052] The timing for the instance inst/i_7/gmem1_4_m_axi_U/load_unit_0/buff_rdata/U_fifo_mem/mem_reg (implemented as a Block RAM) might be sub-optimal as no optional output register could be merged into the ram block. Providing additional output register may help in improving timing.
INFO: [Synth 8-7052] The timing for the instance inst/i_7/gmem1_3_m_axi_U/load_unit_0/buff_rdata/U_fifo_mem/mem_reg (implemented as a Block RAM) might be sub-optimal as no optional output register could be merged into the ram block. Providing additional output register may help in improving timing.
INFO: [Synth 8-7052] The timing for the instance inst/i_7/gmem1_1_m_axi_U/load_unit_0/buff_rdata/U_fifo_mem/mem_reg (implemented as a Block RAM) might be sub-optimal as no optional output register could be merged into the ram block. Providing additional output register may help in improving timing.
INFO: [Synth 8-7052] The timing for the instance inst/i_7/gmem1_0_m_axi_U/load_unit_0/buff_rdata/U_fifo_mem/mem_reg (implemented as a Block RAM) might be sub-optimal as no optional output register could be merged into the ram block. Providing additional output register may help in improving timing.
INFO: [Synth 8-7052] The timing for the instance inst/i_5/gmem1_m_axi_U/load_unit_0/buff_rdata/U_fifo_mem/mem_reg (implemented as a Block RAM) might be sub-optimal as no optional output register could be merged into the ram block. Providing additional output register may help in improving timing.
INFO: [Synth 8-7052] The timing for the instance inst/i_5/gmem2_m_axi_U/load_unit_0/buff_rdata/U_fifo_mem/mem_reg (implemented as a Block RAM) might be sub-optimal as no optional output register could be merged into the ram block. Providing additional output register may help in improving timing.
---------------------------------------------------------------------------------
Finished Technology Mapping : Time (s): cpu = 00:14:48 ; elapsed = 00:28:38 . Memory (MB): peak = 2420.816 ; gain = 1603.500
---------------------------------------------------------------------------------
---------------------------------------------------------------------------------
Start IO Insertion
---------------------------------------------------------------------------------
---------------------------------------------------------------------------------
Start Flattening Before IO Insertion
---------------------------------------------------------------------------------
---------------------------------------------------------------------------------
Finished Flattening Before IO Insertion
---------------------------------------------------------------------------------
---------------------------------------------------------------------------------
Start Final Netlist Cleanup
---------------------------------------------------------------------------------
INFO: [Synth 8-7052] The timing for the instance inst/gmem0_6_m_axi_U/load_unit_0/buff_rdata/U_fifo_mem/mem_reg (implemented as a Block RAM) might be sub-optimal as no optional output register could be merged into the ram block. Providing additional output register may help in improving timing.
INFO: [Synth 8-7052] The timing for the instance inst/gmem0_5_m_axi_U/load_unit_0/buff_rdata/U_fifo_mem/mem_reg (implemented as a Block RAM) might be sub-optimal as no optional output register could be merged into the ram block. Providing additional output register may help in improving timing.
INFO: [Synth 8-7052] The timing for the instance inst/gmem0_4_m_axi_U/load_unit_0/buff_rdata/U_fifo_mem/mem_reg (implemented as a Block RAM) might be sub-optimal as no optional output register could be merged into the ram block. Providing additional output register may help in improving timing.
INFO: [Synth 8-7052] The timing for the instance inst/gmem0_3_m_axi_U/load_unit_0/buff_rdata/U_fifo_mem/mem_reg (implemented as a Block RAM) might be sub-optimal as no optional output register could be merged into the ram block. Providing additional output register may help in improving timing.
INFO: [Synth 8-7052] The timing for the instance inst/gmem0_7_m_axi_U/load_unit_0/buff_rdata/U_fifo_mem/mem_reg (implemented as a Block RAM) might be sub-optimal as no optional output register could be merged into the ram block. Providing additional output register may help in improving timing.
INFO: [Synth 8-7052] The timing for the instance inst/gmem0_2_m_axi_U/load_unit_0/buff_rdata/U_fifo_mem/mem_reg (implemented as a Block RAM) might be sub-optimal as no optional output register could be merged into the ram block. Providing additional output register may help in improving timing.
INFO: [Synth 8-7052] The timing for the instance inst/gmem0_1_m_axi_U/load_unit_0/buff_rdata/U_fifo_mem/mem_reg (implemented as a Block RAM) might be sub-optimal as no optional output register could be merged into the ram block. Providing additional output register may help in improving timing.
INFO: [Synth 8-7052] The timing for the instance inst/gmem0_0_m_axi_U/load_unit_0/buff_rdata/U_fifo_mem/mem_reg (implemented as a Block RAM) might be sub-optimal as no optional output register could be merged into the ram block. Providing additional output register may help in improving timing.
INFO: [Synth 8-7052] The timing for the instance inst/gmem1_2_m_axi_U/load_unit_0/buff_rdata/U_fifo_mem/mem_reg (implemented as a Block RAM) might be sub-optimal as no optional output register could be merged into the ram block. Providing additional output register may help in improving timing.
INFO: [Synth 8-7052] The timing for the instance inst/gmem1_7_m_axi_U/load_unit_0/buff_rdata/U_fifo_mem/mem_reg (implemented as a Block RAM) might be sub-optimal as no optional output register could be merged into the ram block. Providing additional output register may help in improving timing.
INFO: [Synth 8-7052] The timing for the instance inst/gmem1_6_m_axi_U/load_unit_0/buff_rdata/U_fifo_mem/mem_reg (implemented as a Block RAM) might be sub-optimal as no optional output register could be merged into the ram block. Providing additional output register may help in improving timing.
INFO: [Synth 8-7052] The timing for the instance inst/gmem1_5_m_axi_U/load_unit_0/buff_rdata/U_fifo_mem/mem_reg (implemented as a Block RAM) might be sub-optimal as no optional output register could be merged into the ram block. Providing additional output register may help in improving timing.
INFO: [Synth 8-7052] The timing for the instance inst/gmem1_4_m_axi_U/load_unit_0/buff_rdata/U_fifo_mem/mem_reg (implemented as a Block RAM) might be sub-optimal as no optional output register could be merged into the ram block. Providing additional output register may help in improving timing.
INFO: [Synth 8-7052] The timing for the instance inst/gmem1_3_m_axi_U/load_unit_0/buff_rdata/U_fifo_mem/mem_reg (implemented as a Block RAM) might be sub-optimal as no optional output register could be merged into the ram block. Providing additional output register may help in improving timing.
INFO: [Synth 8-7052] The timing for the instance inst/gmem1_1_m_axi_U/load_unit_0/buff_rdata/U_fifo_mem/mem_reg (implemented as a Block RAM) might be sub-optimal as no optional output register could be merged into the ram block. Providing additional output register may help in improving timing.
INFO: [Synth 8-7052] The timing for the instance inst/gmem1_0_m_axi_U/load_unit_0/buff_rdata/U_fifo_mem/mem_reg (implemented as a Block RAM) might be sub-optimal as no optional output register could be merged into the ram block. Providing additional output register may help in improving timing.
INFO: [Synth 8-7052] The timing for the instance inst/gmem1_m_axi_U/load_unit_0/buff_rdata/U_fifo_mem/mem_reg (implemented as a Block RAM) might be sub-optimal as no optional output register could be merged into the ram block. Providing additional output register may help in improving timing.
INFO: [Synth 8-7052] The timing for the instance inst/gmem2_m_axi_U/load_unit_0/buff_rdata/U_fifo_mem/mem_reg (implemented as a Block RAM) might be sub-optimal as no optional output register could be merged into the ram block. Providing additional output register may help in improving timing.
---------------------------------------------------------------------------------
Finished Final Netlist Cleanup
---------------------------------------------------------------------------------
---------------------------------------------------------------------------------
Finished IO Insertion : Time (s): cpu = 00:15:23 ; elapsed = 00:30:05 . Memory (MB): peak = 2455.402 ; gain = 1638.086
---------------------------------------------------------------------------------
---------------------------------------------------------------------------------
Start Renaming Generated Instances
---------------------------------------------------------------------------------
---------------------------------------------------------------------------------
Finished Renaming Generated Instances : Time (s): cpu = 00:15:24 ; elapsed = 00:30:08 . Memory (MB): peak = 2455.402 ; gain = 1638.086
---------------------------------------------------------------------------------
---------------------------------------------------------------------------------
Start Rebuilding User Hierarchy
---------------------------------------------------------------------------------
---------------------------------------------------------------------------------
Finished Rebuilding User Hierarchy : Time (s): cpu = 00:15:39 ; elapsed = 00:30:37 . Memory (MB): peak = 2455.402 ; gain = 1638.086
---------------------------------------------------------------------------------
---------------------------------------------------------------------------------
Start Renaming Generated Ports
---------------------------------------------------------------------------------
---------------------------------------------------------------------------------
Finished Renaming Generated Ports : Time (s): cpu = 00:15:39 ; elapsed = 00:30:37 . Memory (MB): peak = 2455.402 ; gain = 1638.086
---------------------------------------------------------------------------------
---------------------------------------------------------------------------------
Start Handling Custom Attributes
---------------------------------------------------------------------------------
---------------------------------------------------------------------------------
Finished Handling Custom Attributes : Time (s): cpu = 00:15:41 ; elapsed = 00:30:39 . Memory (MB): peak = 2473.113 ; gain = 1655.797
---------------------------------------------------------------------------------
---------------------------------------------------------------------------------
Start Renaming Generated Nets
---------------------------------------------------------------------------------
---------------------------------------------------------------------------------
Finished Renaming Generated Nets : Time (s): cpu = 00:15:42 ; elapsed = 00:30:40 . Memory (MB): peak = 2473.113 ; gain = 1655.797
---------------------------------------------------------------------------------
---------------------------------------------------------------------------------
Start ROM, RAM, DSP, Shift Register and Retiming Reporting
---------------------------------------------------------------------------------

Static Shift Register Report:
+-------------+---------------------------------------------------------------------------------------------------+--------+-------+--------------+--------------------+-------------------+--------+---------+
|Module Name  | RTL Name                                                                                          | Length | Width | Reset Signal | Pull out first Reg | Pull out last Reg | SRL16E | SRLC32E | 
+-------------+---------------------------------------------------------------------------------------------------+--------+-------+--------------+--------------------+-------------------+--------+---------+
|dpu_conv_top | grp_dpu_conv_top_Pipeline_COPY_OC_COPY_H_COPY_W_fu_479/or_ln117_reg_616_pp0_iter3_reg_reg[0]      | 3      | 1     | NO           | NO                 | YES               | 1      | 0       | 
|dpu_conv_top | grp_dpu_conv_top_Pipeline_COPY_OC_COPY_H_COPY_W_fu_479/icmp_ln119_2_reg_620_pp0_iter17_reg_reg[0] | 17     | 1     | NO           | NO                 | YES               | 1      | 0       | 
|dpu_conv_top | grp_dpu_conv_top_Pipeline_COPY_OC_COPY_H_COPY_W_fu_479/ap_loop_exit_ready_pp0_iter17_reg_reg      | 16     | 1     | NO           | NO                 | YES               | 1      | 0       | 
|dpu_conv_top | grp_dpu_conv_top_Pipeline_POOL_OC_POOL_H_POOL_W_fu_493/icmp_ln89_2_reg_753_pp0_iter4_reg_reg[0]   | 5      | 1     | NO           | NO                 | YES               | 1      | 0       | 
|dpu_conv_top | grp_dpu_conv_top_Pipeline_POOL_OC_POOL_H_POOL_W_fu_493/icmp_ln85_reg_678_pp0_iter3_reg_reg[0]     | 3      | 1     | NO           | NO                 | YES               | 1      | 0       | 
|dpu_conv_top | grp_dpu_conv_top_Pipeline_COPY_OC_COPY_H_COPY_W_fu_479/ap_enable_reg_pp0_iter12_reg               | 8      | 1     | YES          | NO                 | YES               | 1      | 0       | 
|dpu_conv_top | grp_dpu_conv_top_Pipeline_COPY_OC_COPY_H_COPY_W_fu_479/ap_enable_reg_pp0_iter18_reg               | 5      | 1     | YES          | NO                 | YES               | 1      | 0       | 
+-------------+---------------------------------------------------------------------------------------------------+--------+-------+--------------+--------------------+-------------------+--------+---------+


Dynamic Shift Register Report:
+------------+-------------+--------+------------+--------+---------+--------+--------+--------+
|Module Name | RTL Name    | Length | Data Width | SRL16E | SRLC32E | Mux F7 | Mux F8 | Mux F9 | 
+------------+-------------+--------+------------+--------+---------+--------+--------+--------+
|dsrl        | mem_reg[14] | 8      | 8          | 8      | 0       | 0      | 0      | 0      | 
|dsrl__1     | mem_reg[14] | 34     | 34         | 34     | 0       | 0      | 0      | 0      | 
|dsrl__2     | mem_reg[62] | 9      | 9          | 0      | 18      | 9      | 0      | 0      | 
|dsrl__3     | mem_reg[2]  | 96     | 96         | 96     | 0       | 0      | 0      | 0      | 
|dsrl__4     | mem_reg[14] | 36     | 36         | 36     | 0       | 0      | 0      | 0      | 
|dsrl__5     | mem_reg[14] | 1      | 1          | 1      | 0       | 0      | 0      | 0      | 
|dsrl__6     | mem_reg[2]  | 1      | 1          | 1      | 0       | 0      | 0      | 0      | 
|dsrl__7     | mem_reg[14] | 64     | 64         | 64     | 0       | 0      | 0      | 0      | 
|dsrl__8     | mem_reg[14] | 4      | 4          | 4      | 0       | 0      | 0      | 0      | 
|dsrl__9     | mem_reg[5]  | 96     | 96         | 96     | 0       | 0      | 0      | 0      | 
|dsrl__10    | mem_reg[14] | 1      | 1          | 1      | 0       | 0      | 0      | 0      | 
|dsrl__11    | mem_reg[14] | 4      | 4          | 4      | 0       | 0      | 0      | 0      | 
|dsrl__12    | mem_reg[5]  | 96     | 96         | 96     | 0       | 0      | 0      | 0      | 
|dsrl__13    | mem_reg[14] | 1      | 1          | 1      | 0       | 0      | 0      | 0      | 
|dsrl__14    | mem_reg[14] | 4      | 4          | 4      | 0       | 0      | 0      | 0      | 
|dsrl__15    | mem_reg[5]  | 96     | 96         | 96     | 0       | 0      | 0      | 0      | 
|dsrl__16    | mem_reg[14] | 1      | 1          | 1      | 0       | 0      | 0      | 0      | 
|dsrl__17    | mem_reg[14] | 4      | 4          | 4      | 0       | 0      | 0      | 0      | 
|dsrl__18    | mem_reg[5]  | 96     | 96         | 96     | 0       | 0      | 0      | 0      | 
|dsrl__19    | mem_reg[14] | 1      | 1          | 1      | 0       | 0      | 0      | 0      | 
|dsrl__20    | mem_reg[14] | 4      | 4          | 4      | 0       | 0      | 0      | 0      | 
|dsrl__21    | mem_reg[5]  | 96     | 96         | 96     | 0       | 0      | 0      | 0      | 
|dsrl__22    | mem_reg[14] | 1      | 1          | 1      | 0       | 0      | 0      | 0      | 
|dsrl__23    | mem_reg[14] | 4      | 4          | 4      | 0       | 0      | 0      | 0      | 
|dsrl__24    | mem_reg[5]  | 96     | 96         | 96     | 0       | 0      | 0      | 0      | 
|dsrl__25    | mem_reg[14] | 1      | 1          | 1      | 0       | 0      | 0      | 0      | 
|dsrl__26    | mem_reg[14] | 4      | 4          | 4      | 0       | 0      | 0      | 0      | 
|dsrl__27    | mem_reg[5]  | 96     | 96         | 96     | 0       | 0      | 0      | 0      | 
|dsrl__28    | mem_reg[14] | 1      | 1          | 1      | 0       | 0      | 0      | 0      | 
|dsrl__29    | mem_reg[14] | 4      | 4          | 4      | 0       | 0      | 0      | 0      | 
|dsrl__30    | mem_reg[5]  | 96     | 96         | 96     | 0       | 0      | 0      | 0      | 
|dsrl__31    | mem_reg[14] | 1      | 1          | 1      | 0       | 0      | 0      | 0      | 
|dsrl__32    | mem_reg[5]  | 96     | 96         | 96     | 0       | 0      | 0      | 0      | 
|dsrl__33    | mem_reg[14] | 1      | 1          | 1      | 0       | 0      | 0      | 0      | 
|dsrl__34    | mem_reg[14] | 4      | 4          | 4      | 0       | 0      | 0      | 0      | 
|dsrl__35    | mem_reg[5]  | 96     | 96         | 96     | 0       | 0      | 0      | 0      | 
|dsrl__36    | mem_reg[14] | 1      | 1          | 1      | 0       | 0      | 0      | 0      | 
|dsrl__37    | mem_reg[14] | 4      | 4          | 4      | 0       | 0      | 0      | 0      | 
|dsrl__38    | mem_reg[5]  | 96     | 96         | 96     | 0       | 0      | 0      | 0      | 
|dsrl__39    | mem_reg[14] | 1      | 1          | 1      | 0       | 0      | 0      | 0      | 
|dsrl__40    | mem_reg[14] | 4      | 4          | 4      | 0       | 0      | 0      | 0      | 
|dsrl__41    | mem_reg[5]  | 96     | 96         | 96     | 0       | 0      | 0      | 0      | 
|dsrl__42    | mem_reg[14] | 1      | 1          | 1      | 0       | 0      | 0      | 0      | 
|dsrl__43    | mem_reg[14] | 4      | 4          | 4      | 0       | 0      | 0      | 0      | 
|dsrl__44    | mem_reg[5]  | 96     | 96         | 96     | 0       | 0      | 0      | 0      | 
|dsrl__45    | mem_reg[14] | 1      | 1          | 1      | 0       | 0      | 0      | 0      | 
|dsrl__46    | mem_reg[14] | 4      | 4          | 4      | 0       | 0      | 0      | 0      | 
|dsrl__47    | mem_reg[5]  | 96     | 96         | 96     | 0       | 0      | 0      | 0      | 
|dsrl__48    | mem_reg[14] | 1      | 1          | 1      | 0       | 0      | 0      | 0      | 
|dsrl__49    | mem_reg[14] | 4      | 4          | 4      | 0       | 0      | 0      | 0      | 
|dsrl__50    | mem_reg[5]  | 96     | 96         | 96     | 0       | 0      | 0      | 0      | 
|dsrl__51    | mem_reg[14] | 1      | 1          | 1      | 0       | 0      | 0      | 0      | 
|dsrl__52    | mem_reg[14] | 4      | 4          | 4      | 0       | 0      | 0      | 0      | 
|dsrl__53    | mem_reg[5]  | 96     | 96         | 96     | 0       | 0      | 0      | 0      | 
|dsrl__54    | mem_reg[14] | 1      | 1          | 1      | 0       | 0      | 0      | 0      | 
|dsrl__55    | mem_reg[14] | 4      | 4          | 4      | 0       | 0      | 0      | 0      | 
|dsrl__56    | mem_reg[5]  | 96     | 96         | 96     | 0       | 0      | 0      | 0      | 
|dsrl__57    | mem_reg[14] | 1      | 1          | 1      | 0       | 0      | 0      | 0      | 
|dsrl__58    | mem_reg[14] | 8      | 8          | 8      | 0       | 0      | 0      | 0      | 
|dsrl__59    | mem_reg[14] | 34     | 34         | 34     | 0       | 0      | 0      | 0      | 
|dsrl__60    | mem_reg[62] | 9      | 9          | 0      | 18      | 9      | 0      | 0      | 
|dsrl__61    | mem_reg[5]  | 96     | 96         | 96     | 0       | 0      | 0      | 0      | 
|dsrl__62    | mem_reg[14] | 36     | 36         | 36     | 0       | 0      | 0      | 0      | 
|dsrl__63    | mem_reg[14] | 1      | 1          | 1      | 0       | 0      | 0      | 0      | 
|dsrl__64    | mem_reg[5]  | 1      | 1          | 1      | 0       | 0      | 0      | 0      | 
|dsrl__65    | mem_reg[14] | 4      | 4          | 4      | 0       | 0      | 0      | 0      | 
|dsrl__66    | mem_reg[14] | 64     | 64         | 64     | 0       | 0      | 0      | 0      | 
+------------+-------------+--------+------------+--------+---------+--------+--------+--------+

---------------------------------------------------------------------------------
Finished ROM, RAM, DSP, Shift Register and Retiming Reporting
---------------------------------------------------------------------------------
---------------------------------------------------------------------------------
Start Writing Synthesis Report
---------------------------------------------------------------------------------

DSP Final Report (the ' indicates corresponding REG is set)
+----------------------------------------------------------------+--------------------+--------+--------+--------+--------+--------+------+------+------+------+-------+------+------+
|Module Name                                                     | DSP Mapping        | A Size | B Size | C Size | D Size | P Size | AREG | BREG | CREG | DREG | ADREG | MREG | PREG | 
+----------------------------------------------------------------+--------------------+--------+--------+--------+--------+--------+------+------+------+------+-------+------+------+
|dpu_conv_top__GCB4                                              | (A'*B')'           | 8      | 8      | -      | -      | 16     | 1    | 1    | -    | -    | -     | 0    | 1    | 
|dpu_conv_top__GCB4                                              | (A'*B')'           | 7      | 7      | -      | -      | 14     | 1    | 1    | -    | -    | -     | 0    | 1    | 
|dpu_conv_top__GCB4                                              | (A*B')'            | 16     | 8      | -      | -      | 24     | 0    | 1    | -    | -    | -     | 0    | 1    | 
|dpu_conv_top__GCB4                                              | (A*B')'            | 14     | 8      | -      | -      | 22     | 0    | 1    | -    | -    | -     | 0    | 1    | 
|dpu_conv_top                                                    | (A'*B')'           | 11     | 8      | -      | -      | 19     | 1    | 1    | -    | -    | -     | 0    | 1    | 
|dpu_conv_top_conv3x3_relu_Pipeline_OH_LOOP_OW_LOOP_IC_LOOP__GB5 | (C+(A''*B'')')'    | 30     | 18     | 48     | -      | 32     | 2    | 2    | 0    | -    | -     | 1    | 1    | 
|dpu_conv_top_conv3x3_relu_Pipeline_OH_LOOP_OW_LOOP_IC_LOOP__GB5 | (C+(A''*B'')')'    | 30     | 18     | 48     | -      | 32     | 2    | 2    | 0    | -    | -     | 1    | 1    | 
|dpu_conv_top_conv3x3_relu_Pipeline_OH_LOOP_OW_LOOP_IC_LOOP__GB5 | (C+(A''*B'')')'    | 30     | 18     | 48     | -      | 32     | 2    | 2    | 0    | -    | -     | 1    | 1    | 
|dpu_conv_top_conv3x3_relu_Pipeline_OH_LOOP_OW_LOOP_IC_LOOP__GB5 | (C+(A''*B'')')'    | 30     | 18     | 48     | -      | 32     | 2    | 2    | 0    | -    | -     | 1    | 1    | 
|dpu_conv_top_conv3x3_relu_Pipeline_OH_LOOP_OW_LOOP_IC_LOOP__GB5 | (C+(A''*B'')')'    | 30     | 18     | 48     | -      | 0      | 2    | 2    | 0    | -    | -     | 1    | 1    | 
|dpu_conv_top_conv3x3_relu_Pipeline_OH_LOOP_OW_LOOP_IC_LOOP__GB5 | Dynamic            | -      | -      | -      | -      | 32     | -    | -    | -    | -    | -     | 1    | 1    | 
|dpu_conv_top_conv3x3_relu_Pipeline_OH_LOOP_OW_LOOP_IC_LOOP__GB5 | (PCIN+(A''*B'')')' | 30     | 18     | -      | -      | 32     | 2    | 2    | -    | -    | -     | 1    | 1    | 
|dpu_conv_top_conv3x3_relu_Pipeline_OH_LOOP_OW_LOOP_IC_LOOP__GB5 | (C+(A''*B'')')'    | 30     | 18     | 48     | -      | 32     | 2    | 2    | 0    | -    | -     | 1    | 1    | 
|dpu_conv_top_conv3x3_relu_Pipeline_OH_LOOP_OW_LOOP_IC_LOOP__GB5 | (C+(A''*B'')')'    | 30     | 18     | 48     | -      | 32     | 2    | 2    | 0    | -    | -     | 1    | 1    | 
|dpu_conv_top_conv3x3_relu_Pipeline_OH_LOOP_OW_LOOP_IC_LOOP__GB5 | (C+(A''*B'')')'    | 30     | 18     | 48     | -      | 32     | 2    | 2    | 0    | -    | -     | 1    | 1    | 
|dpu_conv_top_conv3x3_relu_Pipeline_OH_LOOP_OW_LOOP_IC_LOOP__GB5 | (C+(A''*B'')')'    | 30     | 18     | 48     | -      | 32     | 2    | 2    | 0    | -    | -     | 1    | 1    | 
|dpu_conv_top_conv3x3_relu_Pipeline_OH_LOOP_OW_LOOP_IC_LOOP__GB5 | (C+(A''*B'')')'    | 30     | 18     | 48     | -      | 32     | 2    | 2    | 0    | -    | -     | 1    | 1    | 
|dpu_conv_top_conv3x3_relu_Pipeline_OH_LOOP_OW_LOOP_IC_LOOP__GB5 | (C+(A''*B'')')'    | 30     | 18     | 48     | -      | 32     | 2    | 2    | 0    | -    | -     | 1    | 1    | 
|dpu_conv_top_conv3x3_relu_Pipeline_OH_LOOP_OW_LOOP_IC_LOOP__GB5 | (C+(A''*B'')')'    | 30     | 18     | 48     | -      | 32     | 2    | 2    | 0    | -    | -     | 1    | 1    | 
|dpu_conv_top_conv3x3_relu_Pipeline_OH_LOOP_OW_LOOP_IC_LOOP__GB5 | (C+(A''*B'')')'    | 30     | 18     | 48     | -      | 0      | 2    | 2    | 0    | -    | -     | 1    | 1    | 
|dpu_conv_top_conv3x3_relu_Pipeline_OH_LOOP_OW_LOOP_IC_LOOP__GB5 | Dynamic            | -      | -      | -      | -      | 32     | -    | -    | -    | -    | -     | 1    | 1    | 
|dpu_conv_top_conv3x3_relu_Pipeline_OH_LOOP_OW_LOOP_IC_LOOP__GB5 | (PCIN+(A''*B'')')' | 30     | 18     | -      | -      | 32     | 2    | 2    | -    | -    | -     | 1    | 1    | 
|dpu_conv_top_conv3x3_relu_Pipeline_OH_LOOP_OW_LOOP_IC_LOOP__GB5 | (C+(A''*B'')')'    | 30     | 18     | 48     | -      | 32     | 2    | 2    | 0    | -    | -     | 1    | 1    | 
|dpu_conv_top_conv3x3_relu_Pipeline_OH_LOOP_OW_LOOP_IC_LOOP__GB5 | (C+(A''*B'')')'    | 30     | 18     | 48     | -      | 32     | 2    | 2    | 0    | -    | -     | 1    | 1    | 
|dpu_conv_top_conv3x3_relu_Pipeline_OH_LOOP_OW_LOOP_IC_LOOP__GB5 | (C+(A''*B'')')'    | 30     | 18     | 48     | -      | 32     | 2    | 2    | 0    | -    | -     | 1    | 1    | 
|dpu_conv_top_conv3x3_relu_Pipeline_OH_LOOP_OW_LOOP_IC_LOOP__GB5 | (C+(A''*B'')')'    | 30     | 18     | 48     | -      | 32     | 2    | 2    | 0    | -    | -     | 1    | 1    | 
|dpu_conv_top_conv3x3_relu_Pipeline_OH_LOOP_OW_LOOP_IC_LOOP__GB5 | (C+(A''*B'')')'    | 30     | 18     | 48     | -      | 32     | 2    | 2    | 0    | -    | -     | 1    | 1    | 
|dpu_conv_top_conv3x3_relu_Pipeline_OH_LOOP_OW_LOOP_IC_LOOP__GB5 | (C+(A''*B'')')'    | 30     | 18     | 48     | -      | 32     | 2    | 2    | 0    | -    | -     | 1    | 1    | 
|dpu_conv_top_conv3x3_relu_Pipeline_OH_LOOP_OW_LOOP_IC_LOOP__GB5 | (C+(A''*B'')')'    | 30     | 18     | 48     | -      | 32     | 2    | 2    | 0    | -    | -     | 1    | 1    | 
|dpu_conv_top_conv3x3_relu_Pipeline_OH_LOOP_OW_LOOP_IC_LOOP__GB5 | (C+(A''*B'')')'    | 30     | 18     | 48     | -      | 0      | 2    | 2    | 0    | -    | -     | 1    | 1    | 
|dpu_conv_top_conv3x3_relu_Pipeline_OH_LOOP_OW_LOOP_IC_LOOP__GB5 | Dynamic            | -      | -      | -      | -      | 32     | -    | -    | -    | -    | -     | 1    | 1    | 
|dpu_conv_top_conv3x3_relu_Pipeline_OH_LOOP_OW_LOOP_IC_LOOP__GB5 | (PCIN+(A''*B'')')' | 30     | 18     | -      | -      | 32     | 2    | 2    | -    | -    | -     | 1    | 1    | 
|dpu_conv_top_conv3x3_relu_Pipeline_OH_LOOP_OW_LOOP_IC_LOOP__GB5 | (C+(A''*B'')')'    | 30     | 18     | 48     | -      | 32     | 2    | 2    | 0    | -    | -     | 1    | 1    | 
|dpu_conv_top_conv3x3_relu_Pipeline_OH_LOOP_OW_LOOP_IC_LOOP__GB5 | (C+(A''*B'')')'    | 30     | 18     | 48     | -      | 32     | 2    | 2    | 0    | -    | -     | 1    | 1    | 
|dpu_conv_top_conv3x3_relu_Pipeline_OH_LOOP_OW_LOOP_IC_LOOP__GB5 | (C+(A''*B'')')'    | 30     | 18     | 48     | -      | 32     | 2    | 2    | 0    | -    | -     | 1    | 1    | 
|dpu_conv_top_conv3x3_relu_Pipeline_OH_LOOP_OW_LOOP_IC_LOOP__GB5 | (C+(A''*B'')')'    | 30     | 18     | 48     | -      | 32     | 2    | 2    | 0    | -    | -     | 1    | 1    | 
|dpu_conv_top_conv3x3_relu_Pipeline_OH_LOOP_OW_LOOP_IC_LOOP__GB5 | (C+(A''*B'')')'    | 30     | 18     | 48     | -      | 32     | 2    | 2    | 0    | -    | -     | 1    | 1    | 
|dpu_conv_top_conv3x3_relu_Pipeline_OH_LOOP_OW_LOOP_IC_LOOP__GB5 | (C+(A''*B'')')'    | 30     | 18     | 48     | -      | 32     | 2    | 2    | 0    | -    | -     | 1    | 1    | 
|dpu_conv_top_conv3x3_relu_Pipeline_OH_LOOP_OW_LOOP_IC_LOOP__GB5 | (C+(A''*B'')')'    | 30     | 18     | 48     | -      | 0      | 2    | 2    | 0    | -    | -     | 1    | 1    | 
|dpu_conv_top_conv3x3_relu_Pipeline_OH_LOOP_OW_LOOP_IC_LOOP__GB5 | (C+(A''*B'')')'    | 30     | 18     | 48     | -      | 0      | 2    | 2    | 0    | -    | -     | 1    | 1    | 
|dpu_conv_top_conv3x3_relu_Pipeline_OH_LOOP_OW_LOOP_IC_LOOP__GB5 | Dynamic            | -      | -      | -      | -      | 32     | -    | -    | -    | -    | -     | 1    | 1    | 
|dpu_conv_top_conv3x3_relu_Pipeline_OH_LOOP_OW_LOOP_IC_LOOP__GB5 | (PCIN+(A''*B'')')' | 30     | 18     | -      | -      | 32     | 2    | 2    | -    | -    | -     | 1    | 1    | 
|dpu_conv_top_conv3x3_relu_Pipeline_OH_LOOP_OW_LOOP_IC_LOOP__GB5 | (C+(A''*B'')')'    | 30     | 18     | 48     | -      | 32     | 2    | 2    | 0    | -    | -     | 1    | 1    | 
|dpu_conv_top_conv3x3_relu_Pipeline_OH_LOOP_OW_LOOP_IC_LOOP__GB5 | (C+(A''*B'')')'    | 30     | 18     | 48     | -      | 32     | 2    | 2    | 0    | -    | -     | 1    | 1    | 
|dpu_conv_top_conv3x3_relu_Pipeline_OH_LOOP_OW_LOOP_IC_LOOP__GB5 | (C+(A''*B'')')'    | 30     | 18     | 48     | -      | 32     | 2    | 2    | 0    | -    | -     | 1    | 1    | 
|dpu_conv_top_conv3x3_relu_Pipeline_OH_LOOP_OW_LOOP_IC_LOOP__GB5 | (C+(A''*B'')')'    | 30     | 18     | 48     | -      | 32     | 2    | 2    | 0    | -    | -     | 1    | 1    | 
|dpu_conv_top_conv3x3_relu_Pipeline_OH_LOOP_OW_LOOP_IC_LOOP__GB5 | (C+(A''*B'')')'    | 30     | 18     | 48     | -      | 32     | 2    | 2    | 0    | -    | -     | 1    | 1    | 
|dpu_conv_top_conv3x3_relu_Pipeline_OH_LOOP_OW_LOOP_IC_LOOP__GB5 | (C+(A''*B'')')'    | 30     | 18     | 48     | -      | 32     | 2    | 2    | 0    | -    | -     | 1    | 1    | 
|dpu_conv_top_conv3x3_relu_Pipeline_OH_LOOP_OW_LOOP_IC_LOOP__GB5 | (C+(A''*B'')')'    | 30     | 18     | 48     | -      | 0      | 2    | 2    | 0    | -    | -     | 1    | 1    | 
|dpu_conv_top_conv3x3_relu_Pipeline_OH_LOOP_OW_LOOP_IC_LOOP__GB5 | Dynamic            | -      | -      | -      | -      | 32     | -    | -    | -    | -    | -     | 1    | 1    | 
|dpu_conv_top_conv3x3_relu_Pipeline_OH_LOOP_OW_LOOP_IC_LOOP__GB5 | Dynamic            | -      | -      | -      | -      | 32     | -    | -    | -    | -    | -     | 1    | 1    | 
|dpu_conv_top_conv3x3_relu_Pipeline_OH_LOOP_OW_LOOP_IC_LOOP__GB5 | (PCIN+(A''*B'')')' | 30     | 18     | -      | -      | 32     | 2    | 2    | -    | -    | -     | 1    | 1    | 
|dpu_conv_top_conv3x3_relu_Pipeline_OH_LOOP_OW_LOOP_IC_LOOP__GB5 | (C+(A''*B'')')'    | 30     | 18     | 48     | -      | 32     | 2    | 2    | 0    | -    | -     | 1    | 1    | 
|dpu_conv_top_conv3x3_relu_Pipeline_OH_LOOP_OW_LOOP_IC_LOOP__GB5 | (C+(A''*B'')')'    | 30     | 18     | 48     | -      | 32     | 2    | 2    | 0    | -    | -     | 1    | 1    | 
|dpu_conv_top_conv3x3_relu_Pipeline_OH_LOOP_OW_LOOP_IC_LOOP__GB5 | (C+(A''*B'')')'    | 30     | 18     | 48     | -      | 32     | 2    | 2    | 0    | -    | -     | 1    | 1    | 
|dpu_conv_top_conv3x3_relu_Pipeline_OH_LOOP_OW_LOOP_IC_LOOP__GB5 | (C+(A''*B'')')'    | 30     | 18     | 48     | -      | 32     | 2    | 2    | 0    | -    | -     | 1    | 1    | 
|dpu_conv_top_conv3x3_relu_Pipeline_OH_LOOP_OW_LOOP_IC_LOOP__GB5 | (C+(A''*B'')')'    | 30     | 18     | 48     | -      | 32     | 2    | 2    | 0    | -    | -     | 1    | 1    | 
|dpu_conv_top_conv3x3_relu_Pipeline_OH_LOOP_OW_LOOP_IC_LOOP__GB5 | (C+(A''*B'')')'    | 30     | 18     | 48     | -      | 32     | 2    | 2    | 0    | -    | -     | 1    | 1    | 
|dpu_conv_top_conv3x3_relu_Pipeline_OH_LOOP_OW_LOOP_IC_LOOP__GB5 | (C+(A''*B'')')'    | 30     | 18     | 48     | -      | 0      | 2    | 2    | 0    | -    | -     | 1    | 1    | 
|dpu_conv_top_conv3x3_relu_Pipeline_OH_LOOP_OW_LOOP_IC_LOOP__GB5 | Dynamic            | -      | -      | -      | -      | 32     | -    | -    | -    | -    | -     | 1    | 1    | 
|dpu_conv_top_conv3x3_relu_Pipeline_OH_LOOP_OW_LOOP_IC_LOOP__GB5 | (PCIN+(A''*B'')')' | 30     | 18     | -      | -      | 32     | 2    | 2    | -    | -    | -     | 1    | 1    | 
|dpu_conv_top_conv3x3_relu_Pipeline_OH_LOOP_OW_LOOP_IC_LOOP__GB5 | (PCIN+(A''*B'')')' | 30     | 18     | -      | -      | 32     | 2    | 2    | -    | -    | -     | 1    | 1    | 
|dpu_conv_top_conv3x3_relu_Pipeline_OH_LOOP_OW_LOOP_IC_LOOP__GB5 | (C+(A''*B'')')'    | 30     | 18     | 48     | -      | 32     | 2    | 2    | 0    | -    | -     | 1    | 1    | 
|dpu_conv_top_conv3x3_relu_Pipeline_OH_LOOP_OW_LOOP_IC_LOOP__GB5 | (C+(A''*B'')')'    | 30     | 18     | 48     | -      | 32     | 2    | 2    | 0    | -    | -     | 1    | 1    | 
|dpu_conv_top_conv3x3_relu_Pipeline_OH_LOOP_OW_LOOP_IC_LOOP__GB5 | (C+(A''*B'')')'    | 30     | 18     | 48     | -      | 32     | 2    | 2    | 0    | -    | -     | 1    | 1    | 
|dpu_conv_top_conv3x3_relu_Pipeline_OH_LOOP_OW_LOOP_IC_LOOP__GB5 | (C+(A''*B'')')'    | 30     | 18     | 48     | -      | 32     | 2    | 2    | 0    | -    | -     | 1    | 1    | 
|dpu_conv_top_conv3x3_relu_Pipeline_OH_LOOP_OW_LOOP_IC_LOOP__GB5 | (C+(A''*B'')')'    | 30     | 18     | 48     | -      | 32     | 2    | 2    | 0    | -    | -     | 1    | 1    | 
|dpu_conv_top_conv3x3_relu_Pipeline_OH_LOOP_OW_LOOP_IC_LOOP__GB5 | (C+(A''*B'')')'    | 30     | 18     | 48     | -      | 32     | 2    | 2    | 0    | -    | -     | 1    | 1    | 
|dpu_conv_top_conv3x3_relu_Pipeline_OH_LOOP_OW_LOOP_IC_LOOP__GB5 | (C+(A''*B'')')'    | 30     | 18     | 48     | -      | 0      | 2    | 2    | 0    | -    | -     | 1    | 1    | 
|dpu_conv_top_conv3x3_relu_Pipeline_OH_LOOP_OW_LOOP_IC_LOOP__GB5 | Dynamic            | -      | -      | -      | -      | 32     | -    | -    | -    | -    | -     | 1    | 1    | 
|dpu_conv_top_conv3x3_relu_Pipeline_OH_LOOP_OW_LOOP_IC_LOOP__GB5 | (PCIN+(A''*B'')')' | 30     | 18     | -      | -      | 32     | 2    | 2    | -    | -    | -     | 1    | 1    | 
|dpu_conv_top_conv3x3_relu_Pipeline_OH_LOOP_OW_LOOP_IC_LOOP__GB5 | (C+(A''*B'')')'    | 30     | 18     | 48     | -      | 32     | 2    | 2    | 0    | -    | -     | 1    | 1    | 
|dpu_conv_top_conv3x3_relu_Pipeline_OH_LOOP_OW_LOOP_IC_LOOP__GB5 | (C+(A''*B'')')'    | 30     | 18     | 48     | -      | 32     | 2    | 2    | 0    | -    | -     | 1    | 1    | 
|dpu_conv_top_conv3x3_relu_Pipeline_OH_LOOP_OW_LOOP_IC_LOOP__GB5 | (C+(A''*B'')')'    | 30     | 18     | 48     | -      | 32     | 2    | 2    | 0    | -    | -     | 1    | 1    | 
|dpu_conv_top_conv3x3_relu_Pipeline_OH_LOOP_OW_LOOP_IC_LOOP__GB5 | (C+(A''*B'')')'    | 30     | 18     | 48     | -      | 32     | 2    | 2    | 0    | -    | -     | 1    | 1    | 
|dpu_conv_top_conv3x3_relu_Pipeline_OH_LOOP_OW_LOOP_IC_LOOP__GB5 | (C+(A''*B'')')'    | 30     | 18     | 48     | -      | 32     | 2    | 2    | 0    | -    | -     | 1    | 1    | 
|dpu_conv_top_conv3x3_relu_Pipeline_OH_LOOP_OW_LOOP_IC_LOOP__GB5 | (C+(A''*B'')')'    | 30     | 18     | 48     | -      | 32     | 2    | 2    | 0    | -    | -     | 1    | 1    | 
+----------------------------------------------------------------+--------------------+--------+--------+--------+--------+--------+------+------+------+------+-------+------+------+


Report BlackBoxes: 
+-+--------------+----------+
| |BlackBox name |Instances |
+-+--------------+----------+
+-+--------------+----------+

Report Cell Usage: 
+------+---------+------+
|      |Cell     |Count |
+------+---------+------+
|1     |CARRY4   |  3968|
|2     |DSP48E1  |    77|
|6     |LUT1     |  1126|
|7     |LUT2     |  3910|
|8     |LUT3     |  5710|
|9     |LUT4     |  6097|
|10    |LUT5     |  6605|
|11    |LUT6     |  7157|
|12    |MUXF7    |    85|
|13    |RAMB18E1 |    18|
|14    |SRL16E   |  2177|
|15    |SRLC32E  |    36|
|16    |FDRE     | 38983|
|17    |FDSE     |   175|
+------+---------+------+
---------------------------------------------------------------------------------
Finished Writing Synthesis Report : Time (s): cpu = 00:15:42 ; elapsed = 00:30:40 . Memory (MB): peak = 2473.113 ; gain = 1655.797
---------------------------------------------------------------------------------
Synthesis finished with 0 errors, 0 critical warnings and 0 warnings.
Synthesis Optimization Runtime : Time (s): cpu = 00:13:00 ; elapsed = 00:28:49 . Memory (MB): peak = 2473.113 ; gain = 1498.793
Synthesis Optimization Complete : Time (s): cpu = 00:15:42 ; elapsed = 00:30:41 . Memory (MB): peak = 2473.113 ; gain = 1655.797
INFO: [Project 1-571] Translating synthesized netlist
Netlist sorting complete. Time (s): cpu = 00:00:04 ; elapsed = 00:00:05 . Memory (MB): peak = 2482.219 ; gain = 0.000
INFO: [Netlist 29-17] Analyzing 4148 Unisim elements for replacement
INFO: [Netlist 29-28] Unisim Transformation completed in 1 CPU seconds
INFO: [Project 1-570] Preparing netlist for logic optimization
INFO: [Opt 31-138] Pushed 0 inverter(s) to 0 load pin(s).
Netlist sorting complete. Time (s): cpu = 00:00:00 ; elapsed = 00:00:00.078 . Memory (MB): peak = 2498.320 ; gain = 0.000
INFO: [Project 1-111] Unisim Transformation Summary:
No Unisim elements were transformed.

Synth Design complete | Checksum: bb2ef3df
INFO: [Common 17-83] Releasing license: Synthesis
813 Infos, 0 Warnings, 0 Critical Warnings and 0 Errors encountered.
synth_design completed successfully
synth_design: Time (s): cpu = 00:16:37 ; elapsed = 00:32:14 . Memory (MB): peak = 2498.320 ; gain = 1908.426
Write ShapeDB Complete: Time (s): cpu = 00:00:01 ; elapsed = 00:00:00.289 . Memory (MB): peak = 2498.320 ; gain = 0.000
INFO: [Common 17-1381] The checkpoint 'D:/project/DPU_Project_vivado/DPU_vivado/DPU_vivado.runs/DPU_dpu_conv_top_0_0_synth_1/DPU_dpu_conv_top_0_0.dcp' has been generated.
write_checkpoint: Time (s): cpu = 00:00:13 ; elapsed = 00:00:10 . Memory (MB): peak = 2498.320 ; gain = 0.000
write_verilog: Time (s): cpu = 00:00:07 ; elapsed = 00:00:08 . Memory (MB): peak = 2498.320 ; gain = 0.000
write_vhdl: Time (s): cpu = 00:00:09 ; elapsed = 00:00:10 . Memory (MB): peak = 2498.320 ; gain = 0.000
INFO: [Coretcl 2-1648] Added synthesis output to IP cache for IP DPU_dpu_conv_top_0_0, cache-ID = d5c2869582f4a7fb
INFO: [Coretcl 2-1174] Renamed 510 cell refs.
Write ShapeDB Complete: Time (s): cpu = 00:00:01 ; elapsed = 00:00:00.351 . Memory (MB): peak = 2498.320 ; gain = 0.000
INFO: [Common 17-1381] The checkpoint 'D:/project/DPU_Project_vivado/DPU_vivado/DPU_vivado.runs/DPU_dpu_conv_top_0_0_synth_1/DPU_dpu_conv_top_0_0.dcp' has been generated.
write_checkpoint: Time (s): cpu = 00:00:11 ; elapsed = 00:00:09 . Memory (MB): peak = 2498.320 ; gain = 0.000
INFO: [Vivado 12-24828] Executing command : report_utilization -file DPU_dpu_conv_top_0_0_utilization_synth.rpt -pb DPU_dpu_conv_top_0_0_utilization_synth.pb
write_verilog: Time (s): cpu = 00:00:08 ; elapsed = 00:00:08 . Memory (MB): peak = 2498.320 ; gain = 0.000
write_vhdl: Time (s): cpu = 00:00:11 ; elapsed = 00:00:12 . Memory (MB): peak = 2498.320 ; gain = 0.000
INFO: [Common 17-206] Exiting Vivado at Thu Sep 10 19:31:21 2026...
