Copyright 1986-2022 Xilinx, Inc. All Rights Reserved. Copyright 2022-2025 Advanced Micro Devices, Inc. All Rights Reserved.
---------------------------------------------------------------------------------------------------------------------------------------------
| Tool Version : Vivado v.2025.2 (win64) Build 6299465 Fri Nov 14 19:35:11 GMT 2025
| Date         : Thu Sep 10 20:11:44 2026
| Host         : LAPTOP-MPD8ATBV running 64-bit major release  (build 9200)
| Command      : report_control_sets -verbose -file DPU_wrapper_control_sets_placed.rpt
| Design       : DPU_wrapper
| Device       : xc7z020
---------------------------------------------------------------------------------------------------------------------------------------------

Control Set Information

Table of Contents
-----------------
1. Summary
2. Histogram
3. Flip-Flop Distribution
4. Detailed Control Set Information

1. Summary
----------

+----------------------------------------------------------+-------+
|                          Status                          | Count |
+----------------------------------------------------------+-------+
| Total control sets                                       |   768 |
|    Minimum number of control sets                        |   768 |
|    Addition due to synthesis replication                 |     0 |
|    Addition due to physical synthesis replication        |     0 |
| Unused register locations in slices containing registers |  2171 |
+----------------------------------------------------------+-------+
* Control sets can be merged at opt_design using control_set_merge or merge_equivalent_drivers
** Run report_qor_suggestions for automated merging and remapping suggestions


2. Histogram
------------

+--------------------+-------+
|       Fanout       | Count |
+--------------------+-------+
| Total control sets |   768 |
| >= 0 to < 4        |    88 |
| >= 4 to < 6        |   213 |
| >= 6 to < 8        |    30 |
| >= 8 to < 10       |    96 |
| >= 10 to < 12      |     2 |
| >= 12 to < 14      |     8 |
| >= 14 to < 16      |     1 |
| >= 16              |   330 |
+--------------------+-------+
* Control sets can be remapped at either synth_design or opt_design


3. Flip-Flop Distribution
-------------------------

+--------------+-----------------------+------------------------+-----------------+--------------+
| Clock Enable | Synchronous Set/Reset | Asynchronous Set/Reset | Total Registers | Total Slices |
+--------------+-----------------------+------------------------+-----------------+--------------+
| No           | No                    | No                     |             311 |          125 |
| No           | No                    | Yes                    |              75 |           25 |
| No           | Yes                   | No                     |            1257 |          645 |
| Yes          | No                    | No                     |           18543 |         5175 |
| Yes          | No                    | Yes                    |               0 |            0 |
| Yes          | Yes                   | No                     |           10499 |         2801 |
+--------------+-----------------------+------------------------+-----------------+--------------+


4. Detailed Control Set Information
-----------------------------------

+--------------------------------------------+----------------------------------------------------------------------------------------------------------------------------------------------------------------------------------------------------------+------------------------------------------------------------------------------------------------------------------------------------------------------------------------------+------------------+----------------+--------------+
|                Clock Signal                |                                                                                               Enable Signal                                                                                              |                                                                               Set/Reset Signal                                                                               | Slice Load Count | Bel Load Count | Bels / Slice |
+--------------------------------------------+----------------------------------------------------------------------------------------------------------------------------------------------------------------------------------------------------------+------------------------------------------------------------------------------------------------------------------------------------------------------------------------------+------------------+----------------+--------------+
|  DPU_i/processing_system7_0/inst/FCLK_CLK0 | DPU_i/dpu_conv_top_0/inst/gmem0_2_m_axi_U/load_unit_0/buff_rdata/dout_vld_reg_0[0]                                                                                                                       |                                                                                                                                                                              |                1 |              1 |         1.00 |
|  DPU_i/processing_system7_0/inst/FCLK_CLK0 | DPU_i/dpu_conv_top_0/inst/gmem2_m_axi_U/store_unit_0/bus_wide_gen.wreq_offset/U_fifo_srl/push                                                                                                            |                                                                                                                                                                              |                1 |              1 |         1.00 |
|  DPU_i/processing_system7_0/inst/FCLK_CLK0 | DPU_i/dpu_conv_top_0/inst/gmem0_1_m_axi_U/load_unit_0/buff_rdata/dout_vld_reg_0[0]                                                                                                                       |                                                                                                                                                                              |                1 |              1 |         1.00 |
|  DPU_i/processing_system7_0/inst/FCLK_CLK0 | DPU_i/dpu_conv_top_0/inst/gmem2_m_axi_U/load_unit_0/bus_wide_gen.rs_rdata_int/load_p1                                                                                                                    |                                                                                                                                                                              |                1 |              1 |         1.00 |
|  DPU_i/processing_system7_0/inst/FCLK_CLK0 | DPU_i/dpu_conv_top_0/inst/gmem2_m_axi_U/load_unit_0/bus_wide_gen.rs_rdata_int/load_p2                                                                                                                    |                                                                                                                                                                              |                1 |              1 |         1.00 |
|  DPU_i/processing_system7_0/inst/FCLK_CLK0 | DPU_i/dpu_conv_top_0/inst/gmem2_m_axi_U/bus_write/fifo_resp_gen[0].fifo_resp/U_fifo_srl/pop                                                                                                              | DPU_i/dpu_conv_top_0/inst/gmem2_m_axi_U/store_unit_0/fifo_wreq/U_fifo_srl/SR[0]                                                                                              |                1 |              1 |         1.00 |
|  DPU_i/processing_system7_0/inst/FCLK_CLK0 | DPU_i/dpu_conv_top_0/inst/gmem1_6_m_axi_U/load_unit_0/bus_wide_gen.rs_rdata_int/load_p1                                                                                                                  |                                                                                                                                                                              |                1 |              1 |         1.00 |
|  DPU_i/processing_system7_0/inst/FCLK_CLK0 | DPU_i/dpu_conv_top_0/inst/gmem1_6_m_axi_U/load_unit_0/buff_rdata/dout_vld_reg_0[0]                                                                                                                       |                                                                                                                                                                              |                1 |              1 |         1.00 |
|  DPU_i/processing_system7_0/inst/FCLK_CLK0 | DPU_i/dpu_conv_top_0/inst/gmem0_4_m_axi_U/load_unit_0/buff_rdata/dout_vld_reg_0[0]                                                                                                                       |                                                                                                                                                                              |                1 |              1 |         1.00 |
|  DPU_i/processing_system7_0/inst/FCLK_CLK0 | DPU_i/dpu_conv_top_0/inst/gmem1_5_m_axi_U/load_unit_0/bus_wide_gen.rs_rdata_int/load_p1                                                                                                                  |                                                                                                                                                                              |                1 |              1 |         1.00 |
|  DPU_i/processing_system7_0/inst/FCLK_CLK0 | DPU_i/dpu_conv_top_0/inst/gmem0_5_m_axi_U/load_unit_0/bus_wide_gen.rs_rdata_int/load_p1                                                                                                                  |                                                                                                                                                                              |                1 |              1 |         1.00 |
|  DPU_i/processing_system7_0/inst/FCLK_CLK0 | DPU_i/dpu_conv_top_0/inst/gmem0_1_m_axi_U/load_unit_0/bus_wide_gen.rs_rdata_int/load_p1                                                                                                                  |                                                                                                                                                                              |                1 |              1 |         1.00 |
|  DPU_i/processing_system7_0/inst/FCLK_CLK0 | DPU_i/dpu_conv_top_0/inst/gmem0_6_m_axi_U/load_unit_0/buff_rdata/dout_vld_reg_0[0]                                                                                                                       |                                                                                                                                                                              |                1 |              1 |         1.00 |
|  DPU_i/processing_system7_0/inst/FCLK_CLK0 | DPU_i/dpu_conv_top_0/inst/gmem0_6_m_axi_U/load_unit_0/bus_wide_gen.rs_rdata_int/load_p1                                                                                                                  |                                                                                                                                                                              |                1 |              1 |         1.00 |
|  DPU_i/processing_system7_0/inst/FCLK_CLK0 | DPU_i/dpu_conv_top_0/inst/gmem2_m_axi_U/bus_write/wreq_burst_conv/burst_sequential/E[0]                                                                                                                  |                                                                                                                                                                              |                1 |              1 |         1.00 |
|  DPU_i/processing_system7_0/inst/FCLK_CLK0 | DPU_i/dpu_conv_top_0/inst/gmem1_5_m_axi_U/load_unit_0/buff_rdata/dout_vld_reg_0[0]                                                                                                                       |                                                                                                                                                                              |                1 |              1 |         1.00 |
|  DPU_i/processing_system7_0/inst/FCLK_CLK0 | DPU_i/dpu_conv_top_0/inst/gmem1_3_m_axi_U/load_unit_0/bus_wide_gen.rs_rdata_int/load_p1                                                                                                                  |                                                                                                                                                                              |                1 |              1 |         1.00 |
|  DPU_i/processing_system7_0/inst/FCLK_CLK0 | DPU_i/dpu_conv_top_0/inst/gmem1_4_m_axi_U/load_unit_0/bus_wide_gen.rs_rdata_int/load_p1                                                                                                                  |                                                                                                                                                                              |                1 |              1 |         1.00 |
|  DPU_i/processing_system7_0/inst/FCLK_CLK0 | DPU_i/dpu_conv_top_0/inst/gmem1_4_m_axi_U/load_unit_0/buff_rdata/dout_vld_reg_0[0]                                                                                                                       |                                                                                                                                                                              |                1 |              1 |         1.00 |
|  DPU_i/processing_system7_0/inst/FCLK_CLK0 |                                                                                                                                                                                                          | DPU_i/axi_smc/inst/s00_nodes/s00_ar_node/inst/s_sc_areset_pipe                                                                                                               |                1 |              1 |         1.00 |
|  DPU_i/processing_system7_0/inst/FCLK_CLK0 | DPU_i/dpu_conv_top_0/inst/gmem1_7_m_axi_U/load_unit_0/bus_wide_gen.rs_rdata_int/load_p1                                                                                                                  |                                                                                                                                                                              |                1 |              1 |         1.00 |
|  DPU_i/processing_system7_0/inst/FCLK_CLK0 | DPU_i/dpu_conv_top_0/inst/gmem0_3_m_axi_U/load_unit_0/buff_rdata/dout_vld_reg_0[0]                                                                                                                       |                                                                                                                                                                              |                1 |              1 |         1.00 |
|  DPU_i/processing_system7_0/inst/FCLK_CLK0 | DPU_i/dpu_conv_top_0/inst/gmem0_4_m_axi_U/load_unit_0/bus_wide_gen.rs_rdata_int/load_p1                                                                                                                  |                                                                                                                                                                              |                1 |              1 |         1.00 |
|  DPU_i/processing_system7_0/inst/FCLK_CLK0 | DPU_i/dpu_conv_top_0/inst/gmem0_2_m_axi_U/load_unit_0/bus_wide_gen.rs_rdata_int/load_p1                                                                                                                  |                                                                                                                                                                              |                1 |              1 |         1.00 |
|  DPU_i/processing_system7_0/inst/FCLK_CLK0 | DPU_i/dpu_conv_top_0/inst/gmem1_1_m_axi_U/load_unit_0/buff_rdata/dout_vld_reg_0[0]                                                                                                                       |                                                                                                                                                                              |                1 |              1 |         1.00 |
|  DPU_i/processing_system7_0/inst/FCLK_CLK0 |                                                                                                                                                                                                          | DPU_i/axi_smc/inst/m00_nodes/m00_ar_node/inst/s_sc_areset_pipe                                                                                                               |                1 |              1 |         1.00 |
|  DPU_i/processing_system7_0/inst/FCLK_CLK0 | DPU_i/dpu_conv_top_0/inst/gmem1_0_m_axi_U/load_unit_0/bus_wide_gen.rs_rdata_int/load_p1                                                                                                                  |                                                                                                                                                                              |                1 |              1 |         1.00 |
|  DPU_i/processing_system7_0/inst/FCLK_CLK0 | DPU_i/dpu_conv_top_0/inst/gmem1_0_m_axi_U/load_unit_0/buff_rdata/dout_vld_reg_0[0]                                                                                                                       |                                                                                                                                                                              |                1 |              1 |         1.00 |
|  DPU_i/processing_system7_0/inst/FCLK_CLK0 |                                                                                                                                                                                                          | DPU_i/axi_smc/inst/m00_nodes/m00_aw_node/inst/s_sc_areset_pipe                                                                                                               |                1 |              1 |         1.00 |
|  DPU_i/processing_system7_0/inst/FCLK_CLK0 | DPU_i/dpu_conv_top_0/inst/gmem1_7_m_axi_U/load_unit_0/buff_rdata/dout_vld_reg_0[0]                                                                                                                       |                                                                                                                                                                              |                1 |              1 |         1.00 |
|  DPU_i/processing_system7_0/inst/FCLK_CLK0 |                                                                                                                                                                                                          | DPU_i/axi_smc/inst/m00_nodes/m00_b_node/inst/s_sc_areset_pipe                                                                                                                |                1 |              1 |         1.00 |
|  DPU_i/processing_system7_0/inst/FCLK_CLK0 | DPU_i/dpu_conv_top_0/inst/gmem0_0_m_axi_U/load_unit_0/buff_rdata/dout_vld_reg_0[0]                                                                                                                       |                                                                                                                                                                              |                1 |              1 |         1.00 |
|  DPU_i/processing_system7_0/inst/FCLK_CLK0 |                                                                                                                                                                                                          | DPU_i/axi_smc/inst/m00_nodes/m00_r_node/inst/s_sc_areset_pipe                                                                                                                |                1 |              1 |         1.00 |
|  DPU_i/processing_system7_0/inst/FCLK_CLK0 |                                                                                                                                                                                                          | DPU_i/axi_smc/inst/m01_nodes/m01_r_node/inst/s_sc_areset_pipe                                                                                                                |                1 |              1 |         1.00 |
|  DPU_i/processing_system7_0/inst/FCLK_CLK0 |                                                                                                                                                                                                          | DPU_i/axi_smc/inst/m00_nodes/m00_w_node/inst/s_sc_areset_pipe                                                                                                                |                1 |              1 |         1.00 |
|  DPU_i/processing_system7_0/inst/FCLK_CLK0 | DPU_i/dpu_conv_top_0/inst/gmem0_m_axi_U/store_unit_0/fifo_wrsp/U_fifo_srl/pop                                                                                                                            | DPU_i/dpu_conv_top_0/inst/gmem2_m_axi_U/store_unit_0/fifo_wreq/U_fifo_srl/SR[0]                                                                                              |                1 |              1 |         1.00 |
|  DPU_i/processing_system7_0/inst/FCLK_CLK0 | DPU_i/dpu_conv_top_0/inst/gmem1_3_m_axi_U/load_unit_0/buff_rdata/dout_vld_reg_0[0]                                                                                                                       |                                                                                                                                                                              |                1 |              1 |         1.00 |
|  DPU_i/processing_system7_0/inst/FCLK_CLK0 |                                                                                                                                                                                                          | DPU_i/axi_smc/inst/m01_nodes/m01_ar_node/inst/s_sc_areset_pipe                                                                                                               |                1 |              1 |         1.00 |
|  DPU_i/processing_system7_0/inst/FCLK_CLK0 | DPU_i/dpu_conv_top_0/inst/gmem0_5_m_axi_U/load_unit_0/buff_rdata/dout_vld_reg_0[0]                                                                                                                       |                                                                                                                                                                              |                1 |              1 |         1.00 |
|  DPU_i/processing_system7_0/inst/FCLK_CLK0 | DPU_i/dpu_conv_top_0/inst/gmem0_m_axi_U/bus_write/fifo_resp_gen[0].fifo_resp/U_fifo_srl/pop                                                                                                              | DPU_i/dpu_conv_top_0/inst/gmem2_m_axi_U/store_unit_0/fifo_wreq/U_fifo_srl/SR[0]                                                                                              |                1 |              1 |         1.00 |
|  DPU_i/processing_system7_0/inst/FCLK_CLK0 |                                                                                                                                                                                                          | DPU_i/axi_smc/inst/m01_nodes/m01_aw_node/inst/s_sc_areset_pipe                                                                                                               |                1 |              1 |         1.00 |
|  DPU_i/processing_system7_0/inst/FCLK_CLK0 | DPU_i/dpu_conv_top_0/inst/gmem0_m_axi_U/store_unit_0/fifo_wrsp/U_fifo_srl/pop_dout__0                                                                                                                    |                                                                                                                                                                              |                1 |              1 |         1.00 |
|  DPU_i/processing_system7_0/inst/FCLK_CLK0 |                                                                                                                                                                                                          | DPU_i/axi_smc/inst/m01_nodes/m01_b_node/inst/s_sc_areset_pipe                                                                                                                |                1 |              1 |         1.00 |
|  DPU_i/processing_system7_0/inst/FCLK_CLK0 | DPU_i/dpu_conv_top_0/inst/gmem2_m_axi_U/store_unit_0/fifo_wrsp/U_fifo_srl/pop                                                                                                                            | DPU_i/dpu_conv_top_0/inst/gmem2_m_axi_U/store_unit_0/fifo_wreq/U_fifo_srl/SR[0]                                                                                              |                1 |              1 |         1.00 |
|  DPU_i/processing_system7_0/inst/FCLK_CLK0 |                                                                                                                                                                                                          | DPU_i/axi_smc/inst/s00_nodes/s00_w_node/inst/s_sc_areset_pipe                                                                                                                |                1 |              1 |         1.00 |
|  DPU_i/processing_system7_0/inst/FCLK_CLK0 |                                                                                                                                                                                                          | DPU_i/axi_smc/inst/m01_nodes/m01_w_node/inst/s_sc_areset_pipe                                                                                                                |                1 |              1 |         1.00 |
|  DPU_i/processing_system7_0/inst/FCLK_CLK0 | DPU_i/dpu_conv_top_0/inst/grp_conv3x3_relu_fu_393/grp_conv3x3_relu_Pipeline_OH_LOOP_OW_LOOP_IC_LOOP_fu_352/ap_CS_fsm_pp0_stage2                                                                          | DPU_i/dpu_conv_top_0/inst/grp_conv3x3_relu_fu_393/grp_conv3x3_relu_Pipeline_OH_LOOP_OW_LOOP_IC_LOOP_fu_352/add_ln31_mid2_reg_7071[0]                                         |                1 |              1 |         1.00 |
|  DPU_i/processing_system7_0/inst/FCLK_CLK0 |                                                                                                                                                                                                          | DPU_i/axi_smc/inst/s00_nodes/s00_aw_node/inst/s_sc_areset_pipe                                                                                                               |                1 |              1 |         1.00 |
|  DPU_i/processing_system7_0/inst/FCLK_CLK0 |                                                                                                                                                                                                          | DPU_i/axi_smc/inst/s00_nodes/s00_b_node/inst/s_sc_areset_pipe                                                                                                                |                1 |              1 |         1.00 |
|  DPU_i/processing_system7_0/inst/FCLK_CLK0 |                                                                                                                                                                                                          | DPU_i/axi_smc/inst/s00_nodes/s00_r_node/inst/s_sc_areset_pipe                                                                                                                |                1 |              1 |         1.00 |
|  DPU_i/processing_system7_0/inst/FCLK_CLK0 |                                                                                                                                                                                                          | DPU_i/axi_smc/inst/switchboards/i_nodes/i_ar_node/inst/s_sc_areset_pipe                                                                                                      |                1 |              1 |         1.00 |
|  DPU_i/processing_system7_0/inst/FCLK_CLK0 |                                                                                                                                                                                                          | DPU_i/axi_smc/inst/switchboards/i_nodes/i_aw_node/inst/s_sc_areset_pipe                                                                                                      |                1 |              1 |         1.00 |
|  DPU_i/processing_system7_0/inst/FCLK_CLK0 | DPU_i/dpu_conv_top_0/inst/gmem1_2_m_axi_U/load_unit_0/bus_wide_gen.rs_rdata_int/load_p1                                                                                                                  |                                                                                                                                                                              |                1 |              1 |         1.00 |
|  DPU_i/processing_system7_0/inst/FCLK_CLK0 |                                                                                                                                                                                                          | DPU_i/axi_smc/inst/switchboards/i_nodes/i_b_node/inst/s_sc_areset_pipe                                                                                                       |                1 |              1 |         1.00 |
|  DPU_i/processing_system7_0/inst/FCLK_CLK0 | DPU_i/dpu_conv_top_0/inst/gmem0_0_m_axi_U/load_unit_0/bus_wide_gen.rs_rdata_int/load_p1                                                                                                                  |                                                                                                                                                                              |                1 |              1 |         1.00 |
|  DPU_i/processing_system7_0/inst/FCLK_CLK0 | DPU_i/dpu_conv_top_0/inst/gmem1_1_m_axi_U/load_unit_0/bus_wide_gen.rs_rdata_int/load_p1                                                                                                                  |                                                                                                                                                                              |                1 |              1 |         1.00 |
|  DPU_i/processing_system7_0/inst/FCLK_CLK0 |                                                                                                                                                                                                          | DPU_i/axi_smc/inst/switchboards/i_nodes/i_r_node/inst/s_sc_areset_pipe                                                                                                       |                1 |              1 |         1.00 |
|  DPU_i/processing_system7_0/inst/FCLK_CLK0 |                                                                                                                                                                                                          | DPU_i/axi_smc/inst/switchboards/i_nodes/i_w_node/inst/s_sc_areset_pipe                                                                                                       |                1 |              1 |         1.00 |
|  DPU_i/processing_system7_0/inst/FCLK_CLK0 | DPU_i/dpu_conv_top_0/inst/gmem0_7_m_axi_U/load_unit_0/bus_wide_gen.rs_rdata_int/load_p1                                                                                                                  |                                                                                                                                                                              |                1 |              1 |         1.00 |
|  DPU_i/processing_system7_0/inst/FCLK_CLK0 | DPU_i/dpu_conv_top_0/inst/gmem0_m_axi_U/bus_write/wreq_burst_conv/burst_sequential/push                                                                                                                  |                                                                                                                                                                              |                1 |              1 |         1.00 |
|  DPU_i/processing_system7_0/inst/FCLK_CLK0 | DPU_i/dpu_conv_top_0/inst/gmem0_7_m_axi_U/load_unit_0/buff_rdata/dout_vld_reg_0[0]                                                                                                                       |                                                                                                                                                                              |                1 |              1 |         1.00 |
|  DPU_i/processing_system7_0/inst/FCLK_CLK0 | DPU_i/dpu_conv_top_0/inst/gmem1_2_m_axi_U/load_unit_0/buff_rdata/dout_vld_reg_0[0]                                                                                                                       |                                                                                                                                                                              |                1 |              1 |         1.00 |
|  DPU_i/processing_system7_0/inst/FCLK_CLK0 | DPU_i/dpu_conv_top_0/inst/gmem0_3_m_axi_U/load_unit_0/bus_wide_gen.rs_rdata_int/load_p1                                                                                                                  |                                                                                                                                                                              |                1 |              1 |         1.00 |
|  DPU_i/processing_system7_0/inst/FCLK_CLK0 |                                                                                                                                                                                                          | DPU_i/axi_smc/inst/s00_nodes/s00_ar_node/inst/s_sc_xpm_cdc_async_rst_inst/reset_pol                                                                                          |                1 |              3 |         3.00 |
|  DPU_i/processing_system7_0/inst/FCLK_CLK0 |                                                                                                                                                                                                          | DPU_i/axi_smc/inst/s00_entry_pipeline/s00_transaction_regulator/inst/xpm_cdc_async_rst_inst/reset_pol                                                                        |                1 |              3 |         3.00 |
|  DPU_i/processing_system7_0/inst/FCLK_CLK0 |                                                                                                                                                                                                          | DPU_i/axi_smc/inst/m00_exit_pipeline/m00_exit/inst/xpm_cdc_async_rst_inst/reset_pol                                                                                          |                1 |              3 |         3.00 |
|  DPU_i/processing_system7_0/inst/FCLK_CLK0 |                                                                                                                                                                                                          | DPU_i/axi_smc/inst/m00_nodes/m00_ar_node/inst/s_sc_xpm_cdc_async_rst_inst/reset_pol                                                                                          |                1 |              3 |         3.00 |
|  DPU_i/processing_system7_0/inst/FCLK_CLK0 |                                                                                                                                                                                                          | DPU_i/axi_smc/inst/m01_exit_pipeline/m01_exit/inst/xpm_cdc_async_rst_inst/reset_pol                                                                                          |                1 |              3 |         3.00 |
|  DPU_i/processing_system7_0/inst/FCLK_CLK0 |                                                                                                                                                                                                          | DPU_i/axi_smc/inst/m00_nodes/m00_aw_node/inst/s_sc_xpm_cdc_async_rst_inst/reset_pol                                                                                          |                1 |              3 |         3.00 |
|  DPU_i/processing_system7_0/inst/FCLK_CLK0 |                                                                                                                                                                                                          | DPU_i/axi_smc/inst/m00_nodes/m00_b_node/inst/s_sc_xpm_cdc_async_rst_inst/reset_pol                                                                                           |                1 |              3 |         3.00 |
|  DPU_i/processing_system7_0/inst/FCLK_CLK0 |                                                                                                                                                                                                          | DPU_i/axi_smc/inst/m00_nodes/m00_r_node/inst/s_sc_xpm_cdc_async_rst_inst/reset_pol                                                                                           |                1 |              3 |         3.00 |
|  DPU_i/processing_system7_0/inst/FCLK_CLK0 |                                                                                                                                                                                                          | DPU_i/axi_smc/inst/s00_entry_pipeline/s00_mmu/inst/xpm_cdc_async_rst_inst/reset_pol                                                                                          |                1 |              3 |         3.00 |
|  DPU_i/processing_system7_0/inst/FCLK_CLK0 |                                                                                                                                                                                                          | DPU_i/axi_smc/inst/m01_nodes/m01_ar_node/inst/s_sc_xpm_cdc_async_rst_inst/reset_pol                                                                                          |                1 |              3 |         3.00 |
|  DPU_i/processing_system7_0/inst/FCLK_CLK0 |                                                                                                                                                                                                          | DPU_i/axi_smc/inst/m01_nodes/m01_aw_node/inst/s_sc_xpm_cdc_async_rst_inst/reset_pol                                                                                          |                1 |              3 |         3.00 |
|  DPU_i/processing_system7_0/inst/FCLK_CLK0 |                                                                                                                                                                                                          | DPU_i/axi_smc/inst/m01_nodes/m01_b_node/inst/s_sc_xpm_cdc_async_rst_inst/reset_pol                                                                                           |                1 |              3 |         3.00 |
|  DPU_i/processing_system7_0/inst/FCLK_CLK0 |                                                                                                                                                                                                          | DPU_i/axi_smc/inst/m01_nodes/m01_r_node/inst/s_sc_xpm_cdc_async_rst_inst/reset_pol                                                                                           |                1 |              3 |         3.00 |
|  DPU_i/processing_system7_0/inst/FCLK_CLK0 |                                                                                                                                                                                                          | DPU_i/axi_smc/inst/m00_nodes/m00_w_node/inst/s_sc_xpm_cdc_async_rst_inst/reset_pol                                                                                           |                1 |              3 |         3.00 |
|  DPU_i/processing_system7_0/inst/FCLK_CLK0 |                                                                                                                                                                                                          | DPU_i/axi_smc/inst/s00_nodes/s00_w_node/inst/s_sc_xpm_cdc_async_rst_inst/reset_pol                                                                                           |                1 |              3 |         3.00 |
|  DPU_i/processing_system7_0/inst/FCLK_CLK0 |                                                                                                                                                                                                          | DPU_i/axi_smc/inst/switchboards/i_nodes/i_w_node/inst/s_sc_xpm_cdc_async_rst_inst/reset_pol                                                                                  |                1 |              3 |         3.00 |
|  DPU_i/processing_system7_0/inst/FCLK_CLK0 |                                                                                                                                                                                                          | DPU_i/axi_smc/inst/switchboards/i_nodes/i_ar_node/inst/s_sc_xpm_cdc_async_rst_inst/reset_pol                                                                                 |                1 |              3 |         3.00 |
|  DPU_i/processing_system7_0/inst/FCLK_CLK0 |                                                                                                                                                                                                          | DPU_i/axi_smc/inst/s00_entry_pipeline/s00_si_converter/inst/xpm_cdc_async_rst_inst/reset_pol                                                                                 |                1 |              3 |         3.00 |
|  DPU_i/processing_system7_0/inst/FCLK_CLK0 |                                                                                                                                                                                                          | DPU_i/axi_smc/inst/m01_nodes/m01_w_node/inst/s_sc_xpm_cdc_async_rst_inst/reset_pol                                                                                           |                1 |              3 |         3.00 |
|  DPU_i/processing_system7_0/inst/FCLK_CLK0 |                                                                                                                                                                                                          | DPU_i/axi_smc/inst/switchboards/i_nodes/i_aw_node/inst/s_sc_xpm_cdc_async_rst_inst/reset_pol                                                                                 |                1 |              3 |         3.00 |
|  DPU_i/processing_system7_0/inst/FCLK_CLK0 |                                                                                                                                                                                                          | DPU_i/axi_smc/inst/s00_nodes/s00_b_node/inst/s_sc_xpm_cdc_async_rst_inst/reset_pol                                                                                           |                1 |              3 |         3.00 |
|  DPU_i/processing_system7_0/inst/FCLK_CLK0 |                                                                                                                                                                                                          | DPU_i/axi_smc/inst/switchboards/i_nodes/i_b_node/inst/s_sc_xpm_cdc_async_rst_inst/reset_pol                                                                                  |                1 |              3 |         3.00 |
|  DPU_i/processing_system7_0/inst/FCLK_CLK0 |                                                                                                                                                                                                          | DPU_i/axi_smc/inst/s00_nodes/s00_aw_node/inst/s_sc_xpm_cdc_async_rst_inst/reset_pol                                                                                          |                1 |              3 |         3.00 |
|  DPU_i/processing_system7_0/inst/FCLK_CLK0 |                                                                                                                                                                                                          | DPU_i/axi_smc/inst/s00_nodes/s00_r_node/inst/s_sc_xpm_cdc_async_rst_inst/reset_pol                                                                                           |                1 |              3 |         3.00 |
|  DPU_i/processing_system7_0/inst/FCLK_CLK0 |                                                                                                                                                                                                          | DPU_i/axi_smc/inst/switchboards/i_nodes/i_r_node/inst/s_sc_xpm_cdc_async_rst_inst/reset_pol                                                                                  |                1 |              3 |         3.00 |
|  DPU_i/processing_system7_0/inst/FCLK_CLK0 | DPU_i/dpu_conv_top_0/inst/gmem2_m_axi_U/bus_write/fifo_resp_gen[0].fifo_resp/raddr[3]_i_1__64_n_0                                                                                                        | DPU_i/dpu_conv_top_0/inst/gmem2_m_axi_U/store_unit_0/fifo_wreq/U_fifo_srl/SR[0]                                                                                              |                1 |              4 |         4.00 |
|  DPU_i/processing_system7_0/inst/FCLK_CLK0 | DPU_i/dpu_conv_top_0/inst/gmem0_7_m_axi_U/load_unit_0/bus_wide_gen.rreq_offset/U_fifo_srl/push                                                                                                           |                                                                                                                                                                              |                1 |              4 |         4.00 |
|  DPU_i/processing_system7_0/inst/FCLK_CLK0 | DPU_i/dpu_conv_top_0/inst/gmem0_7_m_axi_U/load_unit_0/bus_wide_gen.rreq_offset/U_fifo_srl/pop                                                                                                            | DPU_i/dpu_conv_top_0/inst/gmem2_m_axi_U/store_unit_0/fifo_wreq/U_fifo_srl/SR[0]                                                                                              |                1 |              4 |         4.00 |
|  DPU_i/processing_system7_0/inst/FCLK_CLK0 | DPU_i/dpu_conv_top_0/inst/gmem2_m_axi_U/bus_write/wreq_throttle/rs_burst/load_p1                                                                                                                         |                                                                                                                                                                              |                1 |              4 |         4.00 |
|  DPU_i/processing_system7_0/inst/FCLK_CLK0 | DPU_i/dpu_conv_top_0/inst/gmem2_m_axi_U/load_unit_0/bus_wide_gen.rreq_offset/U_fifo_srl/pop                                                                                                              | DPU_i/dpu_conv_top_0/inst/gmem2_m_axi_U/store_unit_0/fifo_wreq/U_fifo_srl/SR[0]                                                                                              |                1 |              4 |         4.00 |
|  DPU_i/processing_system7_0/inst/FCLK_CLK0 | DPU_i/dpu_conv_top_0/inst/gmem2_m_axi_U/load_unit_0/bus_wide_gen.rreq_offset/U_fifo_srl/push                                                                                                             |                                                                                                                                                                              |                1 |              4 |         4.00 |
|  DPU_i/processing_system7_0/inst/FCLK_CLK0 | DPU_i/dpu_conv_top_0/inst/gmem2_m_axi_U/load_unit_0/bus_wide_gen.rreq_offset/U_fifo_srl/raddr_reg[0][0]                                                                                                  | DPU_i/dpu_conv_top_0/inst/gmem2_m_axi_U/store_unit_0/fifo_wreq/U_fifo_srl/SR[0]                                                                                              |                1 |              4 |         4.00 |
|  DPU_i/processing_system7_0/inst/FCLK_CLK0 | DPU_i/dpu_conv_top_0/inst/gmem2_m_axi_U/load_unit_0/fifo_rreq/mOutPtr[3]_i_1__74_n_0                                                                                                                     | DPU_i/dpu_conv_top_0/inst/gmem2_m_axi_U/store_unit_0/fifo_wreq/U_fifo_srl/SR[0]                                                                                              |                1 |              4 |         4.00 |
|  DPU_i/processing_system7_0/inst/FCLK_CLK0 | DPU_i/dpu_conv_top_0/inst/gmem0_3_m_axi_U/load_unit_0/bus_wide_gen.rreq_offset/U_fifo_srl/pop                                                                                                            | DPU_i/dpu_conv_top_0/inst/gmem2_m_axi_U/store_unit_0/fifo_wreq/U_fifo_srl/SR[0]                                                                                              |                1 |              4 |         4.00 |
|  DPU_i/processing_system7_0/inst/FCLK_CLK0 | DPU_i/dpu_conv_top_0/inst/gmem0_3_m_axi_U/load_unit_0/bus_wide_gen.rreq_offset/U_fifo_srl/push                                                                                                           |                                                                                                                                                                              |                1 |              4 |         4.00 |
|  DPU_i/processing_system7_0/inst/FCLK_CLK0 | DPU_i/dpu_conv_top_0/inst/gmem2_m_axi_U/load_unit_0/fifo_rreq/num_data_cnt[3]_i_1__74_n_0                                                                                                                | DPU_i/dpu_conv_top_0/inst/gmem2_m_axi_U/store_unit_0/fifo_wreq/U_fifo_srl/SR[0]                                                                                              |                1 |              4 |         4.00 |
|  DPU_i/processing_system7_0/inst/FCLK_CLK0 | DPU_i/dpu_conv_top_0/inst/gmem2_m_axi_U/store_unit_0/bus_wide_gen.wreq_offset/E[0]                                                                                                                       | DPU_i/dpu_conv_top_0/inst/gmem2_m_axi_U/store_unit_0/fifo_wreq/U_fifo_srl/SR[0]                                                                                              |                1 |              4 |         4.00 |
|  DPU_i/processing_system7_0/inst/FCLK_CLK0 | DPU_i/dpu_conv_top_0/inst/gmem0_3_m_axi_U/load_unit_0/bus_wide_gen.rreq_offset/U_fifo_srl/empty_n_reg_0[0]                                                                                               | DPU_i/dpu_conv_top_0/inst/gmem2_m_axi_U/store_unit_0/fifo_wreq/U_fifo_srl/SR[0]                                                                                              |                1 |              4 |         4.00 |
|  DPU_i/processing_system7_0/inst/FCLK_CLK0 | DPU_i/dpu_conv_top_0/inst/gmem0_5_m_axi_U/load_unit_0/fifo_rreq/mOutPtr[3]_i_1__4_n_0                                                                                                                    | DPU_i/dpu_conv_top_0/inst/gmem2_m_axi_U/store_unit_0/fifo_wreq/U_fifo_srl/SR[0]                                                                                              |                1 |              4 |         4.00 |
|  DPU_i/processing_system7_0/inst/FCLK_CLK0 | DPU_i/dpu_conv_top_0/inst/gmem2_m_axi_U/store_unit_0/bus_wide_gen.wreq_offset/raddr[3]_i_1__59_n_0                                                                                                       | DPU_i/dpu_conv_top_0/inst/gmem2_m_axi_U/store_unit_0/fifo_wreq/U_fifo_srl/SR[0]                                                                                              |                1 |              4 |         4.00 |
|  DPU_i/processing_system7_0/inst/FCLK_CLK0 | DPU_i/dpu_conv_top_0/inst/gmem2_m_axi_U/store_unit_0/conservative_gen.fifo_burst/U_fifo_srl/pop                                                                                                          | DPU_i/dpu_conv_top_0/inst/gmem2_m_axi_U/store_unit_0/fifo_wreq/U_fifo_srl/SR[0]                                                                                              |                1 |              4 |         4.00 |
|  DPU_i/processing_system7_0/inst/FCLK_CLK0 | DPU_i/dpu_conv_top_0/inst/gmem0_5_m_axi_U/load_unit_0/bus_wide_gen.rreq_offset/raddr[3]_i_1__1_n_0                                                                                                       | DPU_i/dpu_conv_top_0/inst/gmem2_m_axi_U/store_unit_0/fifo_wreq/U_fifo_srl/SR[0]                                                                                              |                1 |              4 |         4.00 |
|  DPU_i/processing_system7_0/inst/FCLK_CLK0 | DPU_i/dpu_conv_top_0/inst/gmem0_3_m_axi_U/load_unit_0/fifo_rreq/mOutPtr[3]_i_1__12_n_0                                                                                                                   | DPU_i/dpu_conv_top_0/inst/gmem2_m_axi_U/store_unit_0/fifo_wreq/U_fifo_srl/SR[0]                                                                                              |                2 |              4 |         2.00 |
|  DPU_i/processing_system7_0/inst/FCLK_CLK0 |                                                                                                                                                                                                          | DPU_i/axi_smc/inst/clk_map/psr_aclk/U0/EXT_LPF/lpf_int                                                                                                                       |                3 |              4 |         1.33 |
|  DPU_i/processing_system7_0/inst/FCLK_CLK0 | DPU_i/dpu_conv_top_0/inst/gmem0_3_m_axi_U/load_unit_0/fifo_rreq/num_data_cnt[3]_i_1__12_n_0                                                                                                              | DPU_i/dpu_conv_top_0/inst/gmem2_m_axi_U/store_unit_0/fifo_wreq/U_fifo_srl/SR[0]                                                                                              |                2 |              4 |         2.00 |
|  DPU_i/processing_system7_0/inst/FCLK_CLK0 | DPU_i/dpu_conv_top_0/inst/gmem2_m_axi_U/store_unit_0/conservative_gen.fifo_burst/U_fifo_srl/push_0                                                                                                       |                                                                                                                                                                              |                1 |              4 |         4.00 |
|  DPU_i/processing_system7_0/inst/FCLK_CLK0 | DPU_i/dpu_conv_top_0/inst/gmem2_m_axi_U/store_unit_0/conservative_gen.fifo_burst/conservative_gen.next_burst                                                                                             | DPU_i/dpu_conv_top_0/inst/gmem2_m_axi_U/store_unit_0/fifo_wreq/U_fifo_srl/SR[0]                                                                                              |                1 |              4 |         4.00 |
|  DPU_i/processing_system7_0/inst/FCLK_CLK0 | DPU_i/dpu_conv_top_0/inst/gmem2_m_axi_U/store_unit_0/conservative_gen.fifo_burst/raddr[3]_i_1__58_n_0                                                                                                    | DPU_i/dpu_conv_top_0/inst/gmem2_m_axi_U/store_unit_0/fifo_wreq/U_fifo_srl/SR[0]                                                                                              |                2 |              4 |         2.00 |
|  DPU_i/processing_system7_0/inst/FCLK_CLK0 | DPU_i/dpu_conv_top_0/inst/gmem0_5_m_axi_U/load_unit_0/bus_wide_gen.rreq_offset/U_fifo_srl/push                                                                                                           |                                                                                                                                                                              |                1 |              4 |         4.00 |
|  DPU_i/processing_system7_0/inst/FCLK_CLK0 |                                                                                                                                                                                                          | DPU_i/rst_ps7_0_50M/U0/EXT_LPF/lpf_int                                                                                                                                       |                1 |              4 |         4.00 |
|  DPU_i/processing_system7_0/inst/FCLK_CLK0 | DPU_i/dpu_conv_top_0/inst/gmem0_m_axi_U/store_unit_0/conservative_gen.fifo_burst/raddr[3]_i_1__50_n_0                                                                                                    | DPU_i/dpu_conv_top_0/inst/gmem2_m_axi_U/store_unit_0/fifo_wreq/U_fifo_srl/SR[0]                                                                                              |                1 |              4 |         4.00 |
|  DPU_i/processing_system7_0/inst/FCLK_CLK0 | DPU_i/dpu_conv_top_0/inst/grp_conv3x3_relu_fu_393/grp_conv3x3_relu_Pipeline_OH_LOOP_OW_LOOP_IC_LOOP_fu_352/E[0]                                                                                          | DPU_i/dpu_conv_top_0/inst/gmem2_m_axi_U/store_unit_0/fifo_wreq/U_fifo_srl/SR[0]                                                                                              |                1 |              4 |         4.00 |
|  DPU_i/processing_system7_0/inst/FCLK_CLK0 | DPU_i/dpu_conv_top_0/inst/gmem2_m_axi_U/store_unit_0/fifo_wrsp/U_fifo_srl/raddr_reg[0][0]                                                                                                                | DPU_i/dpu_conv_top_0/inst/gmem2_m_axi_U/store_unit_0/fifo_wreq/U_fifo_srl/SR[0]                                                                                              |                2 |              4 |         2.00 |
|  DPU_i/processing_system7_0/inst/FCLK_CLK0 | DPU_i/dpu_conv_top_0/inst/gmem2_m_axi_U/store_unit_0/fifo_wrsp/U_fifo_srl/E[0]                                                                                                                           | DPU_i/dpu_conv_top_0/inst/gmem2_m_axi_U/store_unit_0/fifo_wreq/U_fifo_srl/SR[0]                                                                                              |                1 |              4 |         4.00 |
|  DPU_i/processing_system7_0/inst/FCLK_CLK0 | DPU_i/dpu_conv_top_0/inst/gmem0_m_axi_U/store_unit_0/conservative_gen.fifo_burst/conservative_gen.next_burst                                                                                             | DPU_i/dpu_conv_top_0/inst/gmem2_m_axi_U/store_unit_0/fifo_wreq/U_fifo_srl/SR[0]                                                                                              |                2 |              4 |         2.00 |
|  DPU_i/processing_system7_0/inst/FCLK_CLK0 | DPU_i/dpu_conv_top_0/inst/gmem0_4_m_axi_U/load_unit_0/bus_wide_gen.rreq_offset/U_fifo_srl/pop                                                                                                            | DPU_i/dpu_conv_top_0/inst/gmem2_m_axi_U/store_unit_0/fifo_wreq/U_fifo_srl/SR[0]                                                                                              |                1 |              4 |         4.00 |
|  DPU_i/processing_system7_0/inst/FCLK_CLK0 | DPU_i/dpu_conv_top_0/inst/gmem0_4_m_axi_U/load_unit_0/bus_wide_gen.rreq_offset/U_fifo_srl/push                                                                                                           |                                                                                                                                                                              |                1 |              4 |         4.00 |
|  DPU_i/processing_system7_0/inst/FCLK_CLK0 | DPU_i/dpu_conv_top_0/inst/gmem0_4_m_axi_U/load_unit_0/bus_wide_gen.rreq_offset/U_fifo_srl/empty_n_reg_0[0]                                                                                               | DPU_i/dpu_conv_top_0/inst/gmem2_m_axi_U/store_unit_0/fifo_wreq/U_fifo_srl/SR[0]                                                                                              |                1 |              4 |         4.00 |
|  DPU_i/processing_system7_0/inst/FCLK_CLK0 | DPU_i/dpu_conv_top_0/inst/gmem0_4_m_axi_U/load_unit_0/fifo_rreq/num_data_cnt[3]_i_1__8_n_0                                                                                                               | DPU_i/dpu_conv_top_0/inst/gmem2_m_axi_U/store_unit_0/fifo_wreq/U_fifo_srl/SR[0]                                                                                              |                2 |              4 |         2.00 |
|  DPU_i/processing_system7_0/inst/FCLK_CLK0 | DPU_i/dpu_conv_top_0/inst/gmem0_m_axi_U/store_unit_0/conservative_gen.fifo_burst/U_fifo_srl/pop                                                                                                          | DPU_i/dpu_conv_top_0/inst/gmem2_m_axi_U/store_unit_0/fifo_wreq/U_fifo_srl/SR[0]                                                                                              |                1 |              4 |         4.00 |
|  DPU_i/processing_system7_0/inst/FCLK_CLK0 | DPU_i/dpu_conv_top_0/inst/gmem0_6_m_axi_U/load_unit_0/bus_wide_gen.rreq_offset/raddr[3]_i_1_n_0                                                                                                          | DPU_i/dpu_conv_top_0/inst/gmem2_m_axi_U/store_unit_0/fifo_wreq/U_fifo_srl/SR[0]                                                                                              |                1 |              4 |         4.00 |
|  DPU_i/processing_system7_0/inst/FCLK_CLK0 | DPU_i/dpu_conv_top_0/inst/gmem0_4_m_axi_U/load_unit_0/fifo_rreq/mOutPtr[3]_i_1__8_n_0                                                                                                                    | DPU_i/dpu_conv_top_0/inst/gmem2_m_axi_U/store_unit_0/fifo_wreq/U_fifo_srl/SR[0]                                                                                              |                1 |              4 |         4.00 |
|  DPU_i/processing_system7_0/inst/FCLK_CLK0 | DPU_i/dpu_conv_top_0/inst/gmem1_7_m_axi_U/load_unit_0/bus_wide_gen.rreq_offset/U_fifo_srl/push                                                                                                           |                                                                                                                                                                              |                1 |              4 |         4.00 |
|  DPU_i/processing_system7_0/inst/FCLK_CLK0 | DPU_i/dpu_conv_top_0/inst/gmem1_7_m_axi_U/load_unit_0/bus_wide_gen.rreq_offset/U_fifo_srl/pop                                                                                                            | DPU_i/dpu_conv_top_0/inst/gmem2_m_axi_U/store_unit_0/fifo_wreq/U_fifo_srl/SR[0]                                                                                              |                1 |              4 |         4.00 |
|  DPU_i/processing_system7_0/inst/FCLK_CLK0 | DPU_i/dpu_conv_top_0/inst/gmem1_7_m_axi_U/load_unit_0/bus_wide_gen.rreq_offset/U_fifo_srl/empty_n_reg_0[0]                                                                                               | DPU_i/dpu_conv_top_0/inst/gmem2_m_axi_U/store_unit_0/fifo_wreq/U_fifo_srl/SR[0]                                                                                              |                1 |              4 |         4.00 |
|  DPU_i/processing_system7_0/inst/FCLK_CLK0 | DPU_i/dpu_conv_top_0/inst/gmem2_m_axi_U/bus_write/wreq_burst_conv/burst_sequential/could_multi_bursts.burst_len[3]_i_1_n_0                                                                               | DPU_i/dpu_conv_top_0/inst/gmem2_m_axi_U/store_unit_0/fifo_wreq/U_fifo_srl/SR[0]                                                                                              |                1 |              4 |         4.00 |
|  DPU_i/processing_system7_0/inst/FCLK_CLK0 | DPU_i/dpu_conv_top_0/inst/gmem1_7_m_axi_U/load_unit_0/fifo_rreq/mOutPtr[3]_i_1__36_n_0                                                                                                                   | DPU_i/dpu_conv_top_0/inst/gmem2_m_axi_U/store_unit_0/fifo_wreq/U_fifo_srl/SR[0]                                                                                              |                1 |              4 |         4.00 |
|  DPU_i/processing_system7_0/inst/FCLK_CLK0 | DPU_i/dpu_conv_top_0/inst/gmem1_7_m_axi_U/load_unit_0/fifo_rreq/num_data_cnt[3]_i_1__36_n_0                                                                                                              | DPU_i/dpu_conv_top_0/inst/gmem2_m_axi_U/store_unit_0/fifo_wreq/U_fifo_srl/SR[0]                                                                                              |                1 |              4 |         4.00 |
|  DPU_i/processing_system7_0/inst/FCLK_CLK0 | DPU_i/dpu_conv_top_0/inst/gmem0_1_m_axi_U/load_unit_0/bus_wide_gen.rreq_offset/U_fifo_srl/push                                                                                                           |                                                                                                                                                                              |                1 |              4 |         4.00 |
|  DPU_i/processing_system7_0/inst/FCLK_CLK0 | DPU_i/dpu_conv_top_0/inst/gmem0_1_m_axi_U/load_unit_0/bus_wide_gen.rreq_offset/U_fifo_srl/pop                                                                                                            | DPU_i/dpu_conv_top_0/inst/gmem2_m_axi_U/store_unit_0/fifo_wreq/U_fifo_srl/SR[0]                                                                                              |                1 |              4 |         4.00 |
|  DPU_i/processing_system7_0/inst/FCLK_CLK0 | DPU_i/dpu_conv_top_0/inst/gmem2_m_axi_U/store_unit_0/conservative_gen.local_BURST_WVALID_reg_0[0]                                                                                                        |                                                                                                                                                                              |                1 |              4 |         4.00 |
|  DPU_i/processing_system7_0/inst/FCLK_CLK0 | DPU_i/axi_smc/inst/s00_entry_pipeline/s00_si_converter/inst/gen_axilite_conv.axilite_conv_inst/aw_incr[0]                                                                                                | DPU_i/axi_smc/inst/s00_entry_pipeline/s00_si_converter/inst/areset                                                                                                           |                1 |              4 |         4.00 |
|  DPU_i/processing_system7_0/inst/FCLK_CLK0 | DPU_i/dpu_conv_top_0/inst/gmem0_1_m_axi_U/load_unit_0/bus_wide_gen.rreq_offset/U_fifo_srl/empty_n_reg_0[0]                                                                                               | DPU_i/dpu_conv_top_0/inst/gmem2_m_axi_U/store_unit_0/fifo_wreq/U_fifo_srl/SR[0]                                                                                              |                2 |              4 |         2.00 |
|  DPU_i/processing_system7_0/inst/FCLK_CLK0 | DPU_i/axi_smc/inst/s00_entry_pipeline/s00_si_converter/inst/gen_axilite_conv.axilite_conv_inst/r_state[0]                                                                                                | DPU_i/axi_smc/inst/s00_entry_pipeline/s00_si_converter/inst/areset                                                                                                           |                1 |              4 |         4.00 |
|  DPU_i/processing_system7_0/inst/FCLK_CLK0 | DPU_i/dpu_conv_top_0/inst/CTRL_s_axi_U/ar_hs                                                                                                                                                             |                                                                                                                                                                              |                4 |              4 |         1.00 |
|  DPU_i/processing_system7_0/inst/FCLK_CLK0 | DPU_i/dpu_conv_top_0/inst/gmem0_6_m_axi_U/load_unit_0/bus_wide_gen.rreq_offset/U_fifo_srl/push                                                                                                           |                                                                                                                                                                              |                1 |              4 |         4.00 |
|  DPU_i/processing_system7_0/inst/FCLK_CLK0 | DPU_i/dpu_conv_top_0/inst/gmem0_0_m_axi_U/load_unit_0/bus_wide_gen.rreq_offset/U_fifo_srl/pop                                                                                                            | DPU_i/dpu_conv_top_0/inst/gmem2_m_axi_U/store_unit_0/fifo_wreq/U_fifo_srl/SR[0]                                                                                              |                1 |              4 |         4.00 |
|  DPU_i/processing_system7_0/inst/FCLK_CLK0 | DPU_i/dpu_conv_top_0/inst/gmem0_m_axi_U/store_unit_0/conservative_gen.fifo_burst/U_fifo_srl/push_0                                                                                                       |                                                                                                                                                                              |                1 |              4 |         4.00 |
|  DPU_i/processing_system7_0/inst/FCLK_CLK0 | DPU_i/dpu_conv_top_0/inst/gmem0_0_m_axi_U/load_unit_0/bus_wide_gen.rreq_offset/U_fifo_srl/push                                                                                                           |                                                                                                                                                                              |                1 |              4 |         4.00 |
|  DPU_i/processing_system7_0/inst/FCLK_CLK0 | DPU_i/dpu_conv_top_0/inst/gmem0_0_m_axi_U/load_unit_0/bus_wide_gen.rreq_offset/U_fifo_srl/empty_n_reg_0[0]                                                                                               | DPU_i/dpu_conv_top_0/inst/gmem2_m_axi_U/store_unit_0/fifo_wreq/U_fifo_srl/SR[0]                                                                                              |                1 |              4 |         4.00 |
|  DPU_i/processing_system7_0/inst/FCLK_CLK0 | DPU_i/dpu_conv_top_0/inst/gmem0_1_m_axi_U/load_unit_0/fifo_rreq/num_data_cnt[3]_i_1__24_n_0                                                                                                              | DPU_i/dpu_conv_top_0/inst/gmem2_m_axi_U/store_unit_0/fifo_wreq/U_fifo_srl/SR[0]                                                                                              |                2 |              4 |         2.00 |
|  DPU_i/processing_system7_0/inst/FCLK_CLK0 | DPU_i/dpu_conv_top_0/inst/gmem0_1_m_axi_U/load_unit_0/fifo_rreq/mOutPtr[3]_i_1__24_n_0                                                                                                                   | DPU_i/dpu_conv_top_0/inst/gmem2_m_axi_U/store_unit_0/fifo_wreq/U_fifo_srl/SR[0]                                                                                              |                2 |              4 |         2.00 |
|  DPU_i/processing_system7_0/inst/FCLK_CLK0 | DPU_i/dpu_conv_top_0/inst/gmem0_6_m_axi_U/load_unit_0/fifo_rreq/num_data_cnt[3]_i_1__0_n_0                                                                                                               | DPU_i/dpu_conv_top_0/inst/gmem2_m_axi_U/store_unit_0/fifo_wreq/U_fifo_srl/SR[0]                                                                                              |                1 |              4 |         4.00 |
|  DPU_i/processing_system7_0/inst/FCLK_CLK0 | DPU_i/dpu_conv_top_0/inst/gmem0_6_m_axi_U/load_unit_0/fifo_rreq/mOutPtr[3]_i_1__0_n_0                                                                                                                    | DPU_i/dpu_conv_top_0/inst/gmem2_m_axi_U/store_unit_0/fifo_wreq/U_fifo_srl/SR[0]                                                                                              |                1 |              4 |         4.00 |
|  DPU_i/processing_system7_0/inst/FCLK_CLK0 | DPU_i/dpu_conv_top_0/inst/gmem0_6_m_axi_U/load_unit_0/bus_wide_gen.rs_rdata_int/pop                                                                                                                      | DPU_i/dpu_conv_top_0/inst/gmem2_m_axi_U/store_unit_0/fifo_wreq/U_fifo_srl/SR[0]                                                                                              |                1 |              4 |         4.00 |
|  DPU_i/processing_system7_0/inst/FCLK_CLK0 | DPU_i/dpu_conv_top_0/inst/gmem0_0_m_axi_U/load_unit_0/fifo_rreq/num_data_cnt[3]_i_1__28_n_0                                                                                                              | DPU_i/dpu_conv_top_0/inst/gmem2_m_axi_U/store_unit_0/fifo_wreq/U_fifo_srl/SR[0]                                                                                              |                1 |              4 |         4.00 |
|  DPU_i/processing_system7_0/inst/FCLK_CLK0 | DPU_i/dpu_conv_top_0/inst/gmem0_m_axi_U/bus_write/fifo_resp_gen[0].fifo_resp/U_fifo_srl/raddr_reg[3][0]                                                                                                  | DPU_i/dpu_conv_top_0/inst/gmem2_m_axi_U/store_unit_0/fifo_wreq/U_fifo_srl/SR[0]                                                                                              |                1 |              4 |         4.00 |
|  DPU_i/processing_system7_0/inst/FCLK_CLK0 | DPU_i/dpu_conv_top_0/inst/gmem0_m_axi_U/bus_write/wreq_burst_conv/burst_sequential/could_multi_bursts.burst_len[3]_i_1_n_0                                                                               | DPU_i/dpu_conv_top_0/inst/gmem2_m_axi_U/store_unit_0/fifo_wreq/U_fifo_srl/SR[0]                                                                                              |                1 |              4 |         4.00 |
|  DPU_i/processing_system7_0/inst/FCLK_CLK0 | DPU_i/dpu_conv_top_0/inst/gmem1_3_m_axi_U/load_unit_0/fifo_rreq/num_data_cnt[3]_i_1__52_n_0                                                                                                              | DPU_i/dpu_conv_top_0/inst/gmem2_m_axi_U/store_unit_0/fifo_wreq/U_fifo_srl/SR[0]                                                                                              |                1 |              4 |         4.00 |
|  DPU_i/processing_system7_0/inst/FCLK_CLK0 | DPU_i/dpu_conv_top_0/inst/gmem0_m_axi_U/store_unit_0/bus_wide_gen.wreq_offset/raddr[3]_i_1__51_n_0                                                                                                       | DPU_i/dpu_conv_top_0/inst/gmem2_m_axi_U/store_unit_0/fifo_wreq/U_fifo_srl/SR[0]                                                                                              |                1 |              4 |         4.00 |
|  DPU_i/processing_system7_0/inst/FCLK_CLK0 | DPU_i/dpu_conv_top_0/inst/gmem1_3_m_axi_U/load_unit_0/fifo_rreq/mOutPtr[3]_i_1__52_n_0                                                                                                                   | DPU_i/dpu_conv_top_0/inst/gmem2_m_axi_U/store_unit_0/fifo_wreq/U_fifo_srl/SR[0]                                                                                              |                2 |              4 |         2.00 |
|  DPU_i/processing_system7_0/inst/FCLK_CLK0 | DPU_i/dpu_conv_top_0/inst/gmem0_m_axi_U/bus_write/wreq_throttle/rs_burst/load_p1                                                                                                                         |                                                                                                                                                                              |                2 |              4 |         2.00 |
|  DPU_i/processing_system7_0/inst/FCLK_CLK0 | DPU_i/dpu_conv_top_0/inst/gmem0_m_axi_U/store_unit_0/fifo_wrsp/U_fifo_srl/raddr_reg[3][0]                                                                                                                | DPU_i/dpu_conv_top_0/inst/gmem2_m_axi_U/store_unit_0/fifo_wreq/U_fifo_srl/SR[0]                                                                                              |                1 |              4 |         4.00 |
|  DPU_i/processing_system7_0/inst/FCLK_CLK0 | DPU_i/dpu_conv_top_0/inst/gmem0_m_axi_U/store_unit_0/conservative_gen.local_BURST_WVALID_reg_0[0]                                                                                                        |                                                                                                                                                                              |                2 |              4 |         2.00 |
|  DPU_i/processing_system7_0/inst/FCLK_CLK0 | DPU_i/dpu_conv_top_0/inst/gmem1_0_m_axi_U/load_unit_0/bus_wide_gen.rreq_offset/U_fifo_srl/pop                                                                                                            | DPU_i/dpu_conv_top_0/inst/gmem2_m_axi_U/store_unit_0/fifo_wreq/U_fifo_srl/SR[0]                                                                                              |                1 |              4 |         4.00 |
|  DPU_i/processing_system7_0/inst/FCLK_CLK0 | DPU_i/dpu_conv_top_0/inst/gmem0_0_m_axi_U/load_unit_0/fifo_rreq/mOutPtr[3]_i_1__28_n_0                                                                                                                   | DPU_i/dpu_conv_top_0/inst/gmem2_m_axi_U/store_unit_0/fifo_wreq/U_fifo_srl/SR[0]                                                                                              |                2 |              4 |         2.00 |
|  DPU_i/processing_system7_0/inst/FCLK_CLK0 | DPU_i/dpu_conv_top_0/inst/gmem1_0_m_axi_U/load_unit_0/bus_wide_gen.rreq_offset/U_fifo_srl/push                                                                                                           |                                                                                                                                                                              |                1 |              4 |         4.00 |
|  DPU_i/processing_system7_0/inst/FCLK_CLK0 | DPU_i/dpu_conv_top_0/inst/gmem0_2_m_axi_U/load_unit_0/bus_wide_gen.rreq_offset/U_fifo_srl/push                                                                                                           |                                                                                                                                                                              |                1 |              4 |         4.00 |
|  DPU_i/processing_system7_0/inst/FCLK_CLK0 | DPU_i/dpu_conv_top_0/inst/gmem1_0_m_axi_U/load_unit_0/bus_wide_gen.rreq_offset/U_fifo_srl/empty_n_reg_0[0]                                                                                               | DPU_i/dpu_conv_top_0/inst/gmem2_m_axi_U/store_unit_0/fifo_wreq/U_fifo_srl/SR[0]                                                                                              |                1 |              4 |         4.00 |
|  DPU_i/processing_system7_0/inst/FCLK_CLK0 | DPU_i/dpu_conv_top_0/inst/gmem0_2_m_axi_U/load_unit_0/bus_wide_gen.rreq_offset/U_fifo_srl/pop                                                                                                            | DPU_i/dpu_conv_top_0/inst/gmem2_m_axi_U/store_unit_0/fifo_wreq/U_fifo_srl/SR[0]                                                                                              |                1 |              4 |         4.00 |
|  DPU_i/processing_system7_0/inst/FCLK_CLK0 | DPU_i/dpu_conv_top_0/inst/gmem0_2_m_axi_U/load_unit_0/bus_wide_gen.rreq_offset/U_fifo_srl/empty_n_reg_0[0]                                                                                               | DPU_i/dpu_conv_top_0/inst/gmem2_m_axi_U/store_unit_0/fifo_wreq/U_fifo_srl/SR[0]                                                                                              |                2 |              4 |         2.00 |
|  DPU_i/processing_system7_0/inst/FCLK_CLK0 | DPU_i/dpu_conv_top_0/inst/gmem1_0_m_axi_U/load_unit_0/fifo_rreq/mOutPtr[3]_i_1__60_n_0                                                                                                                   | DPU_i/dpu_conv_top_0/inst/gmem2_m_axi_U/store_unit_0/fifo_wreq/U_fifo_srl/SR[0]                                                                                              |                2 |              4 |         2.00 |
|  DPU_i/processing_system7_0/inst/FCLK_CLK0 | DPU_i/dpu_conv_top_0/inst/gmem1_0_m_axi_U/load_unit_0/fifo_rreq/num_data_cnt[3]_i_1__60_n_0                                                                                                              | DPU_i/dpu_conv_top_0/inst/gmem2_m_axi_U/store_unit_0/fifo_wreq/U_fifo_srl/SR[0]                                                                                              |                3 |              4 |         1.33 |
|  DPU_i/processing_system7_0/inst/FCLK_CLK0 | DPU_i/dpu_conv_top_0/inst/gmem1_1_m_axi_U/load_unit_0/bus_wide_gen.rreq_offset/U_fifo_srl/pop                                                                                                            | DPU_i/dpu_conv_top_0/inst/gmem2_m_axi_U/store_unit_0/fifo_wreq/U_fifo_srl/SR[0]                                                                                              |                1 |              4 |         4.00 |
|  DPU_i/processing_system7_0/inst/FCLK_CLK0 | DPU_i/dpu_conv_top_0/inst/gmem1_1_m_axi_U/load_unit_0/bus_wide_gen.rreq_offset/U_fifo_srl/push                                                                                                           |                                                                                                                                                                              |                1 |              4 |         4.00 |
|  DPU_i/processing_system7_0/inst/FCLK_CLK0 | DPU_i/dpu_conv_top_0/inst/gmem1_1_m_axi_U/load_unit_0/bus_wide_gen.rreq_offset/U_fifo_srl/empty_n_reg_0[0]                                                                                               | DPU_i/dpu_conv_top_0/inst/gmem2_m_axi_U/store_unit_0/fifo_wreq/U_fifo_srl/SR[0]                                                                                              |                2 |              4 |         2.00 |
|  DPU_i/processing_system7_0/inst/FCLK_CLK0 | DPU_i/dpu_conv_top_0/inst/gmem0_2_m_axi_U/load_unit_0/fifo_rreq/mOutPtr[3]_i_1__20_n_0                                                                                                                   | DPU_i/dpu_conv_top_0/inst/gmem2_m_axi_U/store_unit_0/fifo_wreq/U_fifo_srl/SR[0]                                                                                              |                1 |              4 |         4.00 |
|  DPU_i/processing_system7_0/inst/FCLK_CLK0 | DPU_i/dpu_conv_top_0/inst/gmem0_2_m_axi_U/load_unit_0/fifo_rreq/num_data_cnt[3]_i_1__20_n_0                                                                                                              | DPU_i/dpu_conv_top_0/inst/gmem2_m_axi_U/store_unit_0/fifo_wreq/U_fifo_srl/SR[0]                                                                                              |                1 |              4 |         4.00 |
|  DPU_i/processing_system7_0/inst/FCLK_CLK0 | DPU_i/dpu_conv_top_0/inst/gmem1_1_m_axi_U/load_unit_0/fifo_rreq/mOutPtr[3]_i_1__56_n_0                                                                                                                   | DPU_i/dpu_conv_top_0/inst/gmem2_m_axi_U/store_unit_0/fifo_wreq/U_fifo_srl/SR[0]                                                                                              |                1 |              4 |         4.00 |
|  DPU_i/processing_system7_0/inst/FCLK_CLK0 | DPU_i/dpu_conv_top_0/inst/gmem1_1_m_axi_U/load_unit_0/fifo_rreq/num_data_cnt[3]_i_1__56_n_0                                                                                                              | DPU_i/dpu_conv_top_0/inst/gmem2_m_axi_U/store_unit_0/fifo_wreq/U_fifo_srl/SR[0]                                                                                              |                2 |              4 |         2.00 |
|  DPU_i/processing_system7_0/inst/FCLK_CLK0 | DPU_i/dpu_conv_top_0/inst/gmem0_5_m_axi_U/load_unit_0/bus_wide_gen.rs_rdata_int/pop                                                                                                                      | DPU_i/dpu_conv_top_0/inst/gmem2_m_axi_U/store_unit_0/fifo_wreq/U_fifo_srl/SR[0]                                                                                              |                1 |              4 |         4.00 |
|  DPU_i/processing_system7_0/inst/FCLK_CLK0 | DPU_i/dpu_conv_top_0/inst/gmem1_2_m_axi_U/load_unit_0/bus_wide_gen.rreq_offset/U_fifo_srl/pop                                                                                                            | DPU_i/dpu_conv_top_0/inst/gmem2_m_axi_U/store_unit_0/fifo_wreq/U_fifo_srl/SR[0]                                                                                              |                1 |              4 |         4.00 |
|  DPU_i/processing_system7_0/inst/FCLK_CLK0 | DPU_i/dpu_conv_top_0/inst/gmem0_5_m_axi_U/load_unit_0/fifo_rreq/num_data_cnt[3]_i_1__4_n_0                                                                                                               | DPU_i/dpu_conv_top_0/inst/gmem2_m_axi_U/store_unit_0/fifo_wreq/U_fifo_srl/SR[0]                                                                                              |                3 |              4 |         1.33 |
|  DPU_i/processing_system7_0/inst/FCLK_CLK0 | DPU_i/dpu_conv_top_0/inst/gmem1_2_m_axi_U/load_unit_0/bus_wide_gen.rreq_offset/U_fifo_srl/push                                                                                                           |                                                                                                                                                                              |                1 |              4 |         4.00 |
|  DPU_i/processing_system7_0/inst/FCLK_CLK0 | DPU_i/dpu_conv_top_0/inst/gmem1_2_m_axi_U/load_unit_0/bus_wide_gen.rreq_offset/U_fifo_srl/empty_n_reg_0[0]                                                                                               | DPU_i/dpu_conv_top_0/inst/gmem2_m_axi_U/store_unit_0/fifo_wreq/U_fifo_srl/SR[0]                                                                                              |                1 |              4 |         4.00 |
|  DPU_i/processing_system7_0/inst/FCLK_CLK0 | DPU_i/dpu_conv_top_0/inst/gmem1_2_m_axi_U/load_unit_0/fifo_rreq/num_data_cnt[3]_i_1__32_n_0                                                                                                              | DPU_i/dpu_conv_top_0/inst/gmem2_m_axi_U/store_unit_0/fifo_wreq/U_fifo_srl/SR[0]                                                                                              |                1 |              4 |         4.00 |
|  DPU_i/processing_system7_0/inst/FCLK_CLK0 | DPU_i/dpu_conv_top_0/inst/gmem1_2_m_axi_U/load_unit_0/fifo_rreq/mOutPtr[3]_i_1__32_n_0                                                                                                                   | DPU_i/dpu_conv_top_0/inst/gmem2_m_axi_U/store_unit_0/fifo_wreq/U_fifo_srl/SR[0]                                                                                              |                1 |              4 |         4.00 |
|  DPU_i/processing_system7_0/inst/FCLK_CLK0 | DPU_i/dpu_conv_top_0/inst/gmem1_6_m_axi_U/load_unit_0/bus_wide_gen.rreq_offset/U_fifo_srl/empty_n_reg_0[0]                                                                                               | DPU_i/dpu_conv_top_0/inst/gmem2_m_axi_U/store_unit_0/fifo_wreq/U_fifo_srl/SR[0]                                                                                              |                1 |              4 |         4.00 |
|  DPU_i/processing_system7_0/inst/FCLK_CLK0 | DPU_i/dpu_conv_top_0/inst/gmem0_7_m_axi_U/load_unit_0/fifo_rreq/num_data_cnt[3]_i_1__16_n_0                                                                                                              | DPU_i/dpu_conv_top_0/inst/gmem2_m_axi_U/store_unit_0/fifo_wreq/U_fifo_srl/SR[0]                                                                                              |                1 |              4 |         4.00 |
|  DPU_i/processing_system7_0/inst/FCLK_CLK0 | DPU_i/dpu_conv_top_0/inst/gmem1_3_m_axi_U/load_unit_0/bus_wide_gen.rreq_offset/U_fifo_srl/push                                                                                                           |                                                                                                                                                                              |                1 |              4 |         4.00 |
|  DPU_i/processing_system7_0/inst/FCLK_CLK0 | DPU_i/dpu_conv_top_0/inst/gmem0_7_m_axi_U/load_unit_0/fifo_rreq/mOutPtr[3]_i_1__16_n_0                                                                                                                   | DPU_i/dpu_conv_top_0/inst/gmem2_m_axi_U/store_unit_0/fifo_wreq/U_fifo_srl/SR[0]                                                                                              |                1 |              4 |         4.00 |
|  DPU_i/processing_system7_0/inst/FCLK_CLK0 | DPU_i/dpu_conv_top_0/inst/gmem1_3_m_axi_U/load_unit_0/bus_wide_gen.rreq_offset/U_fifo_srl/pop                                                                                                            | DPU_i/dpu_conv_top_0/inst/gmem2_m_axi_U/store_unit_0/fifo_wreq/U_fifo_srl/SR[0]                                                                                              |                1 |              4 |         4.00 |
|  DPU_i/processing_system7_0/inst/FCLK_CLK0 | DPU_i/dpu_conv_top_0/inst/gmem1_3_m_axi_U/load_unit_0/bus_wide_gen.rreq_offset/U_fifo_srl/empty_n_reg_0[0]                                                                                               | DPU_i/dpu_conv_top_0/inst/gmem2_m_axi_U/store_unit_0/fifo_wreq/U_fifo_srl/SR[0]                                                                                              |                1 |              4 |         4.00 |
|  DPU_i/processing_system7_0/inst/FCLK_CLK0 | DPU_i/dpu_conv_top_0/inst/gmem1_4_m_axi_U/load_unit_0/bus_wide_gen.rreq_offset/U_fifo_srl/pop                                                                                                            | DPU_i/dpu_conv_top_0/inst/gmem2_m_axi_U/store_unit_0/fifo_wreq/U_fifo_srl/SR[0]                                                                                              |                1 |              4 |         4.00 |
|  DPU_i/processing_system7_0/inst/FCLK_CLK0 | DPU_i/dpu_conv_top_0/inst/gmem1_4_m_axi_U/load_unit_0/bus_wide_gen.rreq_offset/U_fifo_srl/push                                                                                                           |                                                                                                                                                                              |                1 |              4 |         4.00 |
|  DPU_i/processing_system7_0/inst/FCLK_CLK0 | DPU_i/dpu_conv_top_0/inst/gmem1_4_m_axi_U/load_unit_0/bus_wide_gen.rreq_offset/U_fifo_srl/empty_n_reg_0[0]                                                                                               | DPU_i/dpu_conv_top_0/inst/gmem2_m_axi_U/store_unit_0/fifo_wreq/U_fifo_srl/SR[0]                                                                                              |                1 |              4 |         4.00 |
|  DPU_i/processing_system7_0/inst/FCLK_CLK0 | DPU_i/dpu_conv_top_0/inst/grp_dpu_conv_top_Pipeline_POOL_OC_POOL_H_POOL_W_fu_493/ap_loop_exit_ready_pp0_iter1_reg_i_2_n_0                                                                                | DPU_i/dpu_conv_top_0/inst/grp_dpu_conv_top_Pipeline_POOL_OC_POOL_H_POOL_W_fu_493/ap_NS_fsm1                                                                                  |                1 |              4 |         4.00 |
|  DPU_i/processing_system7_0/inst/FCLK_CLK0 | DPU_i/dpu_conv_top_0/inst/gmem1_4_m_axi_U/load_unit_0/fifo_rreq/num_data_cnt[3]_i_1__48_n_0                                                                                                              | DPU_i/dpu_conv_top_0/inst/gmem2_m_axi_U/store_unit_0/fifo_wreq/U_fifo_srl/SR[0]                                                                                              |                1 |              4 |         4.00 |
|  DPU_i/processing_system7_0/inst/FCLK_CLK0 | DPU_i/dpu_conv_top_0/inst/gmem1_4_m_axi_U/load_unit_0/fifo_rreq/mOutPtr[3]_i_1__48_n_0                                                                                                                   | DPU_i/dpu_conv_top_0/inst/gmem2_m_axi_U/store_unit_0/fifo_wreq/U_fifo_srl/SR[0]                                                                                              |                1 |              4 |         4.00 |
|  DPU_i/processing_system7_0/inst/FCLK_CLK0 | DPU_i/dpu_conv_top_0/inst/gmem1_5_m_axi_U/load_unit_0/bus_wide_gen.rreq_offset/U_fifo_srl/pop                                                                                                            | DPU_i/dpu_conv_top_0/inst/gmem2_m_axi_U/store_unit_0/fifo_wreq/U_fifo_srl/SR[0]                                                                                              |                1 |              4 |         4.00 |
|  DPU_i/processing_system7_0/inst/FCLK_CLK0 | DPU_i/dpu_conv_top_0/inst/gmem1_5_m_axi_U/load_unit_0/bus_wide_gen.rreq_offset/U_fifo_srl/push                                                                                                           |                                                                                                                                                                              |                1 |              4 |         4.00 |
|  DPU_i/processing_system7_0/inst/FCLK_CLK0 | DPU_i/dpu_conv_top_0/inst/gmem1_5_m_axi_U/load_unit_0/bus_wide_gen.rreq_offset/U_fifo_srl/empty_n_reg_0[0]                                                                                               | DPU_i/dpu_conv_top_0/inst/gmem2_m_axi_U/store_unit_0/fifo_wreq/U_fifo_srl/SR[0]                                                                                              |                2 |              4 |         2.00 |
|  DPU_i/processing_system7_0/inst/FCLK_CLK0 | DPU_i/dpu_conv_top_0/inst/gmem1_6_m_axi_U/load_unit_0/fifo_rreq/mOutPtr[3]_i_1__40_n_0                                                                                                                   | DPU_i/dpu_conv_top_0/inst/gmem2_m_axi_U/store_unit_0/fifo_wreq/U_fifo_srl/SR[0]                                                                                              |                1 |              4 |         4.00 |
|  DPU_i/processing_system7_0/inst/FCLK_CLK0 | DPU_i/dpu_conv_top_0/inst/gmem1_6_m_axi_U/load_unit_0/fifo_rreq/num_data_cnt[3]_i_1__40_n_0                                                                                                              | DPU_i/dpu_conv_top_0/inst/gmem2_m_axi_U/store_unit_0/fifo_wreq/U_fifo_srl/SR[0]                                                                                              |                2 |              4 |         2.00 |
|  DPU_i/processing_system7_0/inst/FCLK_CLK0 | DPU_i/dpu_conv_top_0/inst/gmem1_5_m_axi_U/load_unit_0/fifo_rreq/mOutPtr[3]_i_1__44_n_0                                                                                                                   | DPU_i/dpu_conv_top_0/inst/gmem2_m_axi_U/store_unit_0/fifo_wreq/U_fifo_srl/SR[0]                                                                                              |                1 |              4 |         4.00 |
|  DPU_i/processing_system7_0/inst/FCLK_CLK0 | DPU_i/dpu_conv_top_0/inst/gmem1_5_m_axi_U/load_unit_0/fifo_rreq/num_data_cnt[3]_i_1__44_n_0                                                                                                              | DPU_i/dpu_conv_top_0/inst/gmem2_m_axi_U/store_unit_0/fifo_wreq/U_fifo_srl/SR[0]                                                                                              |                1 |              4 |         4.00 |
|  DPU_i/processing_system7_0/inst/FCLK_CLK0 | DPU_i/dpu_conv_top_0/inst/gmem1_6_m_axi_U/load_unit_0/bus_wide_gen.rreq_offset/U_fifo_srl/pop                                                                                                            | DPU_i/dpu_conv_top_0/inst/gmem2_m_axi_U/store_unit_0/fifo_wreq/U_fifo_srl/SR[0]                                                                                              |                1 |              4 |         4.00 |
|  DPU_i/processing_system7_0/inst/FCLK_CLK0 | DPU_i/dpu_conv_top_0/inst/gmem1_6_m_axi_U/load_unit_0/bus_wide_gen.rreq_offset/U_fifo_srl/push                                                                                                           |                                                                                                                                                                              |                1 |              4 |         4.00 |
|  DPU_i/processing_system7_0/inst/FCLK_CLK0 | DPU_i/dpu_conv_top_0/inst/gmem0_7_m_axi_U/load_unit_0/bus_wide_gen.rreq_offset/U_fifo_srl/empty_n_reg_0[0]                                                                                               | DPU_i/dpu_conv_top_0/inst/gmem2_m_axi_U/store_unit_0/fifo_wreq/U_fifo_srl/SR[0]                                                                                              |                1 |              4 |         4.00 |
|  DPU_i/processing_system7_0/inst/FCLK_CLK0 | DPU_i/dpu_conv_top_0/inst/grp_conv3x3_relu_fu_393/grp_conv3x3_relu_Pipeline_OH_LOOP_OW_LOOP_IC_LOOP_fu_352/ap_enable_reg_pp0_iter1_reg_0[0]                                                              | DPU_i/dpu_conv_top_0/inst/gmem2_m_axi_U/store_unit_0/fifo_wreq/U_fifo_srl/SR[0]                                                                                              |                2 |              4 |         2.00 |
|  DPU_i/processing_system7_0/inst/FCLK_CLK0 | DPU_i/dpu_conv_top_0/inst/gmem1_m_axi_U/load_unit_0/fifo_rreq/mOutPtr[3]_i_1__63_n_0                                                                                                                     | DPU_i/dpu_conv_top_0/inst/gmem2_m_axi_U/store_unit_0/fifo_wreq/U_fifo_srl/SR[0]                                                                                              |                1 |              4 |         4.00 |
|  DPU_i/processing_system7_0/inst/FCLK_CLK0 | DPU_i/dpu_conv_top_0/inst/gmem1_m_axi_U/load_unit_0/fifo_rreq/num_data_cnt[3]_i_1__63_n_0                                                                                                                | DPU_i/dpu_conv_top_0/inst/gmem2_m_axi_U/store_unit_0/fifo_wreq/U_fifo_srl/SR[0]                                                                                              |                1 |              4 |         4.00 |
|  DPU_i/processing_system7_0/inst/FCLK_CLK0 | DPU_i/dpu_conv_top_0/inst/gmem0_m_axi_U/store_unit_0/conservative_gen.fifo_burst/mOutPtr[4]_i_1__49_n_0                                                                                                  | DPU_i/dpu_conv_top_0/inst/gmem2_m_axi_U/store_unit_0/fifo_wreq/U_fifo_srl/SR[0]                                                                                              |                1 |              5 |         5.00 |
|  DPU_i/processing_system7_0/inst/FCLK_CLK0 | DPU_i/dpu_conv_top_0/inst/gmem0_4_m_axi_U/load_unit_0/bus_wide_gen.rreq_offset/U_fifo_srl/full_n_reg_1[0]                                                                                                | DPU_i/dpu_conv_top_0/inst/gmem2_m_axi_U/store_unit_0/fifo_wreq/U_fifo_srl/SR[0]                                                                                              |                1 |              5 |         5.00 |
|  DPU_i/processing_system7_0/inst/FCLK_CLK0 | DPU_i/dpu_conv_top_0/inst/gmem0_5_m_axi_U/load_unit_0/bus_wide_gen.rreq_offset/mOutPtr[4]_i_1__2_n_0                                                                                                     | DPU_i/dpu_conv_top_0/inst/gmem2_m_axi_U/store_unit_0/fifo_wreq/U_fifo_srl/SR[0]                                                                                              |                2 |              5 |         2.50 |
|  DPU_i/processing_system7_0/inst/FCLK_CLK0 | DPU_i/dpu_conv_top_0/inst/gmem0_5_m_axi_U/load_unit_0/bus_wide_gen.rreq_offset/num_data_cnt[4]_i_1__2_n_0                                                                                                | DPU_i/dpu_conv_top_0/inst/gmem2_m_axi_U/store_unit_0/fifo_wreq/U_fifo_srl/SR[0]                                                                                              |                2 |              5 |         2.50 |
|  DPU_i/processing_system7_0/inst/FCLK_CLK0 | DPU_i/dpu_conv_top_0/inst/gmem0_4_m_axi_U/bus_read/ost_ctrl_gen[0].fifo_rctl/mOutPtr                                                                                                                     | DPU_i/dpu_conv_top_0/inst/gmem2_m_axi_U/store_unit_0/fifo_wreq/U_fifo_srl/SR[0]                                                                                              |                2 |              5 |         2.50 |
|  DPU_i/processing_system7_0/inst/FCLK_CLK0 | DPU_i/dpu_conv_top_0/inst/gmem0_4_m_axi_U/bus_read/ost_ctrl_gen[0].fifo_rctl/num_data_cnt                                                                                                                | DPU_i/dpu_conv_top_0/inst/gmem2_m_axi_U/store_unit_0/fifo_wreq/U_fifo_srl/SR[0]                                                                                              |                1 |              5 |         5.00 |
|  DPU_i/processing_system7_0/inst/FCLK_CLK0 | DPU_i/dpu_conv_top_0/inst/gmem1_1_m_axi_U/load_unit_0/bus_wide_gen.rreq_offset/U_fifo_srl/full_n_reg_1[0]                                                                                                | DPU_i/dpu_conv_top_0/inst/gmem2_m_axi_U/store_unit_0/fifo_wreq/U_fifo_srl/SR[0]                                                                                              |                1 |              5 |         5.00 |
|  DPU_i/processing_system7_0/inst/FCLK_CLK0 | DPU_i/dpu_conv_top_0/inst/gmem1_7_m_axi_U/bus_read/ost_ctrl_gen[0].fifo_rctl/num_data_cnt                                                                                                                | DPU_i/dpu_conv_top_0/inst/gmem2_m_axi_U/store_unit_0/fifo_wreq/U_fifo_srl/SR[0]                                                                                              |                1 |              5 |         5.00 |
|  DPU_i/processing_system7_0/inst/FCLK_CLK0 | DPU_i/dpu_conv_top_0/inst/gmem1_7_m_axi_U/bus_read/ost_ctrl_gen[0].fifo_rctl/mOutPtr                                                                                                                     | DPU_i/dpu_conv_top_0/inst/gmem2_m_axi_U/store_unit_0/fifo_wreq/U_fifo_srl/SR[0]                                                                                              |                1 |              5 |         5.00 |
|  DPU_i/processing_system7_0/inst/FCLK_CLK0 | DPU_i/dpu_conv_top_0/inst/gmem0_m_axi_U/store_unit_0/conservative_gen.fifo_burst/num_data_cnt[4]_i_1__49_n_0                                                                                             | DPU_i/dpu_conv_top_0/inst/gmem2_m_axi_U/store_unit_0/fifo_wreq/U_fifo_srl/SR[0]                                                                                              |                2 |              5 |         2.50 |
|  DPU_i/processing_system7_0/inst/FCLK_CLK0 | DPU_i/dpu_conv_top_0/inst/gmem0_5_m_axi_U/bus_read/ost_ctrl_gen[0].fifo_rctl/num_data_cnt                                                                                                                | DPU_i/dpu_conv_top_0/inst/gmem2_m_axi_U/store_unit_0/fifo_wreq/U_fifo_srl/SR[0]                                                                                              |                2 |              5 |         2.50 |
|  DPU_i/processing_system7_0/inst/FCLK_CLK0 | DPU_i/dpu_conv_top_0/inst/gmem1_4_m_axi_U/load_unit_0/bus_wide_gen.rreq_offset/U_fifo_srl/full_n_reg_1[0]                                                                                                | DPU_i/dpu_conv_top_0/inst/gmem2_m_axi_U/store_unit_0/fifo_wreq/U_fifo_srl/SR[0]                                                                                              |                1 |              5 |         5.00 |
|  DPU_i/processing_system7_0/inst/FCLK_CLK0 | DPU_i/dpu_conv_top_0/inst/gmem0_m_axi_U/bus_write/fifo_resp_gen[0].fifo_resp/U_fifo_srl/E[0]                                                                                                             | DPU_i/dpu_conv_top_0/inst/gmem2_m_axi_U/store_unit_0/fifo_wreq/U_fifo_srl/SR[0]                                                                                              |                2 |              5 |         2.50 |
|  DPU_i/processing_system7_0/inst/FCLK_CLK0 | DPU_i/dpu_conv_top_0/inst/gmem1_4_m_axi_U/load_unit_0/bus_wide_gen.rreq_offset/U_fifo_srl/E[0]                                                                                                           | DPU_i/dpu_conv_top_0/inst/gmem2_m_axi_U/store_unit_0/fifo_wreq/U_fifo_srl/SR[0]                                                                                              |                1 |              5 |         5.00 |
|  DPU_i/processing_system7_0/inst/FCLK_CLK0 | DPU_i/dpu_conv_top_0/inst/gmem0_7_m_axi_U/bus_read/ost_ctrl_gen[0].fifo_rctl/mOutPtr                                                                                                                     | DPU_i/dpu_conv_top_0/inst/gmem2_m_axi_U/store_unit_0/fifo_wreq/U_fifo_srl/SR[0]                                                                                              |                2 |              5 |         2.50 |
|  DPU_i/processing_system7_0/inst/FCLK_CLK0 | DPU_i/dpu_conv_top_0/inst/gmem1_0_m_axi_U/load_unit_0/bus_wide_gen.rreq_offset/U_fifo_srl/E[0]                                                                                                           | DPU_i/dpu_conv_top_0/inst/gmem2_m_axi_U/store_unit_0/fifo_wreq/U_fifo_srl/SR[0]                                                                                              |                1 |              5 |         5.00 |
|  DPU_i/processing_system7_0/inst/FCLK_CLK0 | DPU_i/dpu_conv_top_0/inst/gmem1_0_m_axi_U/load_unit_0/bus_wide_gen.rreq_offset/U_fifo_srl/full_n_reg_1[0]                                                                                                | DPU_i/dpu_conv_top_0/inst/gmem2_m_axi_U/store_unit_0/fifo_wreq/U_fifo_srl/SR[0]                                                                                              |                1 |              5 |         5.00 |
|  DPU_i/processing_system7_0/inst/FCLK_CLK0 | DPU_i/dpu_conv_top_0/inst/gmem1_5_m_axi_U/bus_read/ost_ctrl_gen[0].fifo_rctl/num_data_cnt                                                                                                                | DPU_i/dpu_conv_top_0/inst/gmem2_m_axi_U/store_unit_0/fifo_wreq/U_fifo_srl/SR[0]                                                                                              |                2 |              5 |         2.50 |
|  DPU_i/processing_system7_0/inst/FCLK_CLK0 | DPU_i/dpu_conv_top_0/inst/gmem1_5_m_axi_U/bus_read/ost_ctrl_gen[0].fifo_rctl/mOutPtr                                                                                                                     | DPU_i/dpu_conv_top_0/inst/gmem2_m_axi_U/store_unit_0/fifo_wreq/U_fifo_srl/SR[0]                                                                                              |                2 |              5 |         2.50 |
|  DPU_i/processing_system7_0/inst/FCLK_CLK0 | DPU_i/dpu_conv_top_0/inst/gmem0_0_m_axi_U/bus_read/ost_ctrl_gen[0].fifo_rctl/num_data_cnt                                                                                                                | DPU_i/dpu_conv_top_0/inst/gmem2_m_axi_U/store_unit_0/fifo_wreq/U_fifo_srl/SR[0]                                                                                              |                1 |              5 |         5.00 |
|  DPU_i/processing_system7_0/inst/FCLK_CLK0 | DPU_i/dpu_conv_top_0/inst/gmem0_0_m_axi_U/bus_read/ost_ctrl_gen[0].fifo_rctl/mOutPtr                                                                                                                     | DPU_i/dpu_conv_top_0/inst/gmem2_m_axi_U/store_unit_0/fifo_wreq/U_fifo_srl/SR[0]                                                                                              |                2 |              5 |         2.50 |
|  DPU_i/processing_system7_0/inst/FCLK_CLK0 | DPU_i/dpu_conv_top_0/inst/gmem1_1_m_axi_U/bus_read/ost_ctrl_gen[0].fifo_rctl/num_data_cnt                                                                                                                | DPU_i/dpu_conv_top_0/inst/gmem2_m_axi_U/store_unit_0/fifo_wreq/U_fifo_srl/SR[0]                                                                                              |                2 |              5 |         2.50 |
|  DPU_i/processing_system7_0/inst/FCLK_CLK0 | DPU_i/dpu_conv_top_0/inst/gmem0_m_axi_U/store_unit_0/bus_wide_gen.wreq_offset/mOutPtr[4]_i_1__50_n_0                                                                                                     | DPU_i/dpu_conv_top_0/inst/gmem2_m_axi_U/store_unit_0/fifo_wreq/U_fifo_srl/SR[0]                                                                                              |                1 |              5 |         5.00 |
|  DPU_i/processing_system7_0/inst/FCLK_CLK0 | DPU_i/dpu_conv_top_0/inst/gmem1_4_m_axi_U/bus_read/ost_ctrl_gen[0].fifo_rctl/mOutPtr                                                                                                                     | DPU_i/dpu_conv_top_0/inst/gmem2_m_axi_U/store_unit_0/fifo_wreq/U_fifo_srl/SR[0]                                                                                              |                2 |              5 |         2.50 |
|  DPU_i/processing_system7_0/inst/FCLK_CLK0 | DPU_i/dpu_conv_top_0/inst/gmem1_4_m_axi_U/bus_read/ost_ctrl_gen[0].fifo_rctl/num_data_cnt                                                                                                                | DPU_i/dpu_conv_top_0/inst/gmem2_m_axi_U/store_unit_0/fifo_wreq/U_fifo_srl/SR[0]                                                                                              |                2 |              5 |         2.50 |
|  DPU_i/processing_system7_0/inst/FCLK_CLK0 | DPU_i/dpu_conv_top_0/inst/gmem0_1_m_axi_U/bus_read/ost_ctrl_gen[0].fifo_rctl/mOutPtr                                                                                                                     | DPU_i/dpu_conv_top_0/inst/gmem2_m_axi_U/store_unit_0/fifo_wreq/U_fifo_srl/SR[0]                                                                                              |                1 |              5 |         5.00 |
|  DPU_i/processing_system7_0/inst/FCLK_CLK0 | DPU_i/dpu_conv_top_0/inst/gmem0_1_m_axi_U/bus_read/ost_ctrl_gen[0].fifo_rctl/num_data_cnt                                                                                                                | DPU_i/dpu_conv_top_0/inst/gmem2_m_axi_U/store_unit_0/fifo_wreq/U_fifo_srl/SR[0]                                                                                              |                1 |              5 |         5.00 |
|  DPU_i/processing_system7_0/inst/FCLK_CLK0 | DPU_i/dpu_conv_top_0/inst/gmem1_1_m_axi_U/bus_read/ost_ctrl_gen[0].fifo_rctl/mOutPtr                                                                                                                     | DPU_i/dpu_conv_top_0/inst/gmem2_m_axi_U/store_unit_0/fifo_wreq/U_fifo_srl/SR[0]                                                                                              |                1 |              5 |         5.00 |
|  DPU_i/processing_system7_0/inst/FCLK_CLK0 | DPU_i/dpu_conv_top_0/inst/gmem1_3_m_axi_U/load_unit_0/bus_wide_gen.rreq_offset/U_fifo_srl/full_n_reg_1[0]                                                                                                | DPU_i/dpu_conv_top_0/inst/gmem2_m_axi_U/store_unit_0/fifo_wreq/U_fifo_srl/SR[0]                                                                                              |                1 |              5 |         5.00 |
|  DPU_i/processing_system7_0/inst/FCLK_CLK0 | DPU_i/dpu_conv_top_0/inst/gmem1_5_m_axi_U/load_unit_0/bus_wide_gen.rreq_offset/U_fifo_srl/E[0]                                                                                                           | DPU_i/dpu_conv_top_0/inst/gmem2_m_axi_U/store_unit_0/fifo_wreq/U_fifo_srl/SR[0]                                                                                              |                1 |              5 |         5.00 |
|  DPU_i/processing_system7_0/inst/FCLK_CLK0 | DPU_i/dpu_conv_top_0/inst/gmem0_m_axi_U/store_unit_0/buff_wdata/mOutPtr[4]_i_1__51_n_0                                                                                                                   | DPU_i/dpu_conv_top_0/inst/gmem2_m_axi_U/store_unit_0/fifo_wreq/U_fifo_srl/SR[0]                                                                                              |                2 |              5 |         2.50 |
|  DPU_i/processing_system7_0/inst/FCLK_CLK0 | DPU_i/dpu_conv_top_0/inst/gmem0_6_m_axi_U/load_unit_0/bus_wide_gen.rreq_offset/num_data_cnt[4]_i_1_n_0                                                                                                   | DPU_i/dpu_conv_top_0/inst/gmem2_m_axi_U/store_unit_0/fifo_wreq/U_fifo_srl/SR[0]                                                                                              |                1 |              5 |         5.00 |
|  DPU_i/processing_system7_0/inst/FCLK_CLK0 | DPU_i/dpu_conv_top_0/inst/gmem1_5_m_axi_U/load_unit_0/bus_wide_gen.rreq_offset/U_fifo_srl/full_n_reg_1[0]                                                                                                | DPU_i/dpu_conv_top_0/inst/gmem2_m_axi_U/store_unit_0/fifo_wreq/U_fifo_srl/SR[0]                                                                                              |                1 |              5 |         5.00 |
|  DPU_i/processing_system7_0/inst/FCLK_CLK0 | DPU_i/dpu_conv_top_0/inst/gmem0_m_axi_U/store_unit_0/buff_wdata/num_data_cnt[4]_i_1__51_n_0                                                                                                              | DPU_i/dpu_conv_top_0/inst/gmem2_m_axi_U/store_unit_0/fifo_wreq/U_fifo_srl/SR[0]                                                                                              |                2 |              5 |         2.50 |
|  DPU_i/processing_system7_0/inst/FCLK_CLK0 | DPU_i/dpu_conv_top_0/inst/gmem0_4_m_axi_U/load_unit_0/bus_wide_gen.rreq_offset/U_fifo_srl/E[0]                                                                                                           | DPU_i/dpu_conv_top_0/inst/gmem2_m_axi_U/store_unit_0/fifo_wreq/U_fifo_srl/SR[0]                                                                                              |                1 |              5 |         5.00 |
|  DPU_i/processing_system7_0/inst/FCLK_CLK0 | DPU_i/dpu_conv_top_0/inst/gmem1_6_m_axi_U/bus_read/ost_ctrl_gen[0].fifo_rctl/num_data_cnt                                                                                                                | DPU_i/dpu_conv_top_0/inst/gmem2_m_axi_U/store_unit_0/fifo_wreq/U_fifo_srl/SR[0]                                                                                              |                2 |              5 |         2.50 |
|  DPU_i/processing_system7_0/inst/FCLK_CLK0 | DPU_i/dpu_conv_top_0/inst/gmem0_1_m_axi_U/load_unit_0/bus_wide_gen.rreq_offset/U_fifo_srl/E[0]                                                                                                           | DPU_i/dpu_conv_top_0/inst/gmem2_m_axi_U/store_unit_0/fifo_wreq/U_fifo_srl/SR[0]                                                                                              |                2 |              5 |         2.50 |
|  DPU_i/processing_system7_0/inst/FCLK_CLK0 | DPU_i/dpu_conv_top_0/inst/gmem0_1_m_axi_U/load_unit_0/bus_wide_gen.rreq_offset/U_fifo_srl/full_n_reg_1[0]                                                                                                | DPU_i/dpu_conv_top_0/inst/gmem2_m_axi_U/store_unit_0/fifo_wreq/U_fifo_srl/SR[0]                                                                                              |                1 |              5 |         5.00 |
|  DPU_i/processing_system7_0/inst/FCLK_CLK0 | DPU_i/dpu_conv_top_0/inst/gmem0_6_m_axi_U/load_unit_0/bus_wide_gen.rreq_offset/mOutPtr[4]_i_1_n_0                                                                                                        | DPU_i/dpu_conv_top_0/inst/gmem2_m_axi_U/store_unit_0/fifo_wreq/U_fifo_srl/SR[0]                                                                                              |                1 |              5 |         5.00 |
|  DPU_i/processing_system7_0/inst/FCLK_CLK0 | DPU_i/dpu_conv_top_0/inst/gmem1_6_m_axi_U/bus_read/ost_ctrl_gen[0].fifo_rctl/mOutPtr                                                                                                                     | DPU_i/dpu_conv_top_0/inst/gmem2_m_axi_U/store_unit_0/fifo_wreq/U_fifo_srl/SR[0]                                                                                              |                2 |              5 |         2.50 |
|  DPU_i/processing_system7_0/inst/FCLK_CLK0 | DPU_i/dpu_conv_top_0/inst/gmem1_2_m_axi_U/bus_read/ost_ctrl_gen[0].fifo_rctl/mOutPtr                                                                                                                     | DPU_i/dpu_conv_top_0/inst/gmem2_m_axi_U/store_unit_0/fifo_wreq/U_fifo_srl/SR[0]                                                                                              |                1 |              5 |         5.00 |
|  DPU_i/processing_system7_0/inst/FCLK_CLK0 | DPU_i/dpu_conv_top_0/inst/gmem0_2_m_axi_U/bus_read/ost_ctrl_gen[0].fifo_rctl/mOutPtr                                                                                                                     | DPU_i/dpu_conv_top_0/inst/gmem2_m_axi_U/store_unit_0/fifo_wreq/U_fifo_srl/SR[0]                                                                                              |                1 |              5 |         5.00 |
|  DPU_i/processing_system7_0/inst/FCLK_CLK0 | DPU_i/dpu_conv_top_0/inst/gmem0_2_m_axi_U/bus_read/ost_ctrl_gen[0].fifo_rctl/num_data_cnt                                                                                                                | DPU_i/dpu_conv_top_0/inst/gmem2_m_axi_U/store_unit_0/fifo_wreq/U_fifo_srl/SR[0]                                                                                              |                2 |              5 |         2.50 |
|  DPU_i/processing_system7_0/inst/FCLK_CLK0 | DPU_i/dpu_conv_top_0/inst/gmem0_m_axi_U/store_unit_0/bus_wide_gen.wreq_offset/num_data_cnt[4]_i_1__50_n_0                                                                                                | DPU_i/dpu_conv_top_0/inst/gmem2_m_axi_U/store_unit_0/fifo_wreq/U_fifo_srl/SR[0]                                                                                              |                1 |              5 |         5.00 |
|  DPU_i/processing_system7_0/inst/FCLK_CLK0 | DPU_i/dpu_conv_top_0/inst/gmem0_m_axi_U/bus_write/wreq_throttle/fifo_burst_gen[0].fifo_req/num_data_cnt[4]_i_1__54_n_0                                                                                   | DPU_i/dpu_conv_top_0/inst/gmem2_m_axi_U/store_unit_0/fifo_wreq/U_fifo_srl/SR[0]                                                                                              |                3 |              5 |         1.67 |
|  DPU_i/processing_system7_0/inst/FCLK_CLK0 | DPU_i/dpu_conv_top_0/inst/CTRL_s_axi_U/ar_hs                                                                                                                                                             | DPU_i/dpu_conv_top_0/inst/CTRL_s_axi_U/rdata[6]_i_1_n_0                                                                                                                      |                3 |              5 |         1.67 |
|  DPU_i/processing_system7_0/inst/FCLK_CLK0 | DPU_i/dpu_conv_top_0/inst/gmem1_2_m_axi_U/bus_read/ost_ctrl_gen[0].fifo_rctl/num_data_cnt                                                                                                                | DPU_i/dpu_conv_top_0/inst/gmem2_m_axi_U/store_unit_0/fifo_wreq/U_fifo_srl/SR[0]                                                                                              |                2 |              5 |         2.50 |
|  DPU_i/processing_system7_0/inst/FCLK_CLK0 | DPU_i/dpu_conv_top_0/inst/gmem1_3_m_axi_U/load_unit_0/bus_wide_gen.rreq_offset/U_fifo_srl/E[0]                                                                                                           | DPU_i/dpu_conv_top_0/inst/gmem2_m_axi_U/store_unit_0/fifo_wreq/U_fifo_srl/SR[0]                                                                                              |                1 |              5 |         5.00 |
|  DPU_i/processing_system7_0/inst/FCLK_CLK0 | DPU_i/dpu_conv_top_0/inst/gmem0_m_axi_U/bus_write/fifo_resp_gen[0].fifo_resp/U_fifo_srl/full_n_reg[0]                                                                                                    | DPU_i/dpu_conv_top_0/inst/gmem2_m_axi_U/store_unit_0/fifo_wreq/U_fifo_srl/SR[0]                                                                                              |                1 |              5 |         5.00 |
|  DPU_i/processing_system7_0/inst/FCLK_CLK0 | DPU_i/dpu_conv_top_0/inst/gmem1_6_m_axi_U/load_unit_0/bus_wide_gen.rreq_offset/U_fifo_srl/E[0]                                                                                                           | DPU_i/dpu_conv_top_0/inst/gmem2_m_axi_U/store_unit_0/fifo_wreq/U_fifo_srl/SR[0]                                                                                              |                1 |              5 |         5.00 |
|  DPU_i/processing_system7_0/inst/FCLK_CLK0 | DPU_i/dpu_conv_top_0/inst/gmem1_6_m_axi_U/load_unit_0/bus_wide_gen.rreq_offset/U_fifo_srl/full_n_reg_1[0]                                                                                                | DPU_i/dpu_conv_top_0/inst/gmem2_m_axi_U/store_unit_0/fifo_wreq/U_fifo_srl/SR[0]                                                                                              |                2 |              5 |         2.50 |
|  DPU_i/processing_system7_0/inst/FCLK_CLK0 | DPU_i/dpu_conv_top_0/inst/gmem0_5_m_axi_U/bus_read/ost_ctrl_gen[0].fifo_rctl/mOutPtr                                                                                                                     | DPU_i/dpu_conv_top_0/inst/gmem2_m_axi_U/store_unit_0/fifo_wreq/U_fifo_srl/SR[0]                                                                                              |                2 |              5 |         2.50 |
|  DPU_i/processing_system7_0/inst/FCLK_CLK0 | DPU_i/dpu_conv_top_0/inst/gmem1_m_axi_U/bus_read/ost_ctrl_gen[0].fifo_rctl/num_data_cnt                                                                                                                  | DPU_i/dpu_conv_top_0/inst/gmem2_m_axi_U/store_unit_0/fifo_wreq/U_fifo_srl/SR[0]                                                                                              |                1 |              5 |         5.00 |
|  DPU_i/processing_system7_0/inst/FCLK_CLK0 | DPU_i/dpu_conv_top_0/inst/gmem1_m_axi_U/bus_read/ost_ctrl_gen[0].fifo_rctl/mOutPtr                                                                                                                       | DPU_i/dpu_conv_top_0/inst/gmem2_m_axi_U/store_unit_0/fifo_wreq/U_fifo_srl/SR[0]                                                                                              |                2 |              5 |         2.50 |
|  DPU_i/processing_system7_0/inst/FCLK_CLK0 | DPU_i/dpu_conv_top_0/inst/gmem2_m_axi_U/store_unit_0/buff_wdata/mOutPtr[4]_i_1__59_n_0                                                                                                                   | DPU_i/dpu_conv_top_0/inst/gmem2_m_axi_U/store_unit_0/fifo_wreq/U_fifo_srl/SR[0]                                                                                              |                2 |              5 |         2.50 |
|  DPU_i/processing_system7_0/inst/FCLK_CLK0 | DPU_i/dpu_conv_top_0/inst/gmem2_m_axi_U/store_unit_0/buff_wdata/num_data_cnt[4]_i_1__59_n_0                                                                                                              | DPU_i/dpu_conv_top_0/inst/gmem2_m_axi_U/store_unit_0/fifo_wreq/U_fifo_srl/SR[0]                                                                                              |                3 |              5 |         1.67 |
|  DPU_i/processing_system7_0/inst/FCLK_CLK0 | DPU_i/dpu_conv_top_0/inst/gmem0_2_m_axi_U/load_unit_0/bus_wide_gen.rreq_offset/U_fifo_srl/E[0]                                                                                                           | DPU_i/dpu_conv_top_0/inst/gmem2_m_axi_U/store_unit_0/fifo_wreq/U_fifo_srl/SR[0]                                                                                              |                1 |              5 |         5.00 |
|  DPU_i/processing_system7_0/inst/FCLK_CLK0 | DPU_i/dpu_conv_top_0/inst/gmem0_2_m_axi_U/load_unit_0/bus_wide_gen.rreq_offset/U_fifo_srl/full_n_reg_1[0]                                                                                                | DPU_i/dpu_conv_top_0/inst/gmem2_m_axi_U/store_unit_0/fifo_wreq/U_fifo_srl/SR[0]                                                                                              |                1 |              5 |         5.00 |
|  DPU_i/processing_system7_0/inst/FCLK_CLK0 | DPU_i/dpu_conv_top_0/inst/gmem2_m_axi_U/bus_read/ost_ctrl_gen[0].fifo_rctl/mOutPtr                                                                                                                       | DPU_i/dpu_conv_top_0/inst/gmem2_m_axi_U/store_unit_0/fifo_wreq/U_fifo_srl/SR[0]                                                                                              |                2 |              5 |         2.50 |
|  DPU_i/processing_system7_0/inst/FCLK_CLK0 | DPU_i/dpu_conv_top_0/inst/gmem0_0_m_axi_U/load_unit_0/bus_wide_gen.rreq_offset/U_fifo_srl/full_n_reg_1[0]                                                                                                | DPU_i/dpu_conv_top_0/inst/gmem2_m_axi_U/store_unit_0/fifo_wreq/U_fifo_srl/SR[0]                                                                                              |                1 |              5 |         5.00 |
|  DPU_i/processing_system7_0/inst/FCLK_CLK0 | DPU_i/dpu_conv_top_0/inst/gmem0_6_m_axi_U/bus_read/ost_ctrl_gen[0].fifo_rctl/mOutPtr                                                                                                                     | DPU_i/dpu_conv_top_0/inst/gmem2_m_axi_U/store_unit_0/fifo_wreq/U_fifo_srl/SR[0]                                                                                              |                1 |              5 |         5.00 |
|  DPU_i/processing_system7_0/inst/FCLK_CLK0 | DPU_i/dpu_conv_top_0/inst/gmem0_6_m_axi_U/bus_read/ost_ctrl_gen[0].fifo_rctl/num_data_cnt                                                                                                                | DPU_i/dpu_conv_top_0/inst/gmem2_m_axi_U/store_unit_0/fifo_wreq/U_fifo_srl/SR[0]                                                                                              |                2 |              5 |         2.50 |
|  DPU_i/processing_system7_0/inst/FCLK_CLK0 | DPU_i/dpu_conv_top_0/inst/gmem0_3_m_axi_U/bus_read/ost_ctrl_gen[0].fifo_rctl/num_data_cnt                                                                                                                | DPU_i/dpu_conv_top_0/inst/gmem2_m_axi_U/store_unit_0/fifo_wreq/U_fifo_srl/SR[0]                                                                                              |                2 |              5 |         2.50 |
|  DPU_i/processing_system7_0/inst/FCLK_CLK0 | DPU_i/dpu_conv_top_0/inst/gmem0_3_m_axi_U/bus_read/ost_ctrl_gen[0].fifo_rctl/mOutPtr                                                                                                                     | DPU_i/dpu_conv_top_0/inst/gmem2_m_axi_U/store_unit_0/fifo_wreq/U_fifo_srl/SR[0]                                                                                              |                1 |              5 |         5.00 |
|  DPU_i/processing_system7_0/inst/FCLK_CLK0 | DPU_i/dpu_conv_top_0/inst/gmem2_m_axi_U/bus_write/fifo_resp_gen[0].fifo_resp/U_fifo_srl/E[0]                                                                                                             | DPU_i/dpu_conv_top_0/inst/gmem2_m_axi_U/store_unit_0/fifo_wreq/U_fifo_srl/SR[0]                                                                                              |                2 |              5 |         2.50 |
|  DPU_i/processing_system7_0/inst/FCLK_CLK0 | DPU_i/dpu_conv_top_0/inst/gmem2_m_axi_U/bus_write/fifo_resp_gen[0].fifo_resp/mOutPtr[4]_i_1__62_n_0                                                                                                      | DPU_i/dpu_conv_top_0/inst/gmem2_m_axi_U/store_unit_0/fifo_wreq/U_fifo_srl/SR[0]                                                                                              |                1 |              5 |         5.00 |
|  DPU_i/processing_system7_0/inst/FCLK_CLK0 | DPU_i/dpu_conv_top_0/inst/gmem2_m_axi_U/bus_write/wreq_throttle/fifo_burst_gen[0].fifo_req/num_data_cnt[4]_i_1__60_n_0                                                                                   | DPU_i/dpu_conv_top_0/inst/gmem2_m_axi_U/store_unit_0/fifo_wreq/U_fifo_srl/SR[0]                                                                                              |                2 |              5 |         2.50 |
|  DPU_i/processing_system7_0/inst/FCLK_CLK0 | DPU_i/dpu_conv_top_0/inst/gmem0_7_m_axi_U/bus_read/ost_ctrl_gen[0].fifo_rctl/num_data_cnt                                                                                                                | DPU_i/dpu_conv_top_0/inst/gmem2_m_axi_U/store_unit_0/fifo_wreq/U_fifo_srl/SR[0]                                                                                              |                1 |              5 |         5.00 |
|  DPU_i/processing_system7_0/inst/FCLK_CLK0 | DPU_i/dpu_conv_top_0/inst/gmem2_m_axi_U/bus_write/wreq_throttle/fifo_burst_gen[0].fifo_req/mOutPtr[4]_i_1__60_n_0                                                                                        | DPU_i/dpu_conv_top_0/inst/gmem2_m_axi_U/store_unit_0/fifo_wreq/U_fifo_srl/SR[0]                                                                                              |                2 |              5 |         2.50 |
|  DPU_i/processing_system7_0/inst/FCLK_CLK0 | DPU_i/dpu_conv_top_0/inst/gmem1_1_m_axi_U/load_unit_0/bus_wide_gen.rreq_offset/U_fifo_srl/E[0]                                                                                                           | DPU_i/dpu_conv_top_0/inst/gmem2_m_axi_U/store_unit_0/fifo_wreq/U_fifo_srl/SR[0]                                                                                              |                2 |              5 |         2.50 |
|  DPU_i/processing_system7_0/inst/FCLK_CLK0 | DPU_i/dpu_conv_top_0/inst/gmem0_m_axi_U/bus_write/wreq_throttle/fifo_burst_gen[0].fifo_req/mOutPtr[4]_i_1__54_n_0                                                                                        | DPU_i/dpu_conv_top_0/inst/gmem2_m_axi_U/store_unit_0/fifo_wreq/U_fifo_srl/SR[0]                                                                                              |                2 |              5 |         2.50 |
|  DPU_i/processing_system7_0/inst/FCLK_CLK0 | DPU_i/dpu_conv_top_0/inst/gmem2_m_axi_U/store_unit_0/fifo_wrsp/U_fifo_srl/full_n_reg[0]                                                                                                                  | DPU_i/dpu_conv_top_0/inst/gmem2_m_axi_U/store_unit_0/fifo_wreq/U_fifo_srl/SR[0]                                                                                              |                2 |              5 |         2.50 |
|  DPU_i/processing_system7_0/inst/FCLK_CLK0 | DPU_i/dpu_conv_top_0/inst/gmem2_m_axi_U/load_unit_0/bus_wide_gen.rreq_offset/U_fifo_srl/E[0]                                                                                                             | DPU_i/dpu_conv_top_0/inst/gmem2_m_axi_U/store_unit_0/fifo_wreq/U_fifo_srl/SR[0]                                                                                              |                1 |              5 |         5.00 |
|  DPU_i/processing_system7_0/inst/FCLK_CLK0 | DPU_i/dpu_conv_top_0/inst/gmem0_m_axi_U/store_unit_0/fifo_wrsp/U_fifo_srl/E[0]                                                                                                                           | DPU_i/dpu_conv_top_0/inst/gmem2_m_axi_U/store_unit_0/fifo_wreq/U_fifo_srl/SR[0]                                                                                              |                1 |              5 |         5.00 |
|  DPU_i/processing_system7_0/inst/FCLK_CLK0 | DPU_i/dpu_conv_top_0/inst/gmem2_m_axi_U/load_unit_0/bus_wide_gen.rreq_offset/U_fifo_srl/full_n_reg[0]                                                                                                    | DPU_i/dpu_conv_top_0/inst/gmem2_m_axi_U/store_unit_0/fifo_wreq/U_fifo_srl/SR[0]                                                                                              |                1 |              5 |         5.00 |
|  DPU_i/processing_system7_0/inst/FCLK_CLK0 | DPU_i/dpu_conv_top_0/inst/gmem1_7_m_axi_U/load_unit_0/bus_wide_gen.rreq_offset/U_fifo_srl/full_n_reg_1[0]                                                                                                | DPU_i/dpu_conv_top_0/inst/gmem2_m_axi_U/store_unit_0/fifo_wreq/U_fifo_srl/SR[0]                                                                                              |                1 |              5 |         5.00 |
|  DPU_i/processing_system7_0/inst/FCLK_CLK0 | DPU_i/dpu_conv_top_0/inst/gmem1_7_m_axi_U/load_unit_0/bus_wide_gen.rreq_offset/U_fifo_srl/E[0]                                                                                                           | DPU_i/dpu_conv_top_0/inst/gmem2_m_axi_U/store_unit_0/fifo_wreq/U_fifo_srl/SR[0]                                                                                              |                2 |              5 |         2.50 |
|  DPU_i/processing_system7_0/inst/FCLK_CLK0 | DPU_i/dpu_conv_top_0/inst/gmem0_m_axi_U/store_unit_0/fifo_wrsp/U_fifo_srl/full_n_reg_0[0]                                                                                                                | DPU_i/dpu_conv_top_0/inst/gmem2_m_axi_U/store_unit_0/fifo_wreq/U_fifo_srl/SR[0]                                                                                              |                1 |              5 |         5.00 |
|  DPU_i/processing_system7_0/inst/FCLK_CLK0 | DPU_i/dpu_conv_top_0/inst/gmem2_m_axi_U/bus_read/rreq_burst_conv/burst_sequential/E[0]                                                                                                                   | DPU_i/dpu_conv_top_0/inst/gmem2_m_axi_U/store_unit_0/fifo_wreq/U_fifo_srl/SR[0]                                                                                              |                2 |              5 |         2.50 |
|  DPU_i/processing_system7_0/inst/FCLK_CLK0 | DPU_i/dpu_conv_top_0/inst/gmem2_m_axi_U/store_unit_0/bus_wide_gen.wreq_offset/mOutPtr[4]_i_1__57_n_0                                                                                                     | DPU_i/dpu_conv_top_0/inst/gmem2_m_axi_U/store_unit_0/fifo_wreq/U_fifo_srl/SR[0]                                                                                              |                1 |              5 |         5.00 |
|  DPU_i/processing_system7_0/inst/FCLK_CLK0 | DPU_i/dpu_conv_top_0/inst/gmem2_m_axi_U/store_unit_0/bus_wide_gen.wreq_offset/num_data_cnt[4]_i_1__57_n_0                                                                                                | DPU_i/dpu_conv_top_0/inst/gmem2_m_axi_U/store_unit_0/fifo_wreq/U_fifo_srl/SR[0]                                                                                              |                2 |              5 |         2.50 |
|  DPU_i/processing_system7_0/inst/FCLK_CLK0 | DPU_i/dpu_conv_top_0/inst/gmem1_3_m_axi_U/bus_read/ost_ctrl_gen[0].fifo_rctl/num_data_cnt                                                                                                                | DPU_i/dpu_conv_top_0/inst/gmem2_m_axi_U/store_unit_0/fifo_wreq/U_fifo_srl/SR[0]                                                                                              |                1 |              5 |         5.00 |
|  DPU_i/processing_system7_0/inst/FCLK_CLK0 | DPU_i/dpu_conv_top_0/inst/gmem1_3_m_axi_U/bus_read/ost_ctrl_gen[0].fifo_rctl/mOutPtr                                                                                                                     | DPU_i/dpu_conv_top_0/inst/gmem2_m_axi_U/store_unit_0/fifo_wreq/U_fifo_srl/SR[0]                                                                                              |                1 |              5 |         5.00 |
|  DPU_i/processing_system7_0/inst/FCLK_CLK0 | DPU_i/dpu_conv_top_0/inst/CTRL_s_axi_U/waddr                                                                                                                                                             |                                                                                                                                                                              |                2 |              5 |         2.50 |
|  DPU_i/processing_system7_0/inst/FCLK_CLK0 | DPU_i/dpu_conv_top_0/inst/gmem1_0_m_axi_U/bus_read/ost_ctrl_gen[0].fifo_rctl/mOutPtr                                                                                                                     | DPU_i/dpu_conv_top_0/inst/gmem2_m_axi_U/store_unit_0/fifo_wreq/U_fifo_srl/SR[0]                                                                                              |                2 |              5 |         2.50 |
|  DPU_i/processing_system7_0/inst/FCLK_CLK0 | DPU_i/dpu_conv_top_0/inst/gmem1_0_m_axi_U/bus_read/ost_ctrl_gen[0].fifo_rctl/num_data_cnt                                                                                                                | DPU_i/dpu_conv_top_0/inst/gmem2_m_axi_U/store_unit_0/fifo_wreq/U_fifo_srl/SR[0]                                                                                              |                1 |              5 |         5.00 |
|  DPU_i/processing_system7_0/inst/FCLK_CLK0 | DPU_i/dpu_conv_top_0/inst/gmem2_m_axi_U/store_unit_0/conservative_gen.fifo_burst/mOutPtr[4]_i_1__56_n_0                                                                                                  | DPU_i/dpu_conv_top_0/inst/gmem2_m_axi_U/store_unit_0/fifo_wreq/U_fifo_srl/SR[0]                                                                                              |                1 |              5 |         5.00 |
|  DPU_i/processing_system7_0/inst/FCLK_CLK0 | DPU_i/dpu_conv_top_0/inst/gmem0_7_m_axi_U/load_unit_0/bus_wide_gen.rreq_offset/U_fifo_srl/full_n_reg_1[0]                                                                                                | DPU_i/dpu_conv_top_0/inst/gmem2_m_axi_U/store_unit_0/fifo_wreq/U_fifo_srl/SR[0]                                                                                              |                1 |              5 |         5.00 |
|  DPU_i/processing_system7_0/inst/FCLK_CLK0 | DPU_i/dpu_conv_top_0/inst/gmem0_0_m_axi_U/load_unit_0/bus_wide_gen.rreq_offset/U_fifo_srl/E[0]                                                                                                           | DPU_i/dpu_conv_top_0/inst/gmem2_m_axi_U/store_unit_0/fifo_wreq/U_fifo_srl/SR[0]                                                                                              |                1 |              5 |         5.00 |
|  DPU_i/processing_system7_0/inst/FCLK_CLK0 | DPU_i/dpu_conv_top_0/inst/gmem2_m_axi_U/store_unit_0/conservative_gen.fifo_burst/num_data_cnt[4]_i_1__56_n_0                                                                                             | DPU_i/dpu_conv_top_0/inst/gmem2_m_axi_U/store_unit_0/fifo_wreq/U_fifo_srl/SR[0]                                                                                              |                1 |              5 |         5.00 |
|  DPU_i/processing_system7_0/inst/FCLK_CLK0 | DPU_i/dpu_conv_top_0/inst/gmem2_m_axi_U/store_unit_0/fifo_wrsp/U_fifo_srl/full_n_reg_0[0]                                                                                                                | DPU_i/dpu_conv_top_0/inst/gmem2_m_axi_U/store_unit_0/fifo_wreq/U_fifo_srl/SR[0]                                                                                              |                1 |              5 |         5.00 |
|  DPU_i/processing_system7_0/inst/FCLK_CLK0 | DPU_i/dpu_conv_top_0/inst/gmem0_7_m_axi_U/load_unit_0/bus_wide_gen.rreq_offset/U_fifo_srl/E[0]                                                                                                           | DPU_i/dpu_conv_top_0/inst/gmem2_m_axi_U/store_unit_0/fifo_wreq/U_fifo_srl/SR[0]                                                                                              |                1 |              5 |         5.00 |
|  DPU_i/processing_system7_0/inst/FCLK_CLK0 | DPU_i/dpu_conv_top_0/inst/gmem1_2_m_axi_U/load_unit_0/bus_wide_gen.rreq_offset/U_fifo_srl/full_n_reg_1[0]                                                                                                | DPU_i/dpu_conv_top_0/inst/gmem2_m_axi_U/store_unit_0/fifo_wreq/U_fifo_srl/SR[0]                                                                                              |                2 |              5 |         2.50 |
|  DPU_i/processing_system7_0/inst/FCLK_CLK0 | DPU_i/dpu_conv_top_0/inst/gmem1_2_m_axi_U/load_unit_0/bus_wide_gen.rreq_offset/U_fifo_srl/E[0]                                                                                                           | DPU_i/dpu_conv_top_0/inst/gmem2_m_axi_U/store_unit_0/fifo_wreq/U_fifo_srl/SR[0]                                                                                              |                2 |              5 |         2.50 |
|  DPU_i/processing_system7_0/inst/FCLK_CLK0 | DPU_i/dpu_conv_top_0/inst/gmem0_3_m_axi_U/load_unit_0/bus_wide_gen.rreq_offset/U_fifo_srl/E[0]                                                                                                           | DPU_i/dpu_conv_top_0/inst/gmem2_m_axi_U/store_unit_0/fifo_wreq/U_fifo_srl/SR[0]                                                                                              |                2 |              5 |         2.50 |
|  DPU_i/processing_system7_0/inst/FCLK_CLK0 | DPU_i/dpu_conv_top_0/inst/gmem0_3_m_axi_U/load_unit_0/bus_wide_gen.rreq_offset/U_fifo_srl/full_n_reg_1[0]                                                                                                | DPU_i/dpu_conv_top_0/inst/gmem2_m_axi_U/store_unit_0/fifo_wreq/U_fifo_srl/SR[0]                                                                                              |                1 |              5 |         5.00 |
|  DPU_i/processing_system7_0/inst/FCLK_CLK0 | DPU_i/dpu_conv_top_0/inst/control_s_axi_U/waddr                                                                                                                                                          |                                                                                                                                                                              |                1 |              6 |         6.00 |
|  DPU_i/processing_system7_0/inst/FCLK_CLK0 | DPU_i/rst_ps7_0_50M/U0/SEQ/seq_cnt_en                                                                                                                                                                    | DPU_i/rst_ps7_0_50M/U0/SEQ/SEQ_COUNTER/clear                                                                                                                                 |                1 |              6 |         6.00 |
|  DPU_i/processing_system7_0/inst/FCLK_CLK0 | DPU_i/axi_smc/inst/clk_map/psr_aclk/U0/SEQ/seq_cnt_en                                                                                                                                                    | DPU_i/axi_smc/inst/clk_map/psr_aclk/U0/SEQ/SEQ_COUNTER/clear                                                                                                                 |                1 |              6 |         6.00 |
|  DPU_i/processing_system7_0/inst/FCLK_CLK0 | DPU_i/dpu_conv_top_0/inst/gmem1_1_m_axi_U/bus_read/rreq_burst_conv/burst_sequential/could_multi_bursts.last_loop                                                                                         | DPU_i/dpu_conv_top_0/inst/gmem2_m_axi_U/store_unit_0/fifo_wreq/U_fifo_srl/SR[0]                                                                                              |                2 |              7 |         3.50 |
|  DPU_i/processing_system7_0/inst/FCLK_CLK0 | DPU_i/dpu_conv_top_0/inst/gmem0_m_axi_U/store_unit_0/bus_wide_gen.buff_wdata_in/num_data_cnt[6]_i_1_n_0                                                                                                  | DPU_i/dpu_conv_top_0/inst/gmem2_m_axi_U/store_unit_0/fifo_wreq/U_fifo_srl/SR[0]                                                                                              |                3 |              7 |         2.33 |
|  DPU_i/processing_system7_0/inst/FCLK_CLK0 | DPU_i/dpu_conv_top_0/inst/gmem2_m_axi_U/store_unit_0/bus_wide_gen.buff_wdata_in/mOutPtr[6]_i_1__0_n_0                                                                                                    | DPU_i/dpu_conv_top_0/inst/gmem2_m_axi_U/store_unit_0/fifo_wreq/U_fifo_srl/SR[0]                                                                                              |                3 |              7 |         2.33 |
|  DPU_i/processing_system7_0/inst/FCLK_CLK0 | DPU_i/dpu_conv_top_0/inst/gmem1_5_m_axi_U/bus_read/rreq_burst_conv/burst_sequential/could_multi_bursts.last_loop                                                                                         | DPU_i/dpu_conv_top_0/inst/gmem2_m_axi_U/store_unit_0/fifo_wreq/U_fifo_srl/SR[0]                                                                                              |                2 |              7 |         3.50 |
|  DPU_i/processing_system7_0/inst/FCLK_CLK0 | DPU_i/dpu_conv_top_0/inst/gmem0_m_axi_U/store_unit_0/bus_wide_gen.buff_wdata_in/mOutPtr[6]_i_1_n_0                                                                                                       | DPU_i/dpu_conv_top_0/inst/gmem2_m_axi_U/store_unit_0/fifo_wreq/U_fifo_srl/SR[0]                                                                                              |                3 |              7 |         2.33 |
|  DPU_i/processing_system7_0/inst/FCLK_CLK0 | DPU_i/dpu_conv_top_0/inst/gmem0_0_m_axi_U/bus_read/rreq_burst_conv/burst_sequential/could_multi_bursts.last_loop                                                                                         | DPU_i/dpu_conv_top_0/inst/gmem2_m_axi_U/store_unit_0/fifo_wreq/U_fifo_srl/SR[0]                                                                                              |                2 |              7 |         3.50 |
|  DPU_i/processing_system7_0/inst/FCLK_CLK0 | DPU_i/dpu_conv_top_0/inst/gmem0_6_m_axi_U/bus_read/rreq_burst_conv/burst_sequential/could_multi_bursts.last_loop                                                                                         | DPU_i/dpu_conv_top_0/inst/gmem2_m_axi_U/store_unit_0/fifo_wreq/U_fifo_srl/SR[0]                                                                                              |                2 |              7 |         3.50 |
|  DPU_i/processing_system7_0/inst/FCLK_CLK0 | DPU_i/dpu_conv_top_0/inst/gmem1_4_m_axi_U/bus_read/rreq_burst_conv/burst_sequential/could_multi_bursts.last_loop                                                                                         | DPU_i/dpu_conv_top_0/inst/gmem2_m_axi_U/store_unit_0/fifo_wreq/U_fifo_srl/SR[0]                                                                                              |                2 |              7 |         3.50 |
|  DPU_i/processing_system7_0/inst/FCLK_CLK0 | DPU_i/dpu_conv_top_0/inst/gmem0_2_m_axi_U/bus_read/rreq_burst_conv/burst_sequential/could_multi_bursts.last_loop                                                                                         | DPU_i/dpu_conv_top_0/inst/gmem2_m_axi_U/store_unit_0/fifo_wreq/U_fifo_srl/SR[0]                                                                                              |                3 |              7 |         2.33 |
|  DPU_i/processing_system7_0/inst/FCLK_CLK0 | DPU_i/dpu_conv_top_0/inst/gmem0_5_m_axi_U/bus_read/rreq_burst_conv/burst_sequential/could_multi_bursts.last_loop                                                                                         | DPU_i/dpu_conv_top_0/inst/gmem2_m_axi_U/store_unit_0/fifo_wreq/U_fifo_srl/SR[0]                                                                                              |                3 |              7 |         2.33 |
|  DPU_i/processing_system7_0/inst/FCLK_CLK0 | DPU_i/dpu_conv_top_0/inst/gmem0_1_m_axi_U/bus_read/rreq_burst_conv/burst_sequential/could_multi_bursts.last_loop                                                                                         | DPU_i/dpu_conv_top_0/inst/gmem2_m_axi_U/store_unit_0/fifo_wreq/U_fifo_srl/SR[0]                                                                                              |                3 |              7 |         2.33 |
|  DPU_i/processing_system7_0/inst/FCLK_CLK0 | DPU_i/dpu_conv_top_0/inst/gmem0_3_m_axi_U/bus_read/rreq_burst_conv/burst_sequential/could_multi_bursts.last_loop                                                                                         | DPU_i/dpu_conv_top_0/inst/gmem2_m_axi_U/store_unit_0/fifo_wreq/U_fifo_srl/SR[0]                                                                                              |                2 |              7 |         3.50 |
|  DPU_i/processing_system7_0/inst/FCLK_CLK0 | DPU_i/dpu_conv_top_0/inst/gmem1_3_m_axi_U/bus_read/rreq_burst_conv/burst_sequential/could_multi_bursts.last_loop                                                                                         | DPU_i/dpu_conv_top_0/inst/gmem2_m_axi_U/store_unit_0/fifo_wreq/U_fifo_srl/SR[0]                                                                                              |                2 |              7 |         3.50 |
|  DPU_i/processing_system7_0/inst/FCLK_CLK0 | DPU_i/dpu_conv_top_0/inst/grp_dpu_conv_top_Pipeline_POOL_OC_POOL_H_POOL_W_fu_493/zext_ln85_cast_reg_663_reg0                                                                                             |                                                                                                                                                                              |                3 |              7 |         2.33 |
|  DPU_i/processing_system7_0/inst/FCLK_CLK0 | DPU_i/dpu_conv_top_0/inst/grp_dpu_conv_top_Pipeline_POOL_OC_POOL_H_POOL_W_fu_493/oh_fu_1120                                                                                                              | DPU_i/dpu_conv_top_0/inst/grp_dpu_conv_top_Pipeline_POOL_OC_POOL_H_POOL_W_fu_493/flow_control_loop_pipe_sequential_init_U/indvar_flatten25_fu_1240                           |                3 |              7 |         2.33 |
|  DPU_i/processing_system7_0/inst/FCLK_CLK0 | DPU_i/dpu_conv_top_0/inst/grp_dpu_conv_top_Pipeline_POOL_OC_POOL_H_POOL_W_fu_493/ow_fu_1080                                                                                                              | DPU_i/dpu_conv_top_0/inst/grp_dpu_conv_top_Pipeline_POOL_OC_POOL_H_POOL_W_fu_493/flow_control_loop_pipe_sequential_init_U/indvar_flatten25_fu_1240                           |                2 |              7 |         3.50 |
|  DPU_i/processing_system7_0/inst/FCLK_CLK0 | DPU_i/dpu_conv_top_0/inst/gmem0_m_axi_U/bus_write/wreq_burst_conv/burst_sequential/could_multi_bursts.last_loop                                                                                          | DPU_i/dpu_conv_top_0/inst/gmem2_m_axi_U/store_unit_0/fifo_wreq/U_fifo_srl/SR[0]                                                                                              |                2 |              7 |         3.50 |
|  DPU_i/processing_system7_0/inst/FCLK_CLK0 | DPU_i/dpu_conv_top_0/inst/gmem2_m_axi_U/store_unit_0/buff_wdata/E[0]                                                                                                                                     | DPU_i/dpu_conv_top_0/inst/gmem2_m_axi_U/store_unit_0/fifo_wreq/U_fifo_srl/SR[0]                                                                                              |                3 |              7 |         2.33 |
|  DPU_i/processing_system7_0/inst/FCLK_CLK0 | DPU_i/dpu_conv_top_0/inst/gmem1_2_m_axi_U/bus_read/rreq_burst_conv/burst_sequential/could_multi_bursts.last_loop                                                                                         | DPU_i/dpu_conv_top_0/inst/gmem2_m_axi_U/store_unit_0/fifo_wreq/U_fifo_srl/SR[0]                                                                                              |                3 |              7 |         2.33 |
|  DPU_i/processing_system7_0/inst/FCLK_CLK0 | DPU_i/dpu_conv_top_0/inst/gmem1_6_m_axi_U/bus_read/rreq_burst_conv/burst_sequential/could_multi_bursts.last_loop                                                                                         | DPU_i/dpu_conv_top_0/inst/gmem2_m_axi_U/store_unit_0/fifo_wreq/U_fifo_srl/SR[0]                                                                                              |                2 |              7 |         3.50 |
|  DPU_i/processing_system7_0/inst/FCLK_CLK0 | DPU_i/dpu_conv_top_0/inst/gmem0_7_m_axi_U/bus_read/rreq_burst_conv/burst_sequential/could_multi_bursts.last_loop                                                                                         | DPU_i/dpu_conv_top_0/inst/gmem2_m_axi_U/store_unit_0/fifo_wreq/U_fifo_srl/SR[0]                                                                                              |                2 |              7 |         3.50 |
|  DPU_i/processing_system7_0/inst/FCLK_CLK0 | DPU_i/dpu_conv_top_0/inst/gmem0_4_m_axi_U/bus_read/rreq_burst_conv/burst_sequential/could_multi_bursts.last_loop                                                                                         | DPU_i/dpu_conv_top_0/inst/gmem2_m_axi_U/store_unit_0/fifo_wreq/U_fifo_srl/SR[0]                                                                                              |                2 |              7 |         3.50 |
|  DPU_i/processing_system7_0/inst/FCLK_CLK0 | DPU_i/dpu_conv_top_0/inst/gmem1_7_m_axi_U/bus_read/rreq_burst_conv/burst_sequential/could_multi_bursts.last_loop                                                                                         | DPU_i/dpu_conv_top_0/inst/gmem2_m_axi_U/store_unit_0/fifo_wreq/U_fifo_srl/SR[0]                                                                                              |                2 |              7 |         3.50 |
|  DPU_i/processing_system7_0/inst/FCLK_CLK0 | DPU_i/dpu_conv_top_0/inst/gmem2_m_axi_U/bus_write/wreq_burst_conv/burst_sequential/could_multi_bursts.last_loop                                                                                          | DPU_i/dpu_conv_top_0/inst/gmem2_m_axi_U/store_unit_0/fifo_wreq/U_fifo_srl/SR[0]                                                                                              |                2 |              7 |         3.50 |
|  DPU_i/processing_system7_0/inst/FCLK_CLK0 | DPU_i/dpu_conv_top_0/inst/gmem1_m_axi_U/bus_read/rreq_burst_conv/burst_sequential/could_multi_bursts.last_loop                                                                                           | DPU_i/dpu_conv_top_0/inst/gmem2_m_axi_U/store_unit_0/fifo_wreq/U_fifo_srl/SR[0]                                                                                              |                2 |              7 |         3.50 |
|  DPU_i/processing_system7_0/inst/FCLK_CLK0 | DPU_i/dpu_conv_top_0/inst/gmem1_0_m_axi_U/bus_read/rreq_burst_conv/burst_sequential/could_multi_bursts.last_loop                                                                                         | DPU_i/dpu_conv_top_0/inst/gmem2_m_axi_U/store_unit_0/fifo_wreq/U_fifo_srl/SR[0]                                                                                              |                2 |              7 |         3.50 |
|  DPU_i/processing_system7_0/inst/FCLK_CLK0 | DPU_i/dpu_conv_top_0/inst/gmem2_m_axi_U/bus_read/rreq_burst_conv/burst_sequential/could_multi_bursts.last_loop                                                                                           | DPU_i/dpu_conv_top_0/inst/gmem2_m_axi_U/store_unit_0/fifo_wreq/U_fifo_srl/SR[0]                                                                                              |                3 |              7 |         2.33 |
|  DPU_i/processing_system7_0/inst/FCLK_CLK0 | DPU_i/dpu_conv_top_0/inst/gmem0_2_m_axi_U/load_unit_0/buff_rdata/U_fifo_mem/WEBWE[0]                                                                                                                     | DPU_i/dpu_conv_top_0/inst/gmem2_m_axi_U/store_unit_0/fifo_wreq/U_fifo_srl/SR[0]                                                                                              |                3 |              8 |         2.67 |
|  DPU_i/processing_system7_0/inst/FCLK_CLK0 | DPU_i/dpu_conv_top_0/inst/gmem1_1_m_axi_U/load_unit_0/buff_rdata/pop                                                                                                                                     | DPU_i/dpu_conv_top_0/inst/gmem2_m_axi_U/store_unit_0/fifo_wreq/U_fifo_srl/SR[0]                                                                                              |                4 |              8 |         2.00 |
|  DPU_i/processing_system7_0/inst/FCLK_CLK0 | DPU_i/dpu_conv_top_0/inst/gmem1_2_m_axi_U/load_unit_0/buff_rdata/pop                                                                                                                                     | DPU_i/dpu_conv_top_0/inst/gmem2_m_axi_U/store_unit_0/fifo_wreq/U_fifo_srl/SR[0]                                                                                              |                4 |              8 |         2.00 |
|  DPU_i/processing_system7_0/inst/FCLK_CLK0 | DPU_i/dpu_conv_top_0/inst/gmem0_2_m_axi_U/load_unit_0/buff_rdata/pop                                                                                                                                     | DPU_i/dpu_conv_top_0/inst/gmem2_m_axi_U/store_unit_0/fifo_wreq/U_fifo_srl/SR[0]                                                                                              |                2 |              8 |         4.00 |
|  DPU_i/processing_system7_0/inst/FCLK_CLK0 | DPU_i/dpu_conv_top_0/inst/gmem0_6_m_axi_U/load_unit_0/buff_rdata/U_fifo_mem/WEBWE[0]                                                                                                                     | DPU_i/dpu_conv_top_0/inst/gmem2_m_axi_U/store_unit_0/fifo_wreq/U_fifo_srl/SR[0]                                                                                              |                2 |              8 |         4.00 |
|  DPU_i/processing_system7_0/inst/FCLK_CLK0 | DPU_i/dpu_conv_top_0/inst/gmem0_3_m_axi_U/load_unit_0/buff_rdata/U_fifo_mem/WEBWE[0]                                                                                                                     | DPU_i/dpu_conv_top_0/inst/gmem2_m_axi_U/store_unit_0/fifo_wreq/U_fifo_srl/SR[0]                                                                                              |                3 |              8 |         2.67 |
|  DPU_i/processing_system7_0/inst/FCLK_CLK0 | DPU_i/dpu_conv_top_0/inst/grp_conv3x3_relu_fu_393/ap_CS_fsm_state12                                                                                                                                      |                                                                                                                                                                              |                3 |              8 |         2.67 |
|  DPU_i/processing_system7_0/inst/FCLK_CLK0 | DPU_i/dpu_conv_top_0/inst/grp_conv3x3_relu_fu_393/ap_CS_fsm_state1                                                                                                                                       |                                                                                                                                                                              |                4 |              8 |         2.00 |
|  DPU_i/processing_system7_0/inst/FCLK_CLK0 | DPU_i/dpu_conv_top_0/inst/grp_conv3x3_relu_fu_393/oc_fu_1900                                                                                                                                             | DPU_i/dpu_conv_top_0/inst/grp_conv3x3_relu_fu_393/ap_NS_fsm10_out                                                                                                            |                2 |              8 |         4.00 |
|  DPU_i/processing_system7_0/inst/FCLK_CLK0 | DPU_i/dpu_conv_top_0/inst/gmem1_3_m_axi_U/load_unit_0/buff_rdata/U_fifo_mem/WEBWE[0]                                                                                                                     | DPU_i/dpu_conv_top_0/inst/gmem2_m_axi_U/store_unit_0/fifo_wreq/U_fifo_srl/SR[0]                                                                                              |                3 |              8 |         2.67 |
|  DPU_i/processing_system7_0/inst/FCLK_CLK0 | DPU_i/dpu_conv_top_0/inst/grp_dpu_conv_top_Pipeline_COPY_OC_COPY_H_COPY_W_fu_479/oc_1_fu_110[7]_i_1_n_0                                                                                                  | DPU_i/dpu_conv_top_0/inst/grp_dpu_conv_top_Pipeline_COPY_OC_COPY_H_COPY_W_fu_479/flow_control_loop_pipe_sequential_init_U/SR[0]                                              |                3 |              8 |         2.67 |
|  DPU_i/processing_system7_0/inst/FCLK_CLK0 | DPU_i/dpu_conv_top_0/inst/gmem0_0_m_axi_U/load_unit_0/buff_rdata/U_fifo_mem/WEBWE[0]                                                                                                                     | DPU_i/dpu_conv_top_0/inst/gmem2_m_axi_U/store_unit_0/fifo_wreq/U_fifo_srl/SR[0]                                                                                              |                2 |              8 |         4.00 |
|  DPU_i/processing_system7_0/inst/FCLK_CLK0 | DPU_i/dpu_conv_top_0/inst/grp_dpu_conv_top_Pipeline_COPY_OC_COPY_H_COPY_W_fu_479/oh_1_fu_102[0]                                                                                                          | DPU_i/dpu_conv_top_0/inst/grp_dpu_conv_top_Pipeline_COPY_OC_COPY_H_COPY_W_fu_479/flow_control_loop_pipe_sequential_init_U/SR[0]                                              |                4 |              8 |         2.00 |
|  DPU_i/processing_system7_0/inst/FCLK_CLK0 | DPU_i/dpu_conv_top_0/inst/gmem1_3_m_axi_U/load_unit_0/buff_rdata/pop                                                                                                                                     | DPU_i/dpu_conv_top_0/inst/gmem2_m_axi_U/store_unit_0/fifo_wreq/U_fifo_srl/SR[0]                                                                                              |                2 |              8 |         4.00 |
|  DPU_i/processing_system7_0/inst/FCLK_CLK0 | DPU_i/dpu_conv_top_0/inst/gmem0_7_m_axi_U/load_unit_0/buff_rdata/U_fifo_mem/WEBWE[0]                                                                                                                     | DPU_i/dpu_conv_top_0/inst/gmem2_m_axi_U/store_unit_0/fifo_wreq/U_fifo_srl/SR[0]                                                                                              |                2 |              8 |         4.00 |
|  DPU_i/processing_system7_0/inst/FCLK_CLK0 |                                                                                                                                                                                                          | DPU_i/dpu_conv_top_0/inst/grp_conv3x3_relu_fu_393/grp_conv3x3_relu_Pipeline_OH_LOOP_OW_LOOP_IC_LOOP_fu_352/ap_block_pp0_stage20_subdone_grp289_done_reg                      |                4 |              8 |         2.00 |
|  DPU_i/processing_system7_0/inst/FCLK_CLK0 | DPU_i/dpu_conv_top_0/inst/grp_dpu_conv_top_Pipeline_POOL_OC_POOL_H_POOL_W_fu_493/oc_fu_120[7]_i_1_n_0                                                                                                    | DPU_i/dpu_conv_top_0/inst/grp_dpu_conv_top_Pipeline_POOL_OC_POOL_H_POOL_W_fu_493/flow_control_loop_pipe_sequential_init_U/indvar_flatten25_fu_1240                           |                2 |              8 |         4.00 |
|  DPU_i/processing_system7_0/inst/FCLK_CLK0 | DPU_i/dpu_conv_top_0/inst/gmem1_5_m_axi_U/load_unit_0/buff_rdata/pop                                                                                                                                     | DPU_i/dpu_conv_top_0/inst/gmem2_m_axi_U/store_unit_0/fifo_wreq/U_fifo_srl/SR[0]                                                                                              |                3 |              8 |         2.67 |
|  DPU_i/processing_system7_0/inst/FCLK_CLK0 | DPU_i/dpu_conv_top_0/inst/gmem1_5_m_axi_U/load_unit_0/buff_rdata/U_fifo_mem/WEBWE[0]                                                                                                                     | DPU_i/dpu_conv_top_0/inst/gmem2_m_axi_U/store_unit_0/fifo_wreq/U_fifo_srl/SR[0]                                                                                              |                3 |              8 |         2.67 |
|  DPU_i/processing_system7_0/inst/FCLK_CLK0 | DPU_i/dpu_conv_top_0/inst/gmem0_5_m_axi_U/load_unit_0/buff_rdata/U_fifo_mem/WEBWE[0]                                                                                                                     | DPU_i/dpu_conv_top_0/inst/gmem2_m_axi_U/store_unit_0/fifo_wreq/U_fifo_srl/SR[0]                                                                                              |                2 |              8 |         4.00 |
|  DPU_i/processing_system7_0/inst/FCLK_CLK0 | DPU_i/axi_smc/inst/s00_entry_pipeline/s00_si_converter/inst/gen_axilite_conv.axilite_conv_inst/r_beats[7]_i_1_n_0                                                                                        | DPU_i/axi_smc/inst/s00_entry_pipeline/s00_si_converter/inst/areset                                                                                                           |                2 |              8 |         4.00 |
|  DPU_i/processing_system7_0/inst/FCLK_CLK0 | DPU_i/dpu_conv_top_0/inst/gmem0_5_m_axi_U/load_unit_0/buff_rdata/pop                                                                                                                                     | DPU_i/dpu_conv_top_0/inst/gmem2_m_axi_U/store_unit_0/fifo_wreq/U_fifo_srl/SR[0]                                                                                              |                3 |              8 |         2.67 |
|  DPU_i/processing_system7_0/inst/FCLK_CLK0 | DPU_i/dpu_conv_top_0/inst/gmem1_4_m_axi_U/load_unit_0/buff_rdata/pop                                                                                                                                     | DPU_i/dpu_conv_top_0/inst/gmem2_m_axi_U/store_unit_0/fifo_wreq/U_fifo_srl/SR[0]                                                                                              |                2 |              8 |         4.00 |
|  DPU_i/processing_system7_0/inst/FCLK_CLK0 | DPU_i/dpu_conv_top_0/inst/gmem0_7_m_axi_U/load_unit_0/buff_rdata/pop                                                                                                                                     | DPU_i/dpu_conv_top_0/inst/gmem2_m_axi_U/store_unit_0/fifo_wreq/U_fifo_srl/SR[0]                                                                                              |                3 |              8 |         2.67 |
|  DPU_i/processing_system7_0/inst/FCLK_CLK0 | DPU_i/dpu_conv_top_0/inst/gmem1_2_m_axi_U/load_unit_0/buff_rdata/U_fifo_mem/WEBWE[0]                                                                                                                     | DPU_i/dpu_conv_top_0/inst/gmem2_m_axi_U/store_unit_0/fifo_wreq/U_fifo_srl/SR[0]                                                                                              |                4 |              8 |         2.00 |
|  DPU_i/processing_system7_0/inst/FCLK_CLK0 | DPU_i/dpu_conv_top_0/inst/gmem0_4_m_axi_U/load_unit_0/buff_rdata/pop                                                                                                                                     | DPU_i/dpu_conv_top_0/inst/gmem2_m_axi_U/store_unit_0/fifo_wreq/U_fifo_srl/SR[0]                                                                                              |                2 |              8 |         4.00 |
|  DPU_i/processing_system7_0/inst/FCLK_CLK0 | DPU_i/dpu_conv_top_0/inst/gmem1_4_m_axi_U/load_unit_0/buff_rdata/U_fifo_mem/WEBWE[0]                                                                                                                     | DPU_i/dpu_conv_top_0/inst/gmem2_m_axi_U/store_unit_0/fifo_wreq/U_fifo_srl/SR[0]                                                                                              |                2 |              8 |         4.00 |
|  DPU_i/processing_system7_0/inst/FCLK_CLK0 |                                                                                                                                                                                                          | DPU_i/axi_smc/inst/switchboards/i_nodes/i_b_node/inst/inst_si_handler/areset_r                                                                                               |                2 |              8 |         4.00 |
|  DPU_i/processing_system7_0/inst/FCLK_CLK0 | DPU_i/dpu_conv_top_0/inst/gmem1_6_m_axi_U/load_unit_0/buff_rdata/U_fifo_mem/WEBWE[0]                                                                                                                     | DPU_i/dpu_conv_top_0/inst/gmem2_m_axi_U/store_unit_0/fifo_wreq/U_fifo_srl/SR[0]                                                                                              |                3 |              8 |         2.67 |
|  DPU_i/processing_system7_0/inst/FCLK_CLK0 | DPU_i/dpu_conv_top_0/inst/gmem1_0_m_axi_U/load_unit_0/buff_rdata/pop                                                                                                                                     | DPU_i/dpu_conv_top_0/inst/gmem2_m_axi_U/store_unit_0/fifo_wreq/U_fifo_srl/SR[0]                                                                                              |                4 |              8 |         2.00 |
|  DPU_i/processing_system7_0/inst/FCLK_CLK0 | DPU_i/dpu_conv_top_0/inst/gmem1_6_m_axi_U/load_unit_0/buff_rdata/pop                                                                                                                                     | DPU_i/dpu_conv_top_0/inst/gmem2_m_axi_U/store_unit_0/fifo_wreq/U_fifo_srl/SR[0]                                                                                              |                3 |              8 |         2.67 |
|  DPU_i/processing_system7_0/inst/FCLK_CLK0 | DPU_i/dpu_conv_top_0/inst/gmem2_m_axi_U/bus_write/wreq_throttle/rs_req/burst_handling_reg                                                                                                                | DPU_i/dpu_conv_top_0/inst/gmem2_m_axi_U/bus_write/wreq_throttle/rs_burst/ap_rst_n_0[0]                                                                                       |                3 |              8 |         2.67 |
|  DPU_i/processing_system7_0/inst/FCLK_CLK0 | DPU_i/dpu_conv_top_0/inst/gmem2_m_axi_U/load_unit_0/buff_rdata/U_fifo_mem/WEBWE[0]                                                                                                                       | DPU_i/dpu_conv_top_0/inst/gmem2_m_axi_U/store_unit_0/fifo_wreq/U_fifo_srl/SR[0]                                                                                              |                2 |              8 |         4.00 |
|  DPU_i/processing_system7_0/inst/FCLK_CLK0 | DPU_i/dpu_conv_top_0/inst/gmem2_m_axi_U/load_unit_0/buff_rdata/pop                                                                                                                                       | DPU_i/dpu_conv_top_0/inst/gmem2_m_axi_U/store_unit_0/fifo_wreq/U_fifo_srl/SR[0]                                                                                              |                3 |              8 |         2.67 |
|  DPU_i/processing_system7_0/inst/FCLK_CLK0 | DPU_i/dpu_conv_top_0/inst/gmem1_7_m_axi_U/load_unit_0/buff_rdata/pop                                                                                                                                     | DPU_i/dpu_conv_top_0/inst/gmem2_m_axi_U/store_unit_0/fifo_wreq/U_fifo_srl/SR[0]                                                                                              |                3 |              8 |         2.67 |
|  DPU_i/processing_system7_0/inst/FCLK_CLK0 |                                                                                                                                                                                                          | DPU_i/axi_smc/inst/switchboards/i_nodes/i_r_node/inst/inst_si_handler/areset_r                                                                                               |                2 |              8 |         4.00 |
|  DPU_i/processing_system7_0/inst/FCLK_CLK0 | DPU_i/dpu_conv_top_0/inst/gmem0_m_axi_U/bus_write/wreq_throttle/rs_req/dout_vld_reg                                                                                                                      | DPU_i/dpu_conv_top_0/inst/gmem0_m_axi_U/bus_write/wreq_throttle/rs_burst/SR[0]                                                                                               |                2 |              8 |         4.00 |
|  DPU_i/processing_system7_0/inst/FCLK_CLK0 | DPU_i/axi_smc/inst/s00_entry_pipeline/s00_mmu/inst/gen_endpoint.decerr_slave_inst/gen_axi.gen_read.read_cnt[7]_i_1_n_0                                                                                   | DPU_i/axi_smc/inst/s00_entry_pipeline/s00_mmu/inst/areset                                                                                                                    |                3 |              8 |         2.67 |
|  DPU_i/processing_system7_0/inst/FCLK_CLK0 | DPU_i/axi_smc/inst/s00_entry_pipeline/s00_si_converter/inst/gen_axilite_conv.axilite_conv_inst/ar_cnt[7]_i_1_n_0                                                                                         | DPU_i/axi_smc/inst/s00_entry_pipeline/s00_si_converter/inst/areset                                                                                                           |                2 |              8 |         4.00 |
|  DPU_i/processing_system7_0/inst/FCLK_CLK0 | DPU_i/dpu_conv_top_0/inst/gmem0_4_m_axi_U/load_unit_0/buff_rdata/U_fifo_mem/WEBWE[0]                                                                                                                     | DPU_i/dpu_conv_top_0/inst/gmem2_m_axi_U/store_unit_0/fifo_wreq/U_fifo_srl/SR[0]                                                                                              |                3 |              8 |         2.67 |
|  DPU_i/processing_system7_0/inst/FCLK_CLK0 | DPU_i/axi_smc/inst/switchboards/i_nodes/i_aw_node/inst/inst_mi_handler/gen_normal_area.inst_fifo_node_payld/gen_reg_fifo.inst_reg_fifo/gen_single_rank.data[132]_i_1_n_0                                 |                                                                                                                                                                              |                4 |              8 |         2.00 |
|  DPU_i/processing_system7_0/inst/FCLK_CLK0 | DPU_i/dpu_conv_top_0/inst/gmem0_1_m_axi_U/load_unit_0/buff_rdata/U_fifo_mem/WEBWE[0]                                                                                                                     | DPU_i/dpu_conv_top_0/inst/gmem2_m_axi_U/store_unit_0/fifo_wreq/U_fifo_srl/SR[0]                                                                                              |                2 |              8 |         4.00 |
|  DPU_i/processing_system7_0/inst/FCLK_CLK0 | DPU_i/dpu_conv_top_0/inst/gmem1_1_m_axi_U/load_unit_0/buff_rdata/U_fifo_mem/WEBWE[0]                                                                                                                     | DPU_i/dpu_conv_top_0/inst/gmem2_m_axi_U/store_unit_0/fifo_wreq/U_fifo_srl/SR[0]                                                                                              |                3 |              8 |         2.67 |
|  DPU_i/processing_system7_0/inst/FCLK_CLK0 | DPU_i/dpu_conv_top_0/inst/gmem1_7_m_axi_U/load_unit_0/buff_rdata/U_fifo_mem/WEBWE[0]                                                                                                                     | DPU_i/dpu_conv_top_0/inst/gmem2_m_axi_U/store_unit_0/fifo_wreq/U_fifo_srl/SR[0]                                                                                              |                3 |              8 |         2.67 |
|  DPU_i/processing_system7_0/inst/FCLK_CLK0 | DPU_i/dpu_conv_top_0/inst/gmem0_m_axi_U/store_unit_0/buff_wdata/E[0]                                                                                                                                     | DPU_i/dpu_conv_top_0/inst/gmem2_m_axi_U/store_unit_0/fifo_wreq/U_fifo_srl/SR[0]                                                                                              |                2 |              8 |         4.00 |
|  DPU_i/processing_system7_0/inst/FCLK_CLK0 | DPU_i/dpu_conv_top_0/inst/gmem0_1_m_axi_U/load_unit_0/buff_rdata/pop                                                                                                                                     | DPU_i/dpu_conv_top_0/inst/gmem2_m_axi_U/store_unit_0/fifo_wreq/U_fifo_srl/SR[0]                                                                                              |                2 |              8 |         4.00 |
|  DPU_i/processing_system7_0/inst/FCLK_CLK0 | DPU_i/dpu_conv_top_0/inst/CTRL_s_axi_U/int_in_h[7]_i_1_n_0                                                                                                                                               | DPU_i/dpu_conv_top_0/inst/gmem2_m_axi_U/store_unit_0/fifo_wreq/U_fifo_srl/SR[0]                                                                                              |                1 |              8 |         8.00 |
|  DPU_i/processing_system7_0/inst/FCLK_CLK0 | DPU_i/dpu_conv_top_0/inst/gmem1_m_axi_U/load_unit_0/buff_rdata/U_fifo_mem/WEBWE[0]                                                                                                                       | DPU_i/dpu_conv_top_0/inst/gmem2_m_axi_U/store_unit_0/fifo_wreq/U_fifo_srl/SR[0]                                                                                              |                2 |              8 |         4.00 |
|  DPU_i/processing_system7_0/inst/FCLK_CLK0 | DPU_i/dpu_conv_top_0/inst/gmem1_m_axi_U/load_unit_0/buff_rdata/pop                                                                                                                                       | DPU_i/dpu_conv_top_0/inst/gmem2_m_axi_U/store_unit_0/fifo_wreq/U_fifo_srl/SR[0]                                                                                              |                3 |              8 |         2.67 |
|  DPU_i/processing_system7_0/inst/FCLK_CLK0 | DPU_i/dpu_conv_top_0/inst/CTRL_s_axi_U/int_out_ch[7]_i_1_n_0                                                                                                                                             | DPU_i/dpu_conv_top_0/inst/gmem2_m_axi_U/store_unit_0/fifo_wreq/U_fifo_srl/SR[0]                                                                                              |                3 |              8 |         2.67 |
|  DPU_i/processing_system7_0/inst/FCLK_CLK0 | DPU_i/dpu_conv_top_0/inst/CTRL_s_axi_U/int_in_w[7]_i_1_n_0                                                                                                                                               | DPU_i/dpu_conv_top_0/inst/gmem2_m_axi_U/store_unit_0/fifo_wreq/U_fifo_srl/SR[0]                                                                                              |                2 |              8 |         4.00 |
|  DPU_i/processing_system7_0/inst/FCLK_CLK0 | DPU_i/dpu_conv_top_0/inst/gmem0_0_m_axi_U/load_unit_0/buff_rdata/pop                                                                                                                                     | DPU_i/dpu_conv_top_0/inst/gmem2_m_axi_U/store_unit_0/fifo_wreq/U_fifo_srl/SR[0]                                                                                              |                3 |              8 |         2.67 |
|  DPU_i/processing_system7_0/inst/FCLK_CLK0 | DPU_i/dpu_conv_top_0/inst/gmem0_3_m_axi_U/load_unit_0/buff_rdata/pop                                                                                                                                     | DPU_i/dpu_conv_top_0/inst/gmem2_m_axi_U/store_unit_0/fifo_wreq/U_fifo_srl/SR[0]                                                                                              |                3 |              8 |         2.67 |
|  DPU_i/processing_system7_0/inst/FCLK_CLK0 | DPU_i/dpu_conv_top_0/inst/gmem0_6_m_axi_U/load_unit_0/buff_rdata/pop                                                                                                                                     | DPU_i/dpu_conv_top_0/inst/gmem2_m_axi_U/store_unit_0/fifo_wreq/U_fifo_srl/SR[0]                                                                                              |                2 |              8 |         4.00 |
|  DPU_i/processing_system7_0/inst/FCLK_CLK0 | DPU_i/dpu_conv_top_0/inst/gmem1_0_m_axi_U/load_unit_0/buff_rdata/U_fifo_mem/WEBWE[0]                                                                                                                     | DPU_i/dpu_conv_top_0/inst/gmem2_m_axi_U/store_unit_0/fifo_wreq/U_fifo_srl/SR[0]                                                                                              |                3 |              8 |         2.67 |
|  DPU_i/processing_system7_0/inst/FCLK_CLK0 | DPU_i/dpu_conv_top_0/inst/gmem2_m_axi_U/store_unit_0/buff_wdata/bus_wide_gen.data_valid_reg[0]                                                                                                           | DPU_i/dpu_conv_top_0/inst/gmem2_m_axi_U/store_unit_0/fifo_wreq/U_fifo_srl/SR[0]                                                                                              |                2 |              8 |         4.00 |
|  DPU_i/processing_system7_0/inst/FCLK_CLK0 | DPU_i/dpu_conv_top_0/inst/CTRL_s_axi_U/int_in_ch[7]_i_1_n_0                                                                                                                                              | DPU_i/dpu_conv_top_0/inst/gmem2_m_axi_U/store_unit_0/fifo_wreq/U_fifo_srl/SR[0]                                                                                              |                1 |              8 |         8.00 |
|  DPU_i/processing_system7_0/inst/FCLK_CLK0 | DPU_i/dpu_conv_top_0/inst/gmem0_1_m_axi_U/load_unit_0/buff_rdata/mOutPtr[8]_i_1__5_n_0                                                                                                                   | DPU_i/dpu_conv_top_0/inst/gmem2_m_axi_U/store_unit_0/fifo_wreq/U_fifo_srl/SR[0]                                                                                              |                3 |              9 |         3.00 |
|  DPU_i/processing_system7_0/inst/FCLK_CLK0 | DPU_i/dpu_conv_top_0/inst/gmem0_6_m_axi_U/load_unit_0/buff_rdata/num_data_cnt[8]_i_1_n_0                                                                                                                 | DPU_i/dpu_conv_top_0/inst/gmem2_m_axi_U/store_unit_0/fifo_wreq/U_fifo_srl/SR[0]                                                                                              |                3 |              9 |         3.00 |
|  DPU_i/processing_system7_0/inst/FCLK_CLK0 | DPU_i/dpu_conv_top_0/inst/gmem0_6_m_axi_U/load_unit_0/buff_rdata/mOutPtr[8]_i_1_n_0                                                                                                                      | DPU_i/dpu_conv_top_0/inst/gmem2_m_axi_U/store_unit_0/fifo_wreq/U_fifo_srl/SR[0]                                                                                              |                3 |              9 |         3.00 |
|  DPU_i/processing_system7_0/inst/FCLK_CLK0 | DPU_i/dpu_conv_top_0/inst/gmem0_2_m_axi_U/load_unit_0/buff_rdata/mOutPtr[8]_i_1__4_n_0                                                                                                                   | DPU_i/dpu_conv_top_0/inst/gmem2_m_axi_U/store_unit_0/fifo_wreq/U_fifo_srl/SR[0]                                                                                              |                3 |              9 |         3.00 |
|  DPU_i/processing_system7_0/inst/FCLK_CLK0 | DPU_i/dpu_conv_top_0/inst/gmem0_2_m_axi_U/load_unit_0/buff_rdata/num_data_cnt[8]_i_1__4_n_0                                                                                                              | DPU_i/dpu_conv_top_0/inst/gmem2_m_axi_U/store_unit_0/fifo_wreq/U_fifo_srl/SR[0]                                                                                              |                3 |              9 |         3.00 |
|  DPU_i/processing_system7_0/inst/FCLK_CLK0 | DPU_i/dpu_conv_top_0/inst/gmem1_6_m_axi_U/load_unit_0/buff_rdata/num_data_cnt[8]_i_1__9_n_0                                                                                                              | DPU_i/dpu_conv_top_0/inst/gmem2_m_axi_U/store_unit_0/fifo_wreq/U_fifo_srl/SR[0]                                                                                              |                3 |              9 |         3.00 |
|  DPU_i/processing_system7_0/inst/FCLK_CLK0 | DPU_i/dpu_conv_top_0/inst/gmem0_3_m_axi_U/load_unit_0/buff_rdata/mOutPtr[8]_i_1__2_n_0                                                                                                                   | DPU_i/dpu_conv_top_0/inst/gmem2_m_axi_U/store_unit_0/fifo_wreq/U_fifo_srl/SR[0]                                                                                              |                3 |              9 |         3.00 |
|  DPU_i/processing_system7_0/inst/FCLK_CLK0 | DPU_i/dpu_conv_top_0/inst/gmem0_3_m_axi_U/load_unit_0/buff_rdata/num_data_cnt[8]_i_1__2_n_0                                                                                                              | DPU_i/dpu_conv_top_0/inst/gmem2_m_axi_U/store_unit_0/fifo_wreq/U_fifo_srl/SR[0]                                                                                              |                3 |              9 |         3.00 |
|  DPU_i/processing_system7_0/inst/FCLK_CLK0 | DPU_i/dpu_conv_top_0/inst/gmem0_7_m_axi_U/load_unit_0/buff_rdata/mOutPtr[8]_i_1__3_n_0                                                                                                                   | DPU_i/dpu_conv_top_0/inst/gmem2_m_axi_U/store_unit_0/fifo_wreq/U_fifo_srl/SR[0]                                                                                              |                3 |              9 |         3.00 |
|  DPU_i/processing_system7_0/inst/FCLK_CLK0 | DPU_i/dpu_conv_top_0/inst/gmem0_7_m_axi_U/load_unit_0/buff_rdata/num_data_cnt[8]_i_1__3_n_0                                                                                                              | DPU_i/dpu_conv_top_0/inst/gmem2_m_axi_U/store_unit_0/fifo_wreq/U_fifo_srl/SR[0]                                                                                              |                3 |              9 |         3.00 |
|  DPU_i/processing_system7_0/inst/FCLK_CLK0 | DPU_i/dpu_conv_top_0/inst/gmem0_5_m_axi_U/load_unit_0/buff_rdata/num_data_cnt[8]_i_1__0_n_0                                                                                                              | DPU_i/dpu_conv_top_0/inst/gmem2_m_axi_U/store_unit_0/fifo_wreq/U_fifo_srl/SR[0]                                                                                              |                3 |              9 |         3.00 |
|  DPU_i/processing_system7_0/inst/FCLK_CLK0 | DPU_i/dpu_conv_top_0/inst/gmem2_m_axi_U/load_unit_0/buff_rdata/mOutPtr[8]_i_1__15_n_0                                                                                                                    | DPU_i/dpu_conv_top_0/inst/gmem2_m_axi_U/store_unit_0/fifo_wreq/U_fifo_srl/SR[0]                                                                                              |                3 |              9 |         3.00 |
|  DPU_i/processing_system7_0/inst/FCLK_CLK0 | DPU_i/dpu_conv_top_0/inst/gmem2_m_axi_U/load_unit_0/buff_rdata/num_data_cnt[8]_i_1__15_n_0                                                                                                               | DPU_i/dpu_conv_top_0/inst/gmem2_m_axi_U/store_unit_0/fifo_wreq/U_fifo_srl/SR[0]                                                                                              |                3 |              9 |         3.00 |
|  DPU_i/processing_system7_0/inst/FCLK_CLK0 | DPU_i/dpu_conv_top_0/inst/gmem1_6_m_axi_U/load_unit_0/buff_rdata/mOutPtr[8]_i_1__9_n_0                                                                                                                   | DPU_i/dpu_conv_top_0/inst/gmem2_m_axi_U/store_unit_0/fifo_wreq/U_fifo_srl/SR[0]                                                                                              |                3 |              9 |         3.00 |
|  DPU_i/processing_system7_0/inst/FCLK_CLK0 | DPU_i/dpu_conv_top_0/inst/gmem1_2_m_axi_U/load_unit_0/buff_rdata/num_data_cnt[8]_i_1__7_n_0                                                                                                              | DPU_i/dpu_conv_top_0/inst/gmem2_m_axi_U/store_unit_0/fifo_wreq/U_fifo_srl/SR[0]                                                                                              |                3 |              9 |         3.00 |
|  DPU_i/processing_system7_0/inst/FCLK_CLK0 | DPU_i/dpu_conv_top_0/inst/gmem0_4_m_axi_U/load_unit_0/buff_rdata/num_data_cnt[8]_i_1__1_n_0                                                                                                              | DPU_i/dpu_conv_top_0/inst/gmem2_m_axi_U/store_unit_0/fifo_wreq/U_fifo_srl/SR[0]                                                                                              |                3 |              9 |         3.00 |
|  DPU_i/processing_system7_0/inst/FCLK_CLK0 | DPU_i/dpu_conv_top_0/inst/gmem1_0_m_axi_U/load_unit_0/buff_rdata/num_data_cnt[8]_i_1__14_n_0                                                                                                             | DPU_i/dpu_conv_top_0/inst/gmem2_m_axi_U/store_unit_0/fifo_wreq/U_fifo_srl/SR[0]                                                                                              |                3 |              9 |         3.00 |
|  DPU_i/processing_system7_0/inst/FCLK_CLK0 | DPU_i/dpu_conv_top_0/inst/gmem1_7_m_axi_U/load_unit_0/buff_rdata/mOutPtr[8]_i_1__8_n_0                                                                                                                   | DPU_i/dpu_conv_top_0/inst/gmem2_m_axi_U/store_unit_0/fifo_wreq/U_fifo_srl/SR[0]                                                                                              |                3 |              9 |         3.00 |
|  DPU_i/processing_system7_0/inst/FCLK_CLK0 | DPU_i/dpu_conv_top_0/inst/gmem1_1_m_axi_U/load_unit_0/buff_rdata/mOutPtr[8]_i_1__13_n_0                                                                                                                  | DPU_i/dpu_conv_top_0/inst/gmem2_m_axi_U/store_unit_0/fifo_wreq/U_fifo_srl/SR[0]                                                                                              |                3 |              9 |         3.00 |
|  DPU_i/processing_system7_0/inst/FCLK_CLK0 | DPU_i/dpu_conv_top_0/inst/gmem1_1_m_axi_U/load_unit_0/buff_rdata/num_data_cnt[8]_i_1__13_n_0                                                                                                             | DPU_i/dpu_conv_top_0/inst/gmem2_m_axi_U/store_unit_0/fifo_wreq/U_fifo_srl/SR[0]                                                                                              |                3 |              9 |         3.00 |
|  DPU_i/processing_system7_0/inst/FCLK_CLK0 | DPU_i/dpu_conv_top_0/inst/gmem1_7_m_axi_U/load_unit_0/buff_rdata/num_data_cnt[8]_i_1__8_n_0                                                                                                              | DPU_i/dpu_conv_top_0/inst/gmem2_m_axi_U/store_unit_0/fifo_wreq/U_fifo_srl/SR[0]                                                                                              |                3 |              9 |         3.00 |
|  DPU_i/processing_system7_0/inst/FCLK_CLK0 | DPU_i/dpu_conv_top_0/inst/gmem0_4_m_axi_U/load_unit_0/buff_rdata/mOutPtr[8]_i_1__1_n_0                                                                                                                   | DPU_i/dpu_conv_top_0/inst/gmem2_m_axi_U/store_unit_0/fifo_wreq/U_fifo_srl/SR[0]                                                                                              |                3 |              9 |         3.00 |
|  DPU_i/processing_system7_0/inst/FCLK_CLK0 | DPU_i/dpu_conv_top_0/inst/gmem0_0_m_axi_U/load_unit_0/buff_rdata/mOutPtr[8]_i_1__6_n_0                                                                                                                   | DPU_i/dpu_conv_top_0/inst/gmem2_m_axi_U/store_unit_0/fifo_wreq/U_fifo_srl/SR[0]                                                                                              |                3 |              9 |         3.00 |
|  DPU_i/processing_system7_0/inst/FCLK_CLK0 | DPU_i/dpu_conv_top_0/inst/gmem0_0_m_axi_U/load_unit_0/buff_rdata/num_data_cnt[8]_i_1__6_n_0                                                                                                              | DPU_i/dpu_conv_top_0/inst/gmem2_m_axi_U/store_unit_0/fifo_wreq/U_fifo_srl/SR[0]                                                                                              |                3 |              9 |         3.00 |
|  DPU_i/processing_system7_0/inst/FCLK_CLK0 | DPU_i/dpu_conv_top_0/inst/gmem1_4_m_axi_U/load_unit_0/buff_rdata/mOutPtr[8]_i_1__11_n_0                                                                                                                  | DPU_i/dpu_conv_top_0/inst/gmem2_m_axi_U/store_unit_0/fifo_wreq/U_fifo_srl/SR[0]                                                                                              |                3 |              9 |         3.00 |
|  DPU_i/processing_system7_0/inst/FCLK_CLK0 | DPU_i/dpu_conv_top_0/inst/gmem1_2_m_axi_U/load_unit_0/buff_rdata/mOutPtr[8]_i_1__7_n_0                                                                                                                   | DPU_i/dpu_conv_top_0/inst/gmem2_m_axi_U/store_unit_0/fifo_wreq/U_fifo_srl/SR[0]                                                                                              |                3 |              9 |         3.00 |
|  DPU_i/processing_system7_0/inst/FCLK_CLK0 | DPU_i/axi_smc/inst/s00_entry_pipeline/s00_si_converter/inst/gen_axilite_conv.axilite_conv_inst/w_cnt[8]_i_1_n_0                                                                                          | DPU_i/axi_smc/inst/s00_entry_pipeline/s00_si_converter/inst/areset                                                                                                           |                2 |              9 |         4.50 |
|  DPU_i/processing_system7_0/inst/FCLK_CLK0 | DPU_i/axi_smc/inst/s00_entry_pipeline/s00_si_converter/inst/gen_axilite_conv.axilite_conv_inst/s_buser[0]                                                                                                | DPU_i/axi_smc/inst/s00_entry_pipeline/s00_si_converter/inst/gen_axilite_conv.axilite_conv_inst/b_cnt[8]_i_1_n_0                                                              |                2 |              9 |         4.50 |
|  DPU_i/processing_system7_0/inst/FCLK_CLK0 | DPU_i/dpu_conv_top_0/inst/gmem1_m_axi_U/load_unit_0/buff_rdata/mOutPtr[8]_i_1__16_n_0                                                                                                                    | DPU_i/dpu_conv_top_0/inst/gmem2_m_axi_U/store_unit_0/fifo_wreq/U_fifo_srl/SR[0]                                                                                              |                2 |              9 |         4.50 |
|  DPU_i/processing_system7_0/inst/FCLK_CLK0 | DPU_i/dpu_conv_top_0/inst/gmem1_m_axi_U/load_unit_0/buff_rdata/num_data_cnt[8]_i_1__16_n_0                                                                                                               | DPU_i/dpu_conv_top_0/inst/gmem2_m_axi_U/store_unit_0/fifo_wreq/U_fifo_srl/SR[0]                                                                                              |                3 |              9 |         3.00 |
|  DPU_i/processing_system7_0/inst/FCLK_CLK0 | DPU_i/dpu_conv_top_0/inst/gmem1_3_m_axi_U/load_unit_0/buff_rdata/num_data_cnt[8]_i_1__12_n_0                                                                                                             | DPU_i/dpu_conv_top_0/inst/gmem2_m_axi_U/store_unit_0/fifo_wreq/U_fifo_srl/SR[0]                                                                                              |                3 |              9 |         3.00 |
|  DPU_i/processing_system7_0/inst/FCLK_CLK0 | DPU_i/dpu_conv_top_0/inst/gmem1_4_m_axi_U/load_unit_0/buff_rdata/num_data_cnt[8]_i_1__11_n_0                                                                                                             | DPU_i/dpu_conv_top_0/inst/gmem2_m_axi_U/store_unit_0/fifo_wreq/U_fifo_srl/SR[0]                                                                                              |                3 |              9 |         3.00 |
|  DPU_i/processing_system7_0/inst/FCLK_CLK0 | DPU_i/dpu_conv_top_0/inst/gmem0_5_m_axi_U/load_unit_0/buff_rdata/mOutPtr[8]_i_1__0_n_0                                                                                                                   | DPU_i/dpu_conv_top_0/inst/gmem2_m_axi_U/store_unit_0/fifo_wreq/U_fifo_srl/SR[0]                                                                                              |                3 |              9 |         3.00 |
|  DPU_i/processing_system7_0/inst/FCLK_CLK0 | DPU_i/dpu_conv_top_0/inst/gmem1_5_m_axi_U/load_unit_0/buff_rdata/mOutPtr[8]_i_1__10_n_0                                                                                                                  | DPU_i/dpu_conv_top_0/inst/gmem2_m_axi_U/store_unit_0/fifo_wreq/U_fifo_srl/SR[0]                                                                                              |                3 |              9 |         3.00 |
|  DPU_i/processing_system7_0/inst/FCLK_CLK0 | DPU_i/dpu_conv_top_0/inst/gmem1_5_m_axi_U/load_unit_0/buff_rdata/num_data_cnt[8]_i_1__10_n_0                                                                                                             | DPU_i/dpu_conv_top_0/inst/gmem2_m_axi_U/store_unit_0/fifo_wreq/U_fifo_srl/SR[0]                                                                                              |                3 |              9 |         3.00 |
|  DPU_i/processing_system7_0/inst/FCLK_CLK0 |                                                                                                                                                                                                          | DPU_i/dpu_conv_top_0/inst/grp_conv3x3_relu_fu_393/grp_conv3x3_relu_Pipeline_OH_LOOP_OW_LOOP_IC_LOOP_fu_352/ap_block_pp0_stage3_subdone_grp9_done_reg                         |                7 |              9 |         1.29 |
|  DPU_i/processing_system7_0/inst/FCLK_CLK0 | DPU_i/dpu_conv_top_0/inst/gmem1_0_m_axi_U/load_unit_0/buff_rdata/mOutPtr[8]_i_1__14_n_0                                                                                                                  | DPU_i/dpu_conv_top_0/inst/gmem2_m_axi_U/store_unit_0/fifo_wreq/U_fifo_srl/SR[0]                                                                                              |                3 |              9 |         3.00 |
|  DPU_i/processing_system7_0/inst/FCLK_CLK0 | DPU_i/dpu_conv_top_0/inst/gmem0_1_m_axi_U/load_unit_0/buff_rdata/num_data_cnt[8]_i_1__5_n_0                                                                                                              | DPU_i/dpu_conv_top_0/inst/gmem2_m_axi_U/store_unit_0/fifo_wreq/U_fifo_srl/SR[0]                                                                                              |                3 |              9 |         3.00 |
|  DPU_i/processing_system7_0/inst/FCLK_CLK0 | DPU_i/dpu_conv_top_0/inst/gmem1_3_m_axi_U/load_unit_0/buff_rdata/mOutPtr[8]_i_1__12_n_0                                                                                                                  | DPU_i/dpu_conv_top_0/inst/gmem2_m_axi_U/store_unit_0/fifo_wreq/U_fifo_srl/SR[0]                                                                                              |                3 |              9 |         3.00 |
|  DPU_i/processing_system7_0/inst/FCLK_CLK0 | DPU_i/axi_smc/inst/switchboards/i_nodes/i_ar_node/inst/inst_mi_handler/gen_normal_area.inst_fifo_node_payld/gen_reg_fifo.inst_reg_fifo/gen_single_rank.data[132]_i_1_n_0                                 |                                                                                                                                                                              |                3 |             10 |         3.33 |
|  DPU_i/processing_system7_0/inst/FCLK_CLK0 | DPU_i/dpu_conv_top_0/inst/grp_conv3x3_relu_fu_393/grp_conv3x3_relu_Pipeline_OH_LOOP_OW_LOOP_IC_LOOP_fu_352/indvar_flatten20_fu_3280                                                                      | DPU_i/dpu_conv_top_0/inst/grp_conv3x3_relu_fu_393/grp_conv3x3_relu_Pipeline_OH_LOOP_OW_LOOP_IC_LOOP_fu_352/flow_control_loop_pipe_sequential_init_U/indvar_flatten_fu_316[0] |                3 |             11 |         3.67 |
|  DPU_i/processing_system7_0/inst/FCLK_CLK0 | DPU_i/axi_smc/inst/s00_entry_pipeline/s00_mmu/inst/gen_endpoint.decerr_slave_inst/gen_axi.gen_read.s_axi_rid_i[11]_i_1_n_0                                                                               | DPU_i/axi_smc/inst/s00_entry_pipeline/s00_mmu/inst/areset                                                                                                                    |                5 |             12 |         2.40 |
|  DPU_i/processing_system7_0/inst/FCLK_CLK0 | DPU_i/axi_smc/inst/s00_entry_pipeline/s00_si_converter/inst/gen_axilite_conv.axilite_conv_inst/aw_addr[7]_i_1_n_0                                                                                        | DPU_i/axi_smc/inst/s00_entry_pipeline/s00_si_converter/inst/areset                                                                                                           |                3 |             12 |         4.00 |
|  DPU_i/processing_system7_0/inst/FCLK_CLK0 | DPU_i/axi_smc/inst/s00_entry_pipeline/s00_si_converter/inst/gen_axilite_conv.axilite_conv_inst/ar_addr_d[7]_i_1_n_0                                                                                      | DPU_i/axi_smc/inst/s00_entry_pipeline/s00_si_converter/inst/areset                                                                                                           |                4 |             12 |         3.00 |
|  DPU_i/processing_system7_0/inst/FCLK_CLK0 | DPU_i/axi_smc/inst/s00_entry_pipeline/s00_mmu/inst/gen_endpoint.decerr_slave_inst/gen_axi.gen_write.s_axi_bid_i[11]_i_1_n_0                                                                              | DPU_i/axi_smc/inst/s00_entry_pipeline/s00_mmu/inst/areset                                                                                                                    |                4 |             12 |         3.00 |
|  DPU_i/processing_system7_0/inst/FCLK_CLK0 | DPU_i/dpu_conv_top_0/inst/grp_dpu_conv_top_Pipeline_COPY_OC_COPY_H_COPY_W_fu_479/flow_control_loop_pipe_sequential_init_U/ap_block_pp0_stage0_subdone                                                    | DPU_i/dpu_conv_top_0/inst/gmem2_m_axi_U/store_unit_0/fifo_wreq/U_fifo_srl/SR[0]                                                                                              |                6 |             12 |         2.00 |
|  DPU_i/processing_system7_0/inst/FCLK_CLK0 | DPU_i/axi_smc/inst/s00_entry_pipeline/s00_transaction_regulator/inst/gen_endpoint.gen_w_singleorder.w_singleorder/gen_id_reg.s_rid_i0                                                                    |                                                                                                                                                                              |                4 |             12 |         3.00 |
|  DPU_i/processing_system7_0/inst/FCLK_CLK0 | DPU_i/axi_smc/inst/s00_entry_pipeline/s00_transaction_regulator/inst/gen_endpoint.gen_r_singleorder.r_singleorder/gen_id_reg.s_rid_i0                                                                    |                                                                                                                                                                              |                5 |             12 |         2.40 |
|  DPU_i/processing_system7_0/inst/FCLK_CLK0 | DPU_i/dpu_conv_top_0/inst/grp_dpu_conv_top_Pipeline_POOL_OC_POOL_H_POOL_W_fu_493/indvar_flatten25_fu_124017_out                                                                                          | DPU_i/dpu_conv_top_0/inst/grp_dpu_conv_top_Pipeline_POOL_OC_POOL_H_POOL_W_fu_493/flow_control_loop_pipe_sequential_init_U/indvar_flatten_fu_116[0]                           |                4 |             13 |         3.25 |
|  DPU_i/processing_system7_0/inst/FCLK_CLK0 | DPU_i/dpu_conv_top_0/inst/grp_dpu_conv_top_Pipeline_COPY_OC_COPY_H_COPY_W_fu_479/indvar_flatten35_fu_106[0]                                                                                              | DPU_i/dpu_conv_top_0/inst/grp_dpu_conv_top_Pipeline_COPY_OC_COPY_H_COPY_W_fu_479/flow_control_loop_pipe_sequential_init_U/ap_enable_reg_pp0_iter1_reg                        |                4 |             15 |         3.75 |
|  DPU_i/processing_system7_0/inst/FCLK_CLK0 |                                                                                                                                                                                                          | DPU_i/dpu_conv_top_0/inst/grp_conv3x3_relu_fu_393/grp_conv3x3_relu_Pipeline_OH_LOOP_OW_LOOP_IC_LOOP_fu_352/ap_block_pp0_stage9_subdone_grp99_done_reg                        |                7 |             16 |         2.29 |
|  DPU_i/processing_system7_0/inst/FCLK_CLK0 |                                                                                                                                                                                                          | DPU_i/dpu_conv_top_0/inst/grp_conv3x3_relu_fu_393/grp_conv3x3_relu_Pipeline_OH_LOOP_OW_LOOP_IC_LOOP_fu_352/ap_block_pp0_stage19_subdone_grp281_done_reg                      |               13 |             16 |         1.23 |
|  DPU_i/processing_system7_0/inst/FCLK_CLK0 |                                                                                                                                                                                                          | DPU_i/dpu_conv_top_0/inst/grp_conv3x3_relu_fu_393/grp_conv3x3_relu_Pipeline_OH_LOOP_OW_LOOP_IC_LOOP_fu_352/ap_block_pp0_stage14_subdone_grp201_done_reg                      |               12 |             16 |         1.33 |
|  DPU_i/processing_system7_0/inst/FCLK_CLK0 |                                                                                                                                                                                                          | DPU_i/dpu_conv_top_0/inst/grp_conv3x3_relu_fu_393/grp_conv3x3_relu_Pipeline_OH_LOOP_OW_LOOP_IC_LOOP_fu_352/ap_block_pp0_stage13_subdone_grp185_done_reg                      |               10 |             16 |         1.60 |
|  DPU_i/processing_system7_0/inst/FCLK_CLK0 |                                                                                                                                                                                                          | DPU_i/dpu_conv_top_0/inst/grp_conv3x3_relu_fu_393/grp_conv3x3_relu_Pipeline_OH_LOOP_OW_LOOP_IC_LOOP_fu_352/ap_block_pp0_stage10_subdone_grp121_done_reg                      |                7 |             16 |         2.29 |
|  DPU_i/processing_system7_0/inst/FCLK_CLK0 |                                                                                                                                                                                                          | DPU_i/dpu_conv_top_0/inst/grp_conv3x3_relu_fu_393/grp_conv3x3_relu_Pipeline_OH_LOOP_OW_LOOP_IC_LOOP_fu_352/ap_block_pp0_stage7_subdone_grp73_done_reg                        |                9 |             16 |         1.78 |
|  DPU_i/processing_system7_0/inst/FCLK_CLK0 |                                                                                                                                                                                                          | DPU_i/dpu_conv_top_0/inst/grp_conv3x3_relu_fu_393/grp_conv3x3_relu_Pipeline_OH_LOOP_OW_LOOP_IC_LOOP_fu_352/ap_block_pp0_stage8_subdone_grp89_done_reg                        |               11 |             16 |         1.45 |
|  DPU_i/processing_system7_0/inst/FCLK_CLK0 |                                                                                                                                                                                                          | DPU_i/dpu_conv_top_0/inst/grp_conv3x3_relu_fu_393/grp_conv3x3_relu_Pipeline_OH_LOOP_OW_LOOP_IC_LOOP_fu_352/ap_block_pp0_stage18_subdone_grp265_done_reg                      |               13 |             16 |         1.23 |
|  DPU_i/processing_system7_0/inst/FCLK_CLK0 |                                                                                                                                                                                                          | DPU_i/dpu_conv_top_0/inst/grp_conv3x3_relu_fu_393/grp_conv3x3_relu_Pipeline_OH_LOOP_OW_LOOP_IC_LOOP_fu_352/ap_block_pp0_stage5_subdone_grp41_done_reg                        |                9 |             16 |         1.78 |
|  DPU_i/processing_system7_0/inst/FCLK_CLK0 |                                                                                                                                                                                                          | DPU_i/dpu_conv_top_0/inst/grp_conv3x3_relu_fu_393/grp_conv3x3_relu_Pipeline_OH_LOOP_OW_LOOP_IC_LOOP_fu_352/ap_block_pp0_stage6_subdone_grp57_done_reg                        |                9 |             16 |         1.78 |
|  DPU_i/processing_system7_0/inst/FCLK_CLK0 |                                                                                                                                                                                                          | DPU_i/dpu_conv_top_0/inst/grp_conv3x3_relu_fu_393/grp_conv3x3_relu_Pipeline_OH_LOOP_OW_LOOP_IC_LOOP_fu_352/ap_block_pp0_stage4_subdone_grp25_done_reg                        |                9 |             16 |         1.78 |
|  DPU_i/processing_system7_0/inst/FCLK_CLK0 |                                                                                                                                                                                                          | DPU_i/dpu_conv_top_0/inst/grp_conv3x3_relu_fu_393/grp_conv3x3_relu_Pipeline_OH_LOOP_OW_LOOP_IC_LOOP_fu_352/ap_block_pp0_stage15_subdone_grp217_done_reg                      |               11 |             16 |         1.45 |
|  DPU_i/processing_system7_0/inst/FCLK_CLK0 |                                                                                                                                                                                                          | DPU_i/dpu_conv_top_0/inst/grp_conv3x3_relu_fu_393/grp_conv3x3_relu_Pipeline_OH_LOOP_OW_LOOP_IC_LOOP_fu_352/ap_block_pp0_stage16_subdone_grp233_done_reg                      |               11 |             16 |         1.45 |
|  DPU_i/processing_system7_0/inst/FCLK_CLK0 |                                                                                                                                                                                                          | DPU_i/dpu_conv_top_0/inst/grp_conv3x3_relu_fu_393/grp_conv3x3_relu_Pipeline_OH_LOOP_OW_LOOP_IC_LOOP_fu_352/ap_block_pp0_stage17_subdone_grp290_done_reg                      |               10 |             17 |         1.70 |
|  DPU_i/processing_system7_0/inst/FCLK_CLK0 |                                                                                                                                                                                                          | DPU_i/axi_smc/inst/s00_entry_pipeline/s00_si_converter/inst/areset                                                                                                           |                7 |             17 |         2.43 |
|  DPU_i/processing_system7_0/inst/FCLK_CLK0 | DPU_i/dpu_conv_top_0/inst/grp_conv3x3_relu_fu_393/grp_conv3x3_relu_Pipeline_OH_LOOP_OW_LOOP_IC_LOOP_fu_352/indvar_flatten20_fu_3280                                                                      | DPU_i/dpu_conv_top_0/inst/grp_conv3x3_relu_fu_393/grp_conv3x3_relu_Pipeline_OH_LOOP_OW_LOOP_IC_LOOP_fu_352/flow_control_loop_pipe_sequential_init_U/SR[0]                    |                5 |             19 |         3.80 |
|  DPU_i/processing_system7_0/inst/FCLK_CLK0 | DPU_i/dpu_conv_top_0/inst/gmem1_m_axi_U/bus_read/rreq_burst_conv/burst_sequential/rs_req/p_17_in                                                                                                         | DPU_i/dpu_conv_top_0/inst/gmem2_m_axi_U/store_unit_0/fifo_wreq/U_fifo_srl/SR[0]                                                                                              |                5 |             20 |         4.00 |
|  DPU_i/processing_system7_0/inst/FCLK_CLK0 | DPU_i/dpu_conv_top_0/inst/gmem1_1_m_axi_U/bus_read/rreq_burst_conv/burst_sequential/rs_req/p_17_in                                                                                                       | DPU_i/dpu_conv_top_0/inst/gmem2_m_axi_U/store_unit_0/fifo_wreq/U_fifo_srl/SR[0]                                                                                              |                5 |             20 |         4.00 |
|  DPU_i/processing_system7_0/inst/FCLK_CLK0 | DPU_i/dpu_conv_top_0/inst/gmem1_3_m_axi_U/bus_read/rreq_burst_conv/burst_sequential/rs_req/p_17_in                                                                                                       | DPU_i/dpu_conv_top_0/inst/gmem2_m_axi_U/store_unit_0/fifo_wreq/U_fifo_srl/SR[0]                                                                                              |                5 |             20 |         4.00 |
|  DPU_i/processing_system7_0/inst/FCLK_CLK0 | DPU_i/dpu_conv_top_0/inst/gmem0_0_m_axi_U/bus_read/rreq_burst_conv/burst_sequential/rs_req/p_17_in                                                                                                       | DPU_i/dpu_conv_top_0/inst/gmem2_m_axi_U/store_unit_0/fifo_wreq/U_fifo_srl/SR[0]                                                                                              |                5 |             20 |         4.00 |
|  DPU_i/processing_system7_0/inst/FCLK_CLK0 | DPU_i/dpu_conv_top_0/inst/gmem1_6_m_axi_U/bus_read/rreq_burst_conv/burst_sequential/rs_req/p_17_in                                                                                                       | DPU_i/dpu_conv_top_0/inst/gmem2_m_axi_U/store_unit_0/fifo_wreq/U_fifo_srl/SR[0]                                                                                              |                5 |             20 |         4.00 |
|  DPU_i/processing_system7_0/inst/FCLK_CLK0 | DPU_i/dpu_conv_top_0/inst/gmem0_4_m_axi_U/bus_read/rreq_burst_conv/burst_sequential/rs_req/p_17_in                                                                                                       | DPU_i/dpu_conv_top_0/inst/gmem2_m_axi_U/store_unit_0/fifo_wreq/U_fifo_srl/SR[0]                                                                                              |                5 |             20 |         4.00 |
|  DPU_i/processing_system7_0/inst/FCLK_CLK0 | DPU_i/dpu_conv_top_0/inst/gmem0_3_m_axi_U/bus_read/rreq_burst_conv/burst_sequential/rs_req/p_17_in                                                                                                       | DPU_i/dpu_conv_top_0/inst/gmem2_m_axi_U/store_unit_0/fifo_wreq/U_fifo_srl/SR[0]                                                                                              |                5 |             20 |         4.00 |
|  DPU_i/processing_system7_0/inst/FCLK_CLK0 | DPU_i/dpu_conv_top_0/inst/gmem0_6_m_axi_U/bus_read/rreq_burst_conv/burst_sequential/rs_req/p_17_in                                                                                                       | DPU_i/dpu_conv_top_0/inst/gmem2_m_axi_U/store_unit_0/fifo_wreq/U_fifo_srl/SR[0]                                                                                              |                5 |             20 |         4.00 |
|  DPU_i/processing_system7_0/inst/FCLK_CLK0 | DPU_i/dpu_conv_top_0/inst/gmem0_7_m_axi_U/bus_read/rreq_burst_conv/burst_sequential/rs_req/p_17_in                                                                                                       | DPU_i/dpu_conv_top_0/inst/gmem2_m_axi_U/store_unit_0/fifo_wreq/U_fifo_srl/SR[0]                                                                                              |                5 |             20 |         4.00 |
|  DPU_i/processing_system7_0/inst/FCLK_CLK0 | DPU_i/dpu_conv_top_0/inst/gmem0_1_m_axi_U/bus_read/rreq_burst_conv/burst_sequential/rs_req/p_17_in                                                                                                       | DPU_i/dpu_conv_top_0/inst/gmem2_m_axi_U/store_unit_0/fifo_wreq/U_fifo_srl/SR[0]                                                                                              |                5 |             20 |         4.00 |
|  DPU_i/processing_system7_0/inst/FCLK_CLK0 | DPU_i/dpu_conv_top_0/inst/gmem0_5_m_axi_U/bus_read/rreq_burst_conv/burst_sequential/rs_req/p_17_in                                                                                                       | DPU_i/dpu_conv_top_0/inst/gmem2_m_axi_U/store_unit_0/fifo_wreq/U_fifo_srl/SR[0]                                                                                              |                5 |             20 |         4.00 |
|  DPU_i/processing_system7_0/inst/FCLK_CLK0 | DPU_i/dpu_conv_top_0/inst/grp_conv3x3_relu_fu_393/grp_conv3x3_relu_Pipeline_OH_LOOP_OW_LOOP_IC_LOOP_fu_352/cur_ic_fu_3080                                                                                | DPU_i/dpu_conv_top_0/inst/grp_conv3x3_relu_fu_393/grp_conv3x3_relu_Pipeline_OH_LOOP_OW_LOOP_IC_LOOP_fu_352/flow_control_loop_pipe_sequential_init_U/SR[0]                    |                6 |             20 |         3.33 |
|  DPU_i/processing_system7_0/inst/FCLK_CLK0 | DPU_i/dpu_conv_top_0/inst/gmem2_m_axi_U/bus_read/rreq_burst_conv/burst_sequential/rs_req/p_17_in                                                                                                         | DPU_i/dpu_conv_top_0/inst/gmem2_m_axi_U/store_unit_0/fifo_wreq/U_fifo_srl/SR[0]                                                                                              |                5 |             20 |         4.00 |
|  DPU_i/processing_system7_0/inst/FCLK_CLK0 | DPU_i/dpu_conv_top_0/inst/gmem1_0_m_axi_U/bus_read/rreq_burst_conv/burst_sequential/rs_req/p_17_in                                                                                                       | DPU_i/dpu_conv_top_0/inst/gmem2_m_axi_U/store_unit_0/fifo_wreq/U_fifo_srl/SR[0]                                                                                              |                5 |             20 |         4.00 |
|  DPU_i/processing_system7_0/inst/FCLK_CLK0 | DPU_i/dpu_conv_top_0/inst/gmem1_4_m_axi_U/bus_read/rreq_burst_conv/burst_sequential/rs_req/p_17_in                                                                                                       | DPU_i/dpu_conv_top_0/inst/gmem2_m_axi_U/store_unit_0/fifo_wreq/U_fifo_srl/SR[0]                                                                                              |                5 |             20 |         4.00 |
|  DPU_i/processing_system7_0/inst/FCLK_CLK0 | DPU_i/dpu_conv_top_0/inst/gmem1_7_m_axi_U/bus_read/rreq_burst_conv/burst_sequential/rs_req/p_17_in                                                                                                       | DPU_i/dpu_conv_top_0/inst/gmem2_m_axi_U/store_unit_0/fifo_wreq/U_fifo_srl/SR[0]                                                                                              |                5 |             20 |         4.00 |
|  DPU_i/processing_system7_0/inst/FCLK_CLK0 | DPU_i/dpu_conv_top_0/inst/gmem1_2_m_axi_U/bus_read/rreq_burst_conv/burst_sequential/rs_req/p_17_in                                                                                                       | DPU_i/dpu_conv_top_0/inst/gmem2_m_axi_U/store_unit_0/fifo_wreq/U_fifo_srl/SR[0]                                                                                              |                5 |             20 |         4.00 |
|  DPU_i/processing_system7_0/inst/FCLK_CLK0 | DPU_i/dpu_conv_top_0/inst/gmem1_5_m_axi_U/bus_read/rreq_burst_conv/burst_sequential/rs_req/p_17_in                                                                                                       | DPU_i/dpu_conv_top_0/inst/gmem2_m_axi_U/store_unit_0/fifo_wreq/U_fifo_srl/SR[0]                                                                                              |                5 |             20 |         4.00 |
|  DPU_i/processing_system7_0/inst/FCLK_CLK0 | DPU_i/dpu_conv_top_0/inst/gmem0_2_m_axi_U/bus_read/rreq_burst_conv/burst_sequential/rs_req/p_17_in                                                                                                       | DPU_i/dpu_conv_top_0/inst/gmem2_m_axi_U/store_unit_0/fifo_wreq/U_fifo_srl/SR[0]                                                                                              |                5 |             20 |         4.00 |
|  DPU_i/processing_system7_0/inst/FCLK_CLK0 | DPU_i/dpu_conv_top_0/inst/grp_dpu_conv_top_Pipeline_POOL_OC_POOL_H_POOL_W_fu_493/indvar_flatten25_fu_124017_out                                                                                          | DPU_i/dpu_conv_top_0/inst/grp_dpu_conv_top_Pipeline_POOL_OC_POOL_H_POOL_W_fu_493/flow_control_loop_pipe_sequential_init_U/indvar_flatten25_fu_1240                           |                6 |             22 |         3.67 |
|  DPU_i/processing_system7_0/inst/FCLK_CLK0 |                                                                                                                                                                                                          | DPU_i/axi_smc/inst/s00_entry_pipeline/s00_mmu/inst/areset                                                                                                                    |                6 |             23 |         3.83 |
|  DPU_i/processing_system7_0/inst/FCLK_CLK0 | DPU_i/dpu_conv_top_0/inst/CTRL_s_axi_U/ar_hs                                                                                                                                                             | DPU_i/dpu_conv_top_0/inst/CTRL_s_axi_U/rdata[31]_i_1__0_n_0                                                                                                                  |               12 |             23 |         1.92 |
|  DPU_i/processing_system7_0/inst/FCLK_CLK0 |                                                                                                                                                                                                          | DPU_i/dpu_conv_top_0/inst/grp_conv3x3_relu_fu_393/grp_conv3x3_relu_Pipeline_OH_LOOP_OW_LOOP_IC_LOOP_fu_352/ap_block_pp0_stage12_subdone_grp169_done_reg                      |               13 |             24 |         1.85 |
|  DPU_i/processing_system7_0/inst/FCLK_CLK0 |                                                                                                                                                                                                          | DPU_i/dpu_conv_top_0/inst/grp_conv3x3_relu_fu_393/grp_conv3x3_relu_Pipeline_OH_LOOP_OW_LOOP_IC_LOOP_fu_352/ap_block_pp0_stage11_subdone_grp145_done_reg                      |               12 |             24 |         2.00 |
|  DPU_i/processing_system7_0/inst/FCLK_CLK0 | DPU_i/dpu_conv_top_0/inst/gmem0_m_axi_U/bus_write/wreq_burst_conv/burst_sequential/rs_req/p_17_in                                                                                                        | DPU_i/dpu_conv_top_0/inst/gmem2_m_axi_U/store_unit_0/fifo_wreq/U_fifo_srl/SR[0]                                                                                              |                8 |             25 |         3.12 |
|  DPU_i/processing_system7_0/inst/FCLK_CLK0 | DPU_i/dpu_conv_top_0/inst/gmem2_m_axi_U/bus_write/wreq_burst_conv/burst_sequential/rs_req/p_17_in                                                                                                        | DPU_i/dpu_conv_top_0/inst/gmem2_m_axi_U/store_unit_0/fifo_wreq/U_fifo_srl/SR[0]                                                                                              |                9 |             25 |         2.78 |
|  DPU_i/processing_system7_0/inst/FCLK_CLK0 | DPU_i/dpu_conv_top_0/inst/gmem0_m_axi_U/store_unit_0/buff_wdata/U_fifo_srl/full_n_reg                                                                                                                    | DPU_i/dpu_conv_top_0/inst/gmem2_m_axi_U/store_unit_0/fifo_wreq/U_fifo_srl/SR[0]                                                                                              |                8 |             30 |         3.75 |
|  DPU_i/processing_system7_0/inst/FCLK_CLK0 | DPU_i/dpu_conv_top_0/inst/gmem2_m_axi_U/store_unit_0/buff_wdata/p_65_in                                                                                                                                  | DPU_i/dpu_conv_top_0/inst/gmem2_m_axi_U/store_unit_0/fifo_wreq/U_fifo_srl/SR[0]                                                                                              |                8 |             30 |         3.75 |
|  DPU_i/processing_system7_0/inst/FCLK_CLK0 | DPU_i/dpu_conv_top_0/inst/control_s_axi_U/int_weight_6[31]_i_1_n_0                                                                                                                                       | DPU_i/dpu_conv_top_0/inst/gmem2_m_axi_U/store_unit_0/fifo_wreq/U_fifo_srl/SR[0]                                                                                              |                7 |             32 |         4.57 |
|  DPU_i/processing_system7_0/inst/FCLK_CLK0 | DPU_i/dpu_conv_top_0/inst/control_s_axi_U/rdata[31]_i_2_n_0                                                                                                                                              | DPU_i/dpu_conv_top_0/inst/control_s_axi_U/rdata[31]_i_1_n_0                                                                                                                  |                9 |             32 |         3.56 |
|  DPU_i/processing_system7_0/inst/FCLK_CLK0 | DPU_i/axi_smc/inst/s00_entry_pipeline/s00_si_converter/inst/gen_axilite_conv.axilite_conv_inst/s_axi_rdata_i[31]_i_1_n_0                                                                                 | DPU_i/axi_smc/inst/s00_entry_pipeline/s00_si_converter/inst/areset                                                                                                           |                6 |             32 |         5.33 |
|  DPU_i/processing_system7_0/inst/FCLK_CLK0 | DPU_i/axi_smc/inst/s00_entry_pipeline/s00_si_converter/inst/gen_axilite_conv.axilite_conv_inst/m_aruser[0]                                                                                               | DPU_i/axi_smc/inst/s00_entry_pipeline/s00_si_converter/inst/areset                                                                                                           |                9 |             32 |         3.56 |
|  DPU_i/processing_system7_0/inst/FCLK_CLK0 | DPU_i/axi_smc/inst/switchboards/i_nodes/i_r_node/inst/inst_si_handler/gen_si_handler.gen_arbiter_rr_minimal_area.inst_arbiter/s_sc_valid                                                                 |                                                                                                                                                                              |                7 |             32 |         4.57 |
|  DPU_i/processing_system7_0/inst/FCLK_CLK0 | DPU_i/dpu_conv_top_0/inst/control_s_axi_U/int_ifmap_3[63]_i_1_n_0                                                                                                                                        | DPU_i/dpu_conv_top_0/inst/gmem2_m_axi_U/store_unit_0/fifo_wreq/U_fifo_srl/SR[0]                                                                                              |                6 |             32 |         5.33 |
|  DPU_i/processing_system7_0/inst/FCLK_CLK0 | DPU_i/dpu_conv_top_0/inst/grp_conv3x3_relu_fu_393/grp_conv3x3_relu_Pipeline_OH_LOOP_OW_LOOP_IC_LOOP_fu_352/ap_condition_18001                                                                            |                                                                                                                                                                              |                8 |             32 |         4.00 |
|  DPU_i/processing_system7_0/inst/FCLK_CLK0 | DPU_i/dpu_conv_top_0/inst/grp_conv3x3_relu_fu_393/grp_conv3x3_relu_Pipeline_OH_LOOP_OW_LOOP_IC_LOOP_fu_352/ap_phi_reg_pp0_iter0_mac_count_5_reg_7970                                                     |                                                                                                                                                                              |               10 |             32 |         3.20 |
|  DPU_i/processing_system7_0/inst/FCLK_CLK0 | DPU_i/dpu_conv_top_0/inst/grp_conv3x3_relu_fu_393/grp_conv3x3_relu_Pipeline_OH_LOOP_OW_LOOP_IC_LOOP_fu_352/ap_phi_reg_pp0_iter0_mac_count_7_reg_9130                                                     |                                                                                                                                                                              |               10 |             32 |         3.20 |
|  DPU_i/processing_system7_0/inst/FCLK_CLK0 | DPU_i/dpu_conv_top_0/inst/grp_conv3x3_relu_fu_393/grp_conv3x3_relu_Pipeline_OH_LOOP_OW_LOOP_IC_LOOP_fu_352/ap_phi_reg_pp0_iter0_mac_count_9_reg_10760                                                    |                                                                                                                                                                              |                8 |             32 |         4.00 |
|  DPU_i/processing_system7_0/inst/FCLK_CLK0 | DPU_i/dpu_conv_top_0/inst/grp_conv3x3_relu_fu_393/grp_conv3x3_relu_Pipeline_OH_LOOP_OW_LOOP_IC_LOOP_fu_352/ap_phi_reg_pp0_iter0_mac_count_13_reg_14040                                                   |                                                                                                                                                                              |               11 |             32 |         2.91 |
|  DPU_i/processing_system7_0/inst/FCLK_CLK0 | DPU_i/dpu_conv_top_0/inst/grp_conv3x3_relu_fu_393/grp_conv3x3_relu_Pipeline_OH_LOOP_OW_LOOP_IC_LOOP_fu_352/ap_phi_reg_pp0_iter0_mac_count_15_reg_15650                                                   |                                                                                                                                                                              |                9 |             32 |         3.56 |
|  DPU_i/processing_system7_0/inst/FCLK_CLK0 | DPU_i/dpu_conv_top_0/inst/grp_conv3x3_relu_fu_393/grp_conv3x3_relu_Pipeline_OH_LOOP_OW_LOOP_IC_LOOP_fu_352/ap_phi_reg_pp0_iter0_mac_count_17_reg_17290                                                   |                                                                                                                                                                              |               11 |             32 |         2.91 |
|  DPU_i/processing_system7_0/inst/FCLK_CLK0 | DPU_i/dpu_conv_top_0/inst/grp_conv3x3_relu_fu_393/grp_conv3x3_relu_Pipeline_OH_LOOP_OW_LOOP_IC_LOOP_fu_352/ap_phi_reg_pp0_iter0_mac_count_19_reg_18930                                                   |                                                                                                                                                                              |                9 |             32 |         3.56 |
|  DPU_i/processing_system7_0/inst/FCLK_CLK0 | DPU_i/dpu_conv_top_0/inst/grp_conv3x3_relu_fu_393/grp_conv3x3_relu_Pipeline_OH_LOOP_OW_LOOP_IC_LOOP_fu_352/ap_condition_17981                                                                            |                                                                                                                                                                              |                5 |             32 |         6.40 |
|  DPU_i/processing_system7_0/inst/FCLK_CLK0 | DPU_i/dpu_conv_top_0/inst/grp_conv3x3_relu_fu_393/grp_conv3x3_relu_Pipeline_OH_LOOP_OW_LOOP_IC_LOOP_fu_352/ap_condition_18041                                                                            |                                                                                                                                                                              |                6 |             32 |         5.33 |
|  DPU_i/processing_system7_0/inst/FCLK_CLK0 | DPU_i/dpu_conv_top_0/inst/grp_conv3x3_relu_fu_393/grp_conv3x3_relu_Pipeline_OH_LOOP_OW_LOOP_IC_LOOP_fu_352/ap_condition_18118                                                                            |                                                                                                                                                                              |                4 |             32 |         8.00 |
|  DPU_i/processing_system7_0/inst/FCLK_CLK0 | DPU_i/dpu_conv_top_0/inst/grp_conv3x3_relu_fu_393/grp_conv3x3_relu_Pipeline_OH_LOOP_OW_LOOP_IC_LOOP_fu_352/ap_condition_18146                                                                            |                                                                                                                                                                              |                9 |             32 |         3.56 |
|  DPU_i/processing_system7_0/inst/FCLK_CLK0 | DPU_i/dpu_conv_top_0/inst/grp_conv3x3_relu_fu_393/grp_conv3x3_relu_Pipeline_OH_LOOP_OW_LOOP_IC_LOOP_fu_352/ap_condition_9432                                                                             |                                                                                                                                                                              |               12 |             32 |         2.67 |
|  DPU_i/processing_system7_0/inst/FCLK_CLK0 | DPU_i/dpu_conv_top_0/inst/grp_conv3x3_relu_fu_393/grp_conv3x3_relu_Pipeline_OH_LOOP_OW_LOOP_IC_LOOP_fu_352/ap_condition_18075                                                                            |                                                                                                                                                                              |                5 |             32 |         6.40 |
|  DPU_i/processing_system7_0/inst/FCLK_CLK0 | DPU_i/dpu_conv_top_0/inst/grp_conv3x3_relu_fu_393/grp_conv3x3_relu_Pipeline_OH_LOOP_OW_LOOP_IC_LOOP_fu_352/ap_condition_18090                                                                            |                                                                                                                                                                              |                5 |             32 |         6.40 |
|  DPU_i/processing_system7_0/inst/FCLK_CLK0 | DPU_i/dpu_conv_top_0/inst/grp_conv3x3_relu_fu_393/grp_conv3x3_relu_Pipeline_OH_LOOP_OW_LOOP_IC_LOOP_fu_352/ap_condition_9537                                                                             |                                                                                                                                                                              |                7 |             32 |         4.57 |
|  DPU_i/processing_system7_0/inst/FCLK_CLK0 | DPU_i/dpu_conv_top_0/inst/grp_conv3x3_relu_fu_393/grp_conv3x3_relu_Pipeline_OH_LOOP_OW_LOOP_IC_LOOP_fu_352/ap_condition_18021                                                                            |                                                                                                                                                                              |                6 |             32 |         5.33 |
|  DPU_i/processing_system7_0/inst/FCLK_CLK0 | DPU_i/dpu_conv_top_0/inst/grp_conv3x3_relu_fu_393/grp_conv3x3_relu_Pipeline_OH_LOOP_OW_LOOP_IC_LOOP_fu_352/ap_condition_9328                                                                             |                                                                                                                                                                              |               10 |             32 |         3.20 |
|  DPU_i/processing_system7_0/inst/FCLK_CLK0 | DPU_i/dpu_conv_top_0/inst/grp_conv3x3_relu_fu_393/grp_conv3x3_relu_Pipeline_OH_LOOP_OW_LOOP_IC_LOOP_fu_352/ap_condition_18061                                                                            |                                                                                                                                                                              |                7 |             32 |         4.57 |
|  DPU_i/processing_system7_0/inst/FCLK_CLK0 | DPU_i/dpu_conv_top_0/inst/grp_conv3x3_relu_fu_393/grp_conv3x3_relu_Pipeline_OH_LOOP_OW_LOOP_IC_LOOP_fu_352/ap_phi_reg_pp0_iter0_mac_count_11_reg_12400                                                   |                                                                                                                                                                              |               10 |             32 |         3.20 |
|  DPU_i/processing_system7_0/inst/FCLK_CLK0 | DPU_i/dpu_conv_top_0/inst/grp_conv3x3_relu_fu_393/grp_conv3x3_relu_Pipeline_OH_LOOP_OW_LOOP_IC_LOOP_fu_352/ap_CS_fsm_pp0_stage0                                                                          |                                                                                                                                                                              |               12 |             32 |         2.67 |
|  DPU_i/processing_system7_0/inst/FCLK_CLK0 | DPU_i/dpu_conv_top_0/inst/grp_conv3x3_relu_fu_393/grp_conv3x3_relu_Pipeline_OH_LOOP_OW_LOOP_IC_LOOP_fu_352/ap_CS_fsm_pp0_stage28                                                                         |                                                                                                                                                                              |                9 |             32 |         3.56 |
|  DPU_i/processing_system7_0/inst/FCLK_CLK0 | DPU_i/dpu_conv_top_0/inst/grp_conv3x3_relu_fu_393/grp_conv3x3_relu_Pipeline_OH_LOOP_OW_LOOP_IC_LOOP_fu_352/ap_CS_fsm_pp0_stage40                                                                         |                                                                                                                                                                              |                9 |             32 |         3.56 |
|  DPU_i/processing_system7_0/inst/FCLK_CLK0 | DPU_i/dpu_conv_top_0/inst/grp_conv3x3_relu_fu_393/grp_conv3x3_relu_Pipeline_OH_LOOP_OW_LOOP_IC_LOOP_fu_352/ap_CS_fsm_pp0_stage26                                                                         |                                                                                                                                                                              |                9 |             32 |         3.56 |
|  DPU_i/processing_system7_0/inst/FCLK_CLK0 | DPU_i/dpu_conv_top_0/inst/grp_conv3x3_relu_fu_393/grp_conv3x3_relu_Pipeline_OH_LOOP_OW_LOOP_IC_LOOP_fu_352/ap_CS_fsm_pp0_stage34                                                                         |                                                                                                                                                                              |                9 |             32 |         3.56 |
|  DPU_i/processing_system7_0/inst/FCLK_CLK0 | DPU_i/dpu_conv_top_0/inst/grp_conv3x3_relu_fu_393/grp_conv3x3_relu_Pipeline_OH_LOOP_OW_LOOP_IC_LOOP_fu_352/ap_CS_fsm_pp0_stage24                                                                         |                                                                                                                                                                              |                9 |             32 |         3.56 |
|  DPU_i/processing_system7_0/inst/FCLK_CLK0 | DPU_i/dpu_conv_top_0/inst/grp_conv3x3_relu_fu_393/grp_conv3x3_relu_Pipeline_OH_LOOP_OW_LOOP_IC_LOOP_fu_352/ap_CS_fsm_pp0_stage36                                                                         |                                                                                                                                                                              |                9 |             32 |         3.56 |
|  DPU_i/processing_system7_0/inst/FCLK_CLK0 | DPU_i/dpu_conv_top_0/inst/grp_conv3x3_relu_fu_393/grp_conv3x3_relu_Pipeline_OH_LOOP_OW_LOOP_IC_LOOP_fu_352/ap_CS_fsm_pp0_stage32                                                                         |                                                                                                                                                                              |                9 |             32 |         3.56 |
|  DPU_i/processing_system7_0/inst/FCLK_CLK0 | DPU_i/dpu_conv_top_0/inst/grp_conv3x3_relu_fu_393/grp_conv3x3_relu_Pipeline_OH_LOOP_OW_LOOP_IC_LOOP_fu_352/ap_CS_fsm_pp0_stage50                                                                         |                                                                                                                                                                              |                9 |             32 |         3.56 |
|  DPU_i/processing_system7_0/inst/FCLK_CLK0 | DPU_i/dpu_conv_top_0/inst/grp_conv3x3_relu_fu_393/grp_conv3x3_relu_Pipeline_OH_LOOP_OW_LOOP_IC_LOOP_fu_352/ap_CS_fsm_pp0_stage42                                                                         |                                                                                                                                                                              |                9 |             32 |         3.56 |
|  DPU_i/processing_system7_0/inst/FCLK_CLK0 | DPU_i/dpu_conv_top_0/inst/grp_conv3x3_relu_fu_393/grp_conv3x3_relu_Pipeline_OH_LOOP_OW_LOOP_IC_LOOP_fu_352/ap_CS_fsm_pp0_stage60                                                                         |                                                                                                                                                                              |                9 |             32 |         3.56 |
|  DPU_i/processing_system7_0/inst/FCLK_CLK0 | DPU_i/dpu_conv_top_0/inst/grp_conv3x3_relu_fu_393/grp_conv3x3_relu_Pipeline_OH_LOOP_OW_LOOP_IC_LOOP_fu_352/ap_CS_fsm_pp0_stage56                                                                         |                                                                                                                                                                              |                9 |             32 |         3.56 |
|  DPU_i/processing_system7_0/inst/FCLK_CLK0 | DPU_i/dpu_conv_top_0/inst/grp_conv3x3_relu_fu_393/grp_conv3x3_relu_Pipeline_OH_LOOP_OW_LOOP_IC_LOOP_fu_352/ap_CS_fsm_pp0_stage44                                                                         |                                                                                                                                                                              |                9 |             32 |         3.56 |
|  DPU_i/processing_system7_0/inst/FCLK_CLK0 | DPU_i/dpu_conv_top_0/inst/grp_conv3x3_relu_fu_393/grp_conv3x3_relu_Pipeline_OH_LOOP_OW_LOOP_IC_LOOP_fu_352/ap_CS_fsm_pp0_stage58                                                                         |                                                                                                                                                                              |                9 |             32 |         3.56 |
|  DPU_i/processing_system7_0/inst/FCLK_CLK0 | DPU_i/dpu_conv_top_0/inst/grp_conv3x3_relu_fu_393/grp_conv3x3_relu_Pipeline_OH_LOOP_OW_LOOP_IC_LOOP_fu_352/ap_CS_fsm_pp0_stage48                                                                         |                                                                                                                                                                              |                9 |             32 |         3.56 |
|  DPU_i/processing_system7_0/inst/FCLK_CLK0 | DPU_i/dpu_conv_top_0/inst/grp_conv3x3_relu_fu_393/grp_conv3x3_relu_Pipeline_OH_LOOP_OW_LOOP_IC_LOOP_fu_352/ap_CS_fsm_pp0_stage52                                                                         |                                                                                                                                                                              |                9 |             32 |         3.56 |
|  DPU_i/processing_system7_0/inst/FCLK_CLK0 | DPU_i/dpu_conv_top_0/inst/grp_conv3x3_relu_fu_393/grp_conv3x3_relu_Pipeline_OH_LOOP_OW_LOOP_IC_LOOP_fu_352/ap_CS_fsm_pp0_stage64                                                                         |                                                                                                                                                                              |                9 |             32 |         3.56 |
|  DPU_i/processing_system7_0/inst/FCLK_CLK0 | DPU_i/dpu_conv_top_0/inst/grp_conv3x3_relu_fu_393/grp_conv3x3_relu_Pipeline_OH_LOOP_OW_LOOP_IC_LOOP_fu_352/ap_phi_reg_pp0_iter0_mac_count_16_reg_1604[0]                                                 |                                                                                                                                                                              |               11 |             32 |         2.91 |
|  DPU_i/processing_system7_0/inst/FCLK_CLK0 | DPU_i/dpu_conv_top_0/inst/grp_conv3x3_relu_fu_393/grp_conv3x3_relu_Pipeline_OH_LOOP_OW_LOOP_IC_LOOP_fu_352/ap_phi_reg_pp0_iter0_mac_count_18_reg_1768[0]                                                 |                                                                                                                                                                              |               10 |             32 |         3.20 |
|  DPU_i/processing_system7_0/inst/FCLK_CLK0 | DPU_i/dpu_conv_top_0/inst/grp_conv3x3_relu_fu_393/grp_conv3x3_relu_Pipeline_OH_LOOP_OW_LOOP_IC_LOOP_fu_352/ap_phi_reg_pp0_iter0_mac_count_10_reg_1112[0]                                                 |                                                                                                                                                                              |               10 |             32 |         3.20 |
|  DPU_i/processing_system7_0/inst/FCLK_CLK0 | DPU_i/dpu_conv_top_0/inst/grp_conv3x3_relu_fu_393/grp_conv3x3_relu_Pipeline_OH_LOOP_OW_LOOP_IC_LOOP_fu_352/ap_phi_reg_pp0_iter0_mac_count_12_reg_1276[0]                                                 |                                                                                                                                                                              |               12 |             32 |         2.67 |
|  DPU_i/processing_system7_0/inst/FCLK_CLK0 | DPU_i/dpu_conv_top_0/inst/grp_conv3x3_relu_fu_393/grp_conv3x3_relu_Pipeline_OH_LOOP_OW_LOOP_IC_LOOP_fu_352/ap_phi_reg_pp0_iter0_mac_count_14_reg_1440[0]                                                 |                                                                                                                                                                              |               11 |             32 |         2.91 |
|  DPU_i/processing_system7_0/inst/FCLK_CLK0 | DPU_i/dpu_conv_top_0/inst/grp_conv3x3_relu_fu_393/grp_conv3x3_relu_Pipeline_OH_LOOP_OW_LOOP_IC_LOOP_fu_352/ap_phi_reg_pp0_iter0_mac_count_21_reg_1883[0]                                                 |                                                                                                                                                                              |                9 |             32 |         3.56 |
|  DPU_i/processing_system7_0/inst/FCLK_CLK0 | DPU_i/dpu_conv_top_0/inst/grp_conv3x3_relu_fu_393/grp_conv3x3_relu_Pipeline_OH_LOOP_OW_LOOP_IC_LOOP_fu_352/ap_phi_reg_pp0_iter0_mac_count_25_reg_1811[0]                                                 |                                                                                                                                                                              |                9 |             32 |         3.56 |
|  DPU_i/processing_system7_0/inst/FCLK_CLK0 | DPU_i/dpu_conv_top_0/inst/grp_conv3x3_relu_fu_393/grp_conv3x3_relu_Pipeline_OH_LOOP_OW_LOOP_IC_LOOP_fu_352/ap_phi_reg_pp0_iter0_mac_count_27_reg_1719[0]                                                 |                                                                                                                                                                              |                8 |             32 |         4.00 |
|  DPU_i/processing_system7_0/inst/FCLK_CLK0 | DPU_i/dpu_conv_top_0/inst/grp_conv3x3_relu_fu_393/grp_conv3x3_relu_Pipeline_OH_LOOP_OW_LOOP_IC_LOOP_fu_352/ap_phi_reg_pp0_iter0_mac_count_31_reg_1647[0]                                                 |                                                                                                                                                                              |               10 |             32 |         3.20 |
|  DPU_i/processing_system7_0/inst/FCLK_CLK0 | DPU_i/dpu_conv_top_0/inst/grp_conv3x3_relu_fu_393/grp_conv3x3_relu_Pipeline_OH_LOOP_OW_LOOP_IC_LOOP_fu_352/ap_phi_reg_pp0_iter0_mac_count_33_reg_1555[0]                                                 |                                                                                                                                                                              |               10 |             32 |         3.20 |
|  DPU_i/processing_system7_0/inst/FCLK_CLK0 | DPU_i/dpu_conv_top_0/inst/grp_conv3x3_relu_fu_393/grp_conv3x3_relu_Pipeline_OH_LOOP_OW_LOOP_IC_LOOP_fu_352/ap_phi_reg_pp0_iter0_mac_count_37_reg_1483[0]                                                 |                                                                                                                                                                              |                9 |             32 |         3.56 |
|  DPU_i/processing_system7_0/inst/FCLK_CLK0 | DPU_i/dpu_conv_top_0/inst/grp_conv3x3_relu_fu_393/grp_conv3x3_relu_Pipeline_OH_LOOP_OW_LOOP_IC_LOOP_fu_352/ap_phi_reg_pp0_iter0_mac_count_39_reg_1394[0]                                                 |                                                                                                                                                                              |               13 |             32 |         2.46 |
|  DPU_i/processing_system7_0/inst/FCLK_CLK0 | DPU_i/dpu_conv_top_0/inst/grp_conv3x3_relu_fu_393/grp_conv3x3_relu_Pipeline_OH_LOOP_OW_LOOP_IC_LOOP_fu_352/ap_phi_reg_pp0_iter0_mac_count_43_reg_1308[0]                                                 |                                                                                                                                                                              |               11 |             32 |         2.91 |
|  DPU_i/processing_system7_0/inst/FCLK_CLK0 | DPU_i/dpu_conv_top_0/inst/grp_conv3x3_relu_fu_393/grp_conv3x3_relu_Pipeline_OH_LOOP_OW_LOOP_IC_LOOP_fu_352/ap_phi_reg_pp0_iter0_mac_count_49_reg_1143[0]                                                 |                                                                                                                                                                              |                9 |             32 |         3.56 |
|  DPU_i/processing_system7_0/inst/FCLK_CLK0 | DPU_i/dpu_conv_top_0/inst/grp_conv3x3_relu_fu_393/grp_conv3x3_relu_Pipeline_OH_LOOP_OW_LOOP_IC_LOOP_fu_352/ap_phi_reg_pp0_iter0_mac_count_45_reg_1230[0]                                                 |                                                                                                                                                                              |                9 |             32 |         3.56 |
|  DPU_i/processing_system7_0/inst/FCLK_CLK0 | DPU_i/dpu_conv_top_0/inst/grp_conv3x3_relu_fu_393/grp_conv3x3_relu_Pipeline_OH_LOOP_OW_LOOP_IC_LOOP_fu_352/ap_phi_reg_pp0_iter0_mac_count_51_reg_1066[0]                                                 |                                                                                                                                                                              |                9 |             32 |         3.56 |
|  DPU_i/processing_system7_0/inst/FCLK_CLK0 | DPU_i/dpu_conv_top_0/inst/grp_conv3x3_relu_fu_393/grp_conv3x3_relu_Pipeline_OH_LOOP_OW_LOOP_IC_LOOP_fu_352/ap_phi_reg_pp0_iter0_mac_count_55_reg_980[0]                                                  |                                                                                                                                                                              |                8 |             32 |         4.00 |
|  DPU_i/processing_system7_0/inst/FCLK_CLK0 | DPU_i/dpu_conv_top_0/inst/grp_conv3x3_relu_fu_393/grp_conv3x3_relu_Pipeline_OH_LOOP_OW_LOOP_IC_LOOP_fu_352/ap_phi_reg_pp0_iter0_mac_count_57_reg_903[0]                                                  |                                                                                                                                                                              |                8 |             32 |         4.00 |
|  DPU_i/processing_system7_0/inst/FCLK_CLK0 | DPU_i/dpu_conv_top_0/inst/grp_conv3x3_relu_fu_393/grp_conv3x3_relu_Pipeline_OH_LOOP_OW_LOOP_IC_LOOP_fu_352/ap_phi_reg_pp0_iter0_mac_count_61_reg_831[0]                                                  |                                                                                                                                                                              |               10 |             32 |         3.20 |
|  DPU_i/processing_system7_0/inst/FCLK_CLK0 | DPU_i/dpu_conv_top_0/inst/grp_conv3x3_relu_fu_393/grp_conv3x3_relu_Pipeline_OH_LOOP_OW_LOOP_IC_LOOP_fu_352/ap_phi_reg_pp0_iter0_mac_count_63_reg_787[0]                                                  |                                                                                                                                                                              |               16 |             32 |         2.00 |
|  DPU_i/processing_system7_0/inst/FCLK_CLK0 | DPU_i/dpu_conv_top_0/inst/grp_conv3x3_relu_fu_393/grp_conv3x3_relu_Pipeline_OH_LOOP_OW_LOOP_IC_LOOP_fu_352/ap_phi_reg_pp0_iter0_mac_count_67_reg_747[0]                                                  |                                                                                                                                                                              |               11 |             32 |         2.91 |
|  DPU_i/processing_system7_0/inst/FCLK_CLK0 | DPU_i/dpu_conv_top_0/inst/grp_conv3x3_relu_fu_393/grp_conv3x3_relu_Pipeline_OH_LOOP_OW_LOOP_IC_LOOP_fu_352/ap_phi_reg_pp0_iter0_mac_count_8_reg_938[0]                                                   |                                                                                                                                                                              |                9 |             32 |         3.56 |
|  DPU_i/processing_system7_0/inst/FCLK_CLK0 | DPU_i/dpu_conv_top_0/inst/grp_conv3x3_relu_fu_393/grp_conv3x3_relu_Pipeline_OH_LOOP_OW_LOOP_IC_LOOP_fu_352/ap_phi_reg_pp0_iter0_mac_count_6_reg_810[0]                                                   |                                                                                                                                                                              |               10 |             32 |         3.20 |
|  DPU_i/processing_system7_0/inst/FCLK_CLK0 | DPU_i/dpu_conv_top_0/inst/grp_dpu_conv_top_Pipeline_COPY_OC_COPY_H_COPY_W_fu_479/indvar_flatten35_fu_106[0]                                                                                              | DPU_i/dpu_conv_top_0/inst/grp_dpu_conv_top_Pipeline_COPY_OC_COPY_H_COPY_W_fu_479/flow_control_loop_pipe_sequential_init_U/SR[0]                                              |                8 |             32 |         4.00 |
|  DPU_i/processing_system7_0/inst/FCLK_CLK0 | DPU_i/dpu_conv_top_0/inst/control_s_axi_U/int_conv_scratch[31]_i_1_n_0                                                                                                                                   | DPU_i/dpu_conv_top_0/inst/gmem2_m_axi_U/store_unit_0/fifo_wreq/U_fifo_srl/SR[0]                                                                                              |                5 |             32 |         6.40 |
|  DPU_i/processing_system7_0/inst/FCLK_CLK0 | DPU_i/dpu_conv_top_0/inst/control_s_axi_U/int_ifmap_0[31]_i_1_n_0                                                                                                                                        | DPU_i/dpu_conv_top_0/inst/gmem2_m_axi_U/store_unit_0/fifo_wreq/U_fifo_srl/SR[0]                                                                                              |               10 |             32 |         3.20 |
|  DPU_i/processing_system7_0/inst/FCLK_CLK0 | DPU_i/dpu_conv_top_0/inst/control_s_axi_U/int_bias[31]_i_1_n_0                                                                                                                                           | DPU_i/dpu_conv_top_0/inst/gmem2_m_axi_U/store_unit_0/fifo_wreq/U_fifo_srl/SR[0]                                                                                              |                5 |             32 |         6.40 |
|  DPU_i/processing_system7_0/inst/FCLK_CLK0 | DPU_i/dpu_conv_top_0/inst/control_s_axi_U/int_bias[63]_i_1_n_0                                                                                                                                           | DPU_i/dpu_conv_top_0/inst/gmem2_m_axi_U/store_unit_0/fifo_wreq/U_fifo_srl/SR[0]                                                                                              |                7 |             32 |         4.57 |
|  DPU_i/processing_system7_0/inst/FCLK_CLK0 | DPU_i/dpu_conv_top_0/inst/control_s_axi_U/int_conv_scratch[63]_i_1_n_0                                                                                                                                   | DPU_i/dpu_conv_top_0/inst/gmem2_m_axi_U/store_unit_0/fifo_wreq/U_fifo_srl/SR[0]                                                                                              |                7 |             32 |         4.57 |
|  DPU_i/processing_system7_0/inst/FCLK_CLK0 | DPU_i/dpu_conv_top_0/inst/control_s_axi_U/int_ifmap_6[63]_i_1_n_0                                                                                                                                        | DPU_i/dpu_conv_top_0/inst/gmem2_m_axi_U/store_unit_0/fifo_wreq/U_fifo_srl/SR[0]                                                                                              |                9 |             32 |         3.56 |
|  DPU_i/processing_system7_0/inst/FCLK_CLK0 | DPU_i/dpu_conv_top_0/inst/control_s_axi_U/int_weight_0[63]_i_1_n_0                                                                                                                                       | DPU_i/dpu_conv_top_0/inst/gmem2_m_axi_U/store_unit_0/fifo_wreq/U_fifo_srl/SR[0]                                                                                              |                9 |             32 |         3.56 |
|  DPU_i/processing_system7_0/inst/FCLK_CLK0 | DPU_i/dpu_conv_top_0/inst/control_s_axi_U/int_weight_2[63]_i_1_n_0                                                                                                                                       | DPU_i/dpu_conv_top_0/inst/gmem2_m_axi_U/store_unit_0/fifo_wreq/U_fifo_srl/SR[0]                                                                                              |                7 |             32 |         4.57 |
|  DPU_i/processing_system7_0/inst/FCLK_CLK0 | DPU_i/dpu_conv_top_0/inst/control_s_axi_U/int_weight_0[31]_i_1_n_0                                                                                                                                       | DPU_i/dpu_conv_top_0/inst/gmem2_m_axi_U/store_unit_0/fifo_wreq/U_fifo_srl/SR[0]                                                                                              |                9 |             32 |         3.56 |
|  DPU_i/processing_system7_0/inst/FCLK_CLK0 | DPU_i/dpu_conv_top_0/inst/control_s_axi_U/int_weight_3[63]_i_1_n_0                                                                                                                                       | DPU_i/dpu_conv_top_0/inst/gmem2_m_axi_U/store_unit_0/fifo_wreq/U_fifo_srl/SR[0]                                                                                              |               10 |             32 |         3.20 |
|  DPU_i/processing_system7_0/inst/FCLK_CLK0 | DPU_i/dpu_conv_top_0/inst/control_s_axi_U/int_weight_1[31]_i_1_n_0                                                                                                                                       | DPU_i/dpu_conv_top_0/inst/gmem2_m_axi_U/store_unit_0/fifo_wreq/U_fifo_srl/SR[0]                                                                                              |                8 |             32 |         4.00 |
|  DPU_i/processing_system7_0/inst/FCLK_CLK0 | DPU_i/dpu_conv_top_0/inst/control_s_axi_U/int_ofmap[31]_i_1_n_0                                                                                                                                          | DPU_i/dpu_conv_top_0/inst/gmem2_m_axi_U/store_unit_0/fifo_wreq/U_fifo_srl/SR[0]                                                                                              |                6 |             32 |         5.33 |
|  DPU_i/processing_system7_0/inst/FCLK_CLK0 | DPU_i/dpu_conv_top_0/inst/control_s_axi_U/p_0_in                                                                                                                                                         | DPU_i/dpu_conv_top_0/inst/gmem2_m_axi_U/store_unit_0/fifo_wreq/U_fifo_srl/SR[0]                                                                                              |                6 |             32 |         5.33 |
|  DPU_i/processing_system7_0/inst/FCLK_CLK0 | DPU_i/dpu_conv_top_0/inst/control_s_axi_U/int_ifmap_3[31]_i_1_n_0                                                                                                                                        | DPU_i/dpu_conv_top_0/inst/gmem2_m_axi_U/store_unit_0/fifo_wreq/U_fifo_srl/SR[0]                                                                                              |                7 |             32 |         4.57 |
|  DPU_i/processing_system7_0/inst/FCLK_CLK0 | DPU_i/dpu_conv_top_0/inst/control_s_axi_U/int_weight_5[63]_i_1_n_0                                                                                                                                       | DPU_i/dpu_conv_top_0/inst/gmem2_m_axi_U/store_unit_0/fifo_wreq/U_fifo_srl/SR[0]                                                                                              |                8 |             32 |         4.00 |
|  DPU_i/processing_system7_0/inst/FCLK_CLK0 | DPU_i/dpu_conv_top_0/inst/control_s_axi_U/int_ifmap_2[31]_i_1_n_0                                                                                                                                        | DPU_i/dpu_conv_top_0/inst/gmem2_m_axi_U/store_unit_0/fifo_wreq/U_fifo_srl/SR[0]                                                                                              |               11 |             32 |         2.91 |
|  DPU_i/processing_system7_0/inst/FCLK_CLK0 | DPU_i/dpu_conv_top_0/inst/control_s_axi_U/int_weight_5[31]_i_1_n_0                                                                                                                                       | DPU_i/dpu_conv_top_0/inst/gmem2_m_axi_U/store_unit_0/fifo_wreq/U_fifo_srl/SR[0]                                                                                              |                7 |             32 |         4.57 |
|  DPU_i/processing_system7_0/inst/FCLK_CLK0 | DPU_i/dpu_conv_top_0/inst/control_s_axi_U/int_ifmap_1[63]_i_1_n_0                                                                                                                                        | DPU_i/dpu_conv_top_0/inst/gmem2_m_axi_U/store_unit_0/fifo_wreq/U_fifo_srl/SR[0]                                                                                              |               10 |             32 |         3.20 |
|  DPU_i/processing_system7_0/inst/FCLK_CLK0 | DPU_i/dpu_conv_top_0/inst/control_s_axi_U/int_ifmap_2[63]_i_1_n_0                                                                                                                                        | DPU_i/dpu_conv_top_0/inst/gmem2_m_axi_U/store_unit_0/fifo_wreq/U_fifo_srl/SR[0]                                                                                              |               11 |             32 |         2.91 |
|  DPU_i/processing_system7_0/inst/FCLK_CLK0 | DPU_i/dpu_conv_top_0/inst/control_s_axi_U/int_ifmap_1[31]_i_1_n_0                                                                                                                                        | DPU_i/dpu_conv_top_0/inst/gmem2_m_axi_U/store_unit_0/fifo_wreq/U_fifo_srl/SR[0]                                                                                              |                6 |             32 |         5.33 |
|  DPU_i/processing_system7_0/inst/FCLK_CLK0 | DPU_i/dpu_conv_top_0/inst/control_s_axi_U/int_weight_2[31]_i_1_n_0                                                                                                                                       | DPU_i/dpu_conv_top_0/inst/gmem2_m_axi_U/store_unit_0/fifo_wreq/U_fifo_srl/SR[0]                                                                                              |                8 |             32 |         4.00 |
|  DPU_i/processing_system7_0/inst/FCLK_CLK0 | DPU_i/dpu_conv_top_0/inst/control_s_axi_U/int_ifmap_4[31]_i_1_n_0                                                                                                                                        | DPU_i/dpu_conv_top_0/inst/gmem2_m_axi_U/store_unit_0/fifo_wreq/U_fifo_srl/SR[0]                                                                                              |                9 |             32 |         3.56 |
|  DPU_i/processing_system7_0/inst/FCLK_CLK0 | DPU_i/dpu_conv_top_0/inst/control_s_axi_U/int_weight_7[31]_i_1_n_0                                                                                                                                       | DPU_i/dpu_conv_top_0/inst/gmem2_m_axi_U/store_unit_0/fifo_wreq/U_fifo_srl/SR[0]                                                                                              |                6 |             32 |         5.33 |
|  DPU_i/processing_system7_0/inst/FCLK_CLK0 | DPU_i/dpu_conv_top_0/inst/control_s_axi_U/int_ifmap_6[31]_i_1_n_0                                                                                                                                        | DPU_i/dpu_conv_top_0/inst/gmem2_m_axi_U/store_unit_0/fifo_wreq/U_fifo_srl/SR[0]                                                                                              |                7 |             32 |         4.57 |
|  DPU_i/processing_system7_0/inst/FCLK_CLK0 | DPU_i/dpu_conv_top_0/inst/control_s_axi_U/int_weight_4[31]_i_1_n_0                                                                                                                                       | DPU_i/dpu_conv_top_0/inst/gmem2_m_axi_U/store_unit_0/fifo_wreq/U_fifo_srl/SR[0]                                                                                              |                5 |             32 |         6.40 |
|  DPU_i/processing_system7_0/inst/FCLK_CLK0 | DPU_i/dpu_conv_top_0/inst/control_s_axi_U/int_weight_3[31]_i_1_n_0                                                                                                                                       | DPU_i/dpu_conv_top_0/inst/gmem2_m_axi_U/store_unit_0/fifo_wreq/U_fifo_srl/SR[0]                                                                                              |                5 |             32 |         6.40 |
|  DPU_i/processing_system7_0/inst/FCLK_CLK0 | DPU_i/dpu_conv_top_0/inst/control_s_axi_U/int_weight_4[63]_i_1_n_0                                                                                                                                       | DPU_i/dpu_conv_top_0/inst/gmem2_m_axi_U/store_unit_0/fifo_wreq/U_fifo_srl/SR[0]                                                                                              |                6 |             32 |         5.33 |
|  DPU_i/processing_system7_0/inst/FCLK_CLK0 | DPU_i/dpu_conv_top_0/inst/control_s_axi_U/int_weight_7[63]_i_1_n_0                                                                                                                                       | DPU_i/dpu_conv_top_0/inst/gmem2_m_axi_U/store_unit_0/fifo_wreq/U_fifo_srl/SR[0]                                                                                              |                6 |             32 |         5.33 |
|  DPU_i/processing_system7_0/inst/FCLK_CLK0 | DPU_i/dpu_conv_top_0/inst/control_s_axi_U/int_ifmap_5[63]_i_1_n_0                                                                                                                                        | DPU_i/dpu_conv_top_0/inst/gmem2_m_axi_U/store_unit_0/fifo_wreq/U_fifo_srl/SR[0]                                                                                              |                9 |             32 |         3.56 |
|  DPU_i/processing_system7_0/inst/FCLK_CLK0 | DPU_i/dpu_conv_top_0/inst/control_s_axi_U/int_weight_1[63]_i_1_n_0                                                                                                                                       | DPU_i/dpu_conv_top_0/inst/gmem2_m_axi_U/store_unit_0/fifo_wreq/U_fifo_srl/SR[0]                                                                                              |                6 |             32 |         5.33 |
|  DPU_i/processing_system7_0/inst/FCLK_CLK0 | DPU_i/dpu_conv_top_0/inst/control_s_axi_U/int_ifmap_7[63]_i_1_n_0                                                                                                                                        | DPU_i/dpu_conv_top_0/inst/gmem2_m_axi_U/store_unit_0/fifo_wreq/U_fifo_srl/SR[0]                                                                                              |               11 |             32 |         2.91 |
|  DPU_i/processing_system7_0/inst/FCLK_CLK0 | DPU_i/dpu_conv_top_0/inst/control_s_axi_U/int_ofmap[63]_i_1_n_0                                                                                                                                          | DPU_i/dpu_conv_top_0/inst/gmem2_m_axi_U/store_unit_0/fifo_wreq/U_fifo_srl/SR[0]                                                                                              |                7 |             32 |         4.57 |
|  DPU_i/processing_system7_0/inst/FCLK_CLK0 | DPU_i/dpu_conv_top_0/inst/control_s_axi_U/int_ifmap_5[31]_i_1_n_0                                                                                                                                        | DPU_i/dpu_conv_top_0/inst/gmem2_m_axi_U/store_unit_0/fifo_wreq/U_fifo_srl/SR[0]                                                                                              |                8 |             32 |         4.00 |
|  DPU_i/processing_system7_0/inst/FCLK_CLK0 | DPU_i/dpu_conv_top_0/inst/control_s_axi_U/int_ifmap_7[31]_i_1_n_0                                                                                                                                        | DPU_i/dpu_conv_top_0/inst/gmem2_m_axi_U/store_unit_0/fifo_wreq/U_fifo_srl/SR[0]                                                                                              |                9 |             32 |         3.56 |
|  DPU_i/processing_system7_0/inst/FCLK_CLK0 | DPU_i/dpu_conv_top_0/inst/control_s_axi_U/int_weight_6[63]_i_1_n_0                                                                                                                                       | DPU_i/dpu_conv_top_0/inst/gmem2_m_axi_U/store_unit_0/fifo_wreq/U_fifo_srl/SR[0]                                                                                              |                6 |             32 |         5.33 |
|  DPU_i/processing_system7_0/inst/FCLK_CLK0 | DPU_i/dpu_conv_top_0/inst/control_s_axi_U/int_ifmap_4[63]_i_1_n_0                                                                                                                                        | DPU_i/dpu_conv_top_0/inst/gmem2_m_axi_U/store_unit_0/fifo_wreq/U_fifo_srl/SR[0]                                                                                              |                7 |             32 |         4.57 |
|  DPU_i/processing_system7_0/inst/FCLK_CLK0 | DPU_i/dpu_conv_top_0/inst/grp_conv3x3_relu_fu_393/grp_conv3x3_relu_Pipeline_OH_LOOP_OW_LOOP_IC_LOOP_fu_352/flow_control_loop_pipe_sequential_init_U/ap_CS_fsm_reg[2]                                     |                                                                                                                                                                              |                8 |             32 |         4.00 |
|  DPU_i/processing_system7_0/inst/FCLK_CLK0 | DPU_i/dpu_conv_top_0/inst/grp_conv3x3_relu_fu_393/grp_conv3x3_relu_Pipeline_OH_LOOP_OW_LOOP_IC_LOOP_fu_352/flow_control_loop_pipe_sequential_init_U/E[0]                                                 |                                                                                                                                                                              |               12 |             32 |         2.67 |
|  DPU_i/processing_system7_0/inst/FCLK_CLK0 | DPU_i/dpu_conv_top_0/inst/grp_conv3x3_relu_fu_393/grp_conv3x3_relu_Pipeline_OH_LOOP_OW_LOOP_IC_LOOP_fu_352/mac_muladd_8s_8s_32s_32_4_1_U4/dpu_conv_top_mac_muladd_8s_8s_32s_32_4_1_DSP48_0_U/ce3         |                                                                                                                                                                              |                9 |             32 |         3.56 |
|  DPU_i/processing_system7_0/inst/FCLK_CLK0 | DPU_i/dpu_conv_top_0/inst/grp_conv3x3_relu_fu_393/grp_conv3x3_relu_Pipeline_OH_LOOP_OW_LOOP_IC_LOOP_fu_352/mac_muladd_8s_8s_32s_32_4_1_U5/dpu_conv_top_mac_muladd_8s_8s_32s_32_4_1_DSP48_0_U/E[0]        |                                                                                                                                                                              |                9 |             32 |         3.56 |
|  DPU_i/processing_system7_0/inst/FCLK_CLK0 | DPU_i/dpu_conv_top_0/inst/grp_conv3x3_relu_fu_393/grp_conv3x3_relu_Pipeline_OH_LOOP_OW_LOOP_IC_LOOP_fu_352/mac_muladd_8s_8s_32s_32_4_1_U6/dpu_conv_top_mac_muladd_8s_8s_32s_32_4_1_DSP48_0_U/ce2         |                                                                                                                                                                              |                9 |             32 |         3.56 |
|  DPU_i/processing_system7_0/inst/FCLK_CLK0 | DPU_i/dpu_conv_top_0/inst/grp_conv3x3_relu_fu_393/grp_conv3x3_relu_Pipeline_OH_LOOP_OW_LOOP_IC_LOOP_fu_352/mac_muladd_8s_8s_32s_32_4_1_U62/dpu_conv_top_mac_muladd_8s_8s_32s_32_4_1_DSP48_0_U/ce2670_out |                                                                                                                                                                              |                9 |             32 |         3.56 |
|  DPU_i/processing_system7_0/inst/FCLK_CLK0 | DPU_i/dpu_conv_top_0/inst/grp_conv3x3_relu_fu_393/grp_conv3x3_relu_Pipeline_OH_LOOP_OW_LOOP_IC_LOOP_fu_352/mac_muladd_8s_8s_32s_32_4_1_U70/dpu_conv_top_mac_muladd_8s_8s_32s_32_4_1_DSP48_0_U/ce2679_out |                                                                                                                                                                              |                9 |             32 |         3.56 |
|  DPU_i/processing_system7_0/inst/FCLK_CLK0 | DPU_i/dpu_conv_top_0/inst/grp_conv3x3_relu_fu_393/grp_conv3x3_relu_Pipeline_OH_LOOP_OW_LOOP_IC_LOOP_fu_352/mac_muladd_8s_8s_32s_32_4_1_U70/dpu_conv_top_mac_muladd_8s_8s_32s_32_4_1_DSP48_0_U/ce2676_out |                                                                                                                                                                              |                9 |             32 |         3.56 |
|  DPU_i/processing_system7_0/inst/FCLK_CLK0 | DPU_i/dpu_conv_top_0/inst/grp_conv3x3_relu_fu_393/grp_conv3x3_relu_Pipeline_OH_LOOP_OW_LOOP_IC_LOOP_fu_352/mac_muladd_8s_8s_32s_32_4_1_U68/dpu_conv_top_mac_muladd_8s_8s_32s_32_4_1_DSP48_0_U/ce3674_out |                                                                                                                                                                              |                9 |             32 |         3.56 |
|  DPU_i/processing_system7_0/inst/FCLK_CLK0 | DPU_i/axi_smc/inst/s00_entry_pipeline/s00_mmu/inst/ar_reg_stall/skid_buffer[1136]_i_1_n_0                                                                                                                |                                                                                                                                                                              |                7 |             34 |         4.86 |
|  DPU_i/processing_system7_0/inst/FCLK_CLK0 | DPU_i/axi_smc/inst/s00_entry_pipeline/s00_mmu/inst/aw_reg_stall/m_vector_i[0]                                                                                                                            |                                                                                                                                                                              |                5 |             34 |         6.80 |
|  DPU_i/processing_system7_0/inst/FCLK_CLK0 | DPU_i/axi_smc/inst/s00_entry_pipeline/s00_mmu/inst/aw_reg_stall/skid_buffer[1136]_i_1__0_n_0                                                                                                             |                                                                                                                                                                              |                7 |             34 |         4.86 |
|  DPU_i/processing_system7_0/inst/FCLK_CLK0 | DPU_i/axi_smc/inst/s00_entry_pipeline/s00_mmu/inst/ar_reg_stall/m_vector_i[0]                                                                                                                            |                                                                                                                                                                              |                7 |             34 |         4.86 |
|  DPU_i/processing_system7_0/inst/FCLK_CLK0 | DPU_i/dpu_conv_top_0/inst/gmem2_m_axi_U/store_unit_0/bus_wide_gen.wreq_offset/U_fifo_srl/pop                                                                                                             | DPU_i/dpu_conv_top_0/inst/gmem2_m_axi_U/store_unit_0/fifo_wreq/U_fifo_srl/SR[0]                                                                                              |                5 |             34 |         6.80 |
|  DPU_i/processing_system7_0/inst/FCLK_CLK0 | DPU_i/dpu_conv_top_0/inst/gmem2_m_axi_U/store_unit_0/bus_wide_gen.wreq_offset/U_fifo_srl/push_0                                                                                                          |                                                                                                                                                                              |                5 |             34 |         6.80 |
|  DPU_i/processing_system7_0/inst/FCLK_CLK0 | DPU_i/dpu_conv_top_0/inst/gmem0_m_axi_U/store_unit_0/bus_wide_gen.wreq_offset/U_fifo_srl/pop                                                                                                             | DPU_i/dpu_conv_top_0/inst/gmem2_m_axi_U/store_unit_0/fifo_wreq/U_fifo_srl/SR[0]                                                                                              |                5 |             34 |         6.80 |
|  DPU_i/processing_system7_0/inst/FCLK_CLK0 | DPU_i/dpu_conv_top_0/inst/gmem0_m_axi_U/store_unit_0/bus_wide_gen.wreq_offset/U_fifo_srl/push                                                                                                            |                                                                                                                                                                              |                5 |             34 |         6.80 |
|  DPU_i/processing_system7_0/inst/FCLK_CLK0 | DPU_i/dpu_conv_top_0/inst/gmem2_m_axi_U/store_unit_0/bus_wide_gen.buff_wdata_in/bus_wide_gen.single_beat0                                                                                                | DPU_i/dpu_conv_top_0/inst/gmem2_m_axi_U/store_unit_0/fifo_wreq/U_fifo_srl/SR[0]                                                                                              |               11 |             35 |         3.18 |
|  DPU_i/processing_system7_0/inst/FCLK_CLK0 | DPU_i/dpu_conv_top_0/inst/gmem0_m_axi_U/store_unit_0/bus_wide_gen.wreq_offset/bus_wide_gen.single_beat0                                                                                                  | DPU_i/dpu_conv_top_0/inst/gmem2_m_axi_U/store_unit_0/fifo_wreq/U_fifo_srl/SR[0]                                                                                              |               11 |             35 |         3.18 |
|  DPU_i/processing_system7_0/inst/FCLK_CLK0 | DPU_i/axi_smc/inst/switchboards/i_nodes/i_w_node/inst/inst_mi_handler/gen_normal_area.inst_fifo_node_payld/gen_reg_fifo.inst_reg_fifo/gen_single_rank.data[54]_i_1_n_0                                   |                                                                                                                                                                              |               12 |             38 |         3.17 |
|  DPU_i/processing_system7_0/inst/FCLK_CLK0 | DPU_i/dpu_conv_top_0/inst/gmem1_4_m_axi_U/bus_read/rreq_burst_conv/burst_sequential/rs_req/E[0]                                                                                                          | DPU_i/dpu_conv_top_0/inst/gmem2_m_axi_U/store_unit_0/fifo_wreq/U_fifo_srl/SR[0]                                                                                              |               13 |             53 |         4.08 |
|  DPU_i/processing_system7_0/inst/FCLK_CLK0 | DPU_i/dpu_conv_top_0/inst/gmem0_7_m_axi_U/bus_read/rreq_burst_conv/burst_sequential/rs_req/E[0]                                                                                                          | DPU_i/dpu_conv_top_0/inst/gmem2_m_axi_U/store_unit_0/fifo_wreq/U_fifo_srl/SR[0]                                                                                              |               10 |             53 |         5.30 |
|  DPU_i/processing_system7_0/inst/FCLK_CLK0 | DPU_i/dpu_conv_top_0/inst/gmem0_6_m_axi_U/bus_read/rreq_burst_conv/burst_sequential/rs_req/E[0]                                                                                                          | DPU_i/dpu_conv_top_0/inst/gmem2_m_axi_U/store_unit_0/fifo_wreq/U_fifo_srl/SR[0]                                                                                              |               11 |             53 |         4.82 |
|  DPU_i/processing_system7_0/inst/FCLK_CLK0 | DPU_i/dpu_conv_top_0/inst/gmem1_6_m_axi_U/bus_read/rreq_burst_conv/burst_sequential/rs_req/E[0]                                                                                                          | DPU_i/dpu_conv_top_0/inst/gmem2_m_axi_U/store_unit_0/fifo_wreq/U_fifo_srl/SR[0]                                                                                              |               10 |             53 |         5.30 |
|  DPU_i/processing_system7_0/inst/FCLK_CLK0 | DPU_i/dpu_conv_top_0/inst/gmem0_5_m_axi_U/bus_read/rreq_burst_conv/burst_sequential/rs_req/E[0]                                                                                                          | DPU_i/dpu_conv_top_0/inst/gmem2_m_axi_U/store_unit_0/fifo_wreq/U_fifo_srl/SR[0]                                                                                              |               11 |             53 |         4.82 |
|  DPU_i/processing_system7_0/inst/FCLK_CLK0 | DPU_i/dpu_conv_top_0/inst/gmem1_5_m_axi_U/bus_read/rreq_burst_conv/burst_sequential/rs_req/E[0]                                                                                                          | DPU_i/dpu_conv_top_0/inst/gmem2_m_axi_U/store_unit_0/fifo_wreq/U_fifo_srl/SR[0]                                                                                              |                9 |             53 |         5.89 |
|  DPU_i/processing_system7_0/inst/FCLK_CLK0 | DPU_i/dpu_conv_top_0/inst/gmem0_3_m_axi_U/bus_read/rreq_burst_conv/burst_sequential/rs_req/E[0]                                                                                                          | DPU_i/dpu_conv_top_0/inst/gmem2_m_axi_U/store_unit_0/fifo_wreq/U_fifo_srl/SR[0]                                                                                              |               10 |             53 |         5.30 |
|  DPU_i/processing_system7_0/inst/FCLK_CLK0 | DPU_i/dpu_conv_top_0/inst/gmem0_0_m_axi_U/bus_read/rreq_burst_conv/burst_sequential/rs_req/E[0]                                                                                                          | DPU_i/dpu_conv_top_0/inst/gmem2_m_axi_U/store_unit_0/fifo_wreq/U_fifo_srl/SR[0]                                                                                              |               10 |             53 |         5.30 |
|  DPU_i/processing_system7_0/inst/FCLK_CLK0 | DPU_i/dpu_conv_top_0/inst/gmem0_2_m_axi_U/bus_read/rreq_burst_conv/burst_sequential/rs_req/E[0]                                                                                                          | DPU_i/dpu_conv_top_0/inst/gmem2_m_axi_U/store_unit_0/fifo_wreq/U_fifo_srl/SR[0]                                                                                              |               11 |             53 |         4.82 |
|  DPU_i/processing_system7_0/inst/FCLK_CLK0 | DPU_i/dpu_conv_top_0/inst/gmem1_0_m_axi_U/bus_read/rreq_burst_conv/burst_sequential/rs_req/E[0]                                                                                                          | DPU_i/dpu_conv_top_0/inst/gmem2_m_axi_U/store_unit_0/fifo_wreq/U_fifo_srl/SR[0]                                                                                              |               16 |             53 |         3.31 |
|  DPU_i/processing_system7_0/inst/FCLK_CLK0 | DPU_i/dpu_conv_top_0/inst/gmem1_m_axi_U/bus_read/rreq_burst_conv/burst_sequential/rs_req/E[0]                                                                                                            | DPU_i/dpu_conv_top_0/inst/gmem2_m_axi_U/store_unit_0/fifo_wreq/U_fifo_srl/SR[0]                                                                                              |               11 |             53 |         4.82 |
|  DPU_i/processing_system7_0/inst/FCLK_CLK0 | DPU_i/dpu_conv_top_0/inst/gmem0_1_m_axi_U/bus_read/rreq_burst_conv/burst_sequential/rs_req/E[0]                                                                                                          | DPU_i/dpu_conv_top_0/inst/gmem2_m_axi_U/store_unit_0/fifo_wreq/U_fifo_srl/SR[0]                                                                                              |               11 |             53 |         4.82 |
|  DPU_i/processing_system7_0/inst/FCLK_CLK0 | DPU_i/dpu_conv_top_0/inst/gmem0_m_axi_U/bus_write/wreq_burst_conv/burst_sequential/rs_req/E[0]                                                                                                           | DPU_i/dpu_conv_top_0/inst/gmem2_m_axi_U/store_unit_0/fifo_wreq/U_fifo_srl/SR[0]                                                                                              |               11 |             53 |         4.82 |
|  DPU_i/processing_system7_0/inst/FCLK_CLK0 | DPU_i/dpu_conv_top_0/inst/gmem0_4_m_axi_U/bus_read/rreq_burst_conv/burst_sequential/rs_req/E[0]                                                                                                          | DPU_i/dpu_conv_top_0/inst/gmem2_m_axi_U/store_unit_0/fifo_wreq/U_fifo_srl/SR[0]                                                                                              |               12 |             53 |         4.42 |
|  DPU_i/processing_system7_0/inst/FCLK_CLK0 | DPU_i/dpu_conv_top_0/inst/gmem1_1_m_axi_U/bus_read/rreq_burst_conv/burst_sequential/rs_req/E[0]                                                                                                          | DPU_i/dpu_conv_top_0/inst/gmem2_m_axi_U/store_unit_0/fifo_wreq/U_fifo_srl/SR[0]                                                                                              |               11 |             53 |         4.82 |
|  DPU_i/processing_system7_0/inst/FCLK_CLK0 | DPU_i/dpu_conv_top_0/inst/gmem1_2_m_axi_U/bus_read/rreq_burst_conv/burst_sequential/rs_req/E[0]                                                                                                          | DPU_i/dpu_conv_top_0/inst/gmem2_m_axi_U/store_unit_0/fifo_wreq/U_fifo_srl/SR[0]                                                                                              |               13 |             53 |         4.08 |
|  DPU_i/processing_system7_0/inst/FCLK_CLK0 | DPU_i/dpu_conv_top_0/inst/gmem1_3_m_axi_U/bus_read/rreq_burst_conv/burst_sequential/rs_req/E[0]                                                                                                          | DPU_i/dpu_conv_top_0/inst/gmem2_m_axi_U/store_unit_0/fifo_wreq/U_fifo_srl/SR[0]                                                                                              |               10 |             53 |         5.30 |
|  DPU_i/processing_system7_0/inst/FCLK_CLK0 | DPU_i/dpu_conv_top_0/inst/gmem2_m_axi_U/bus_write/wreq_burst_conv/burst_sequential/rs_req/E[0]                                                                                                           | DPU_i/dpu_conv_top_0/inst/gmem2_m_axi_U/store_unit_0/fifo_wreq/U_fifo_srl/SR[0]                                                                                              |               13 |             53 |         4.08 |
|  DPU_i/processing_system7_0/inst/FCLK_CLK0 | DPU_i/dpu_conv_top_0/inst/gmem2_m_axi_U/bus_read/rreq_burst_conv/burst_sequential/rs_req/E[0]                                                                                                            | DPU_i/dpu_conv_top_0/inst/gmem2_m_axi_U/store_unit_0/fifo_wreq/U_fifo_srl/SR[0]                                                                                              |                9 |             53 |         5.89 |
|  DPU_i/processing_system7_0/inst/FCLK_CLK0 | DPU_i/dpu_conv_top_0/inst/gmem1_7_m_axi_U/bus_read/rreq_burst_conv/burst_sequential/rs_req/E[0]                                                                                                          | DPU_i/dpu_conv_top_0/inst/gmem2_m_axi_U/store_unit_0/fifo_wreq/U_fifo_srl/SR[0]                                                                                              |               10 |             53 |         5.30 |
|  DPU_i/processing_system7_0/inst/FCLK_CLK0 | DPU_i/dpu_conv_top_0/inst/gmem1_m_axi_U/load_unit_0/fifo_rreq/U_fifo_srl/pop                                                                                                                             | DPU_i/dpu_conv_top_0/inst/gmem2_m_axi_U/store_unit_0/fifo_wreq/U_fifo_srl/SR[0]                                                                                              |                9 |             63 |         7.00 |
|  DPU_i/processing_system7_0/inst/FCLK_CLK0 | DPU_i/dpu_conv_top_0/inst/grp_conv3x3_relu_fu_393/push_1                                                                                                                                                 |                                                                                                                                                                              |                9 |             63 |         7.00 |
|  DPU_i/processing_system7_0/inst/FCLK_CLK0 | DPU_i/dpu_conv_top_0/inst/grp_conv3x3_relu_fu_393/ap_CS_fsm_reg[10]_0[0]                                                                                                                                 |                                                                                                                                                                              |               14 |             64 |         4.57 |
|  DPU_i/processing_system7_0/inst/FCLK_CLK0 | DPU_i/dpu_conv_top_0/inst/grp_conv3x3_relu_fu_393/grp_conv3x3_relu_Pipeline_OH_LOOP_OW_LOOP_IC_LOOP_fu_352/ap_CS_fsm_pp0_stage54                                                                         |                                                                                                                                                                              |               16 |             64 |         4.00 |
|  DPU_i/processing_system7_0/inst/FCLK_CLK0 | DPU_i/dpu_conv_top_0/inst/grp_conv3x3_relu_fu_393/grp_conv3x3_relu_Pipeline_OH_LOOP_OW_LOOP_IC_LOOP_fu_352/ap_block_pp0_stage22_subdone_grp0_done_reg_reg_0[0]                                           | DPU_i/dpu_conv_top_0/inst/grp_conv3x3_relu_fu_393/ap_NS_fsm10_out                                                                                                            |               18 |             64 |         3.56 |
|  DPU_i/processing_system7_0/inst/FCLK_CLK0 | DPU_i/dpu_conv_top_0/inst/grp_conv3x3_relu_fu_393/grp_conv3x3_relu_Pipeline_OH_LOOP_OW_LOOP_IC_LOOP_fu_352/ap_CS_fsm_pp0_stage46                                                                         |                                                                                                                                                                              |               16 |             64 |         4.00 |
|  DPU_i/processing_system7_0/inst/FCLK_CLK0 | DPU_i/dpu_conv_top_0/inst/grp_conv3x3_relu_fu_393/grp_conv3x3_relu_Pipeline_OH_LOOP_OW_LOOP_IC_LOOP_fu_352/ap_CS_fsm_pp0_stage62                                                                         |                                                                                                                                                                              |               16 |             64 |         4.00 |
|  DPU_i/processing_system7_0/inst/FCLK_CLK0 | DPU_i/dpu_conv_top_0/inst/grp_conv3x3_relu_fu_393/grp_conv3x3_relu_Pipeline_OH_LOOP_OW_LOOP_IC_LOOP_fu_352/ap_CS_fsm_pp0_stage38                                                                         |                                                                                                                                                                              |               16 |             64 |         4.00 |
|  DPU_i/processing_system7_0/inst/FCLK_CLK0 | DPU_i/dpu_conv_top_0/inst/grp_conv3x3_relu_fu_393/grp_conv3x3_relu_Pipeline_OH_LOOP_OW_LOOP_IC_LOOP_fu_352/mac_muladd_8s_8s_32s_32_4_1_U66/dpu_conv_top_mac_muladd_8s_8s_32s_32_4_1_DSP48_0_U/ce3672_out |                                                                                                                                                                              |               16 |             64 |         4.00 |
|  DPU_i/processing_system7_0/inst/FCLK_CLK0 | DPU_i/dpu_conv_top_0/inst/grp_conv3x3_relu_fu_393/grp_conv3x3_relu_Pipeline_OH_LOOP_OW_LOOP_IC_LOOP_fu_352/ap_CS_fsm_pp0_stage30                                                                         |                                                                                                                                                                              |               16 |             64 |         4.00 |
|  DPU_i/processing_system7_0/inst/FCLK_CLK0 | DPU_i/dpu_conv_top_0/inst/grp_conv3x3_relu_fu_393/grp_conv3x3_relu_Pipeline_OH_LOOP_OW_LOOP_IC_LOOP_fu_352/mac_count_3_load_reg_70370                                                                    |                                                                                                                                                                              |               15 |             64 |         4.27 |
|  DPU_i/processing_system7_0/inst/FCLK_CLK0 | DPU_i/dpu_conv_top_0/inst/grp_conv3x3_relu_fu_393/grp_conv3x3_relu_Pipeline_OH_LOOP_OW_LOOP_IC_LOOP_fu_352/mac_muladd_8s_8s_32s_32_4_1_U7/dpu_conv_top_mac_muladd_8s_8s_32s_32_4_1_DSP48_0_U/E[0]        |                                                                                                                                                                              |               16 |             64 |         4.00 |
|  DPU_i/processing_system7_0/inst/FCLK_CLK0 | DPU_i/dpu_conv_top_0/inst/grp_conv3x3_relu_fu_393/grp_conv3x3_relu_Pipeline_OH_LOOP_OW_LOOP_IC_LOOP_fu_352/mac_muladd_8s_8s_32s_32_4_1_U71/dpu_conv_top_mac_muladd_8s_8s_32s_32_4_1_DSP48_0_U/ce3681_out |                                                                                                                                                                              |               16 |             64 |         4.00 |
|  DPU_i/processing_system7_0/inst/FCLK_CLK0 | DPU_i/dpu_conv_top_0/inst/gmem1_1_m_axi_U/load_unit_0/fifo_rreq/U_fifo_srl/push                                                                                                                          |                                                                                                                                                                              |                9 |             65 |         7.22 |
|  DPU_i/processing_system7_0/inst/FCLK_CLK0 | DPU_i/dpu_conv_top_0/inst/gmem0_5_m_axi_U/load_unit_0/fifo_rreq/U_fifo_srl/pop                                                                                                                           | DPU_i/dpu_conv_top_0/inst/gmem2_m_axi_U/store_unit_0/fifo_wreq/U_fifo_srl/SR[0]                                                                                              |                9 |             65 |         7.22 |
|  DPU_i/processing_system7_0/inst/FCLK_CLK0 | DPU_i/dpu_conv_top_0/inst/gmem0_5_m_axi_U/load_unit_0/fifo_rreq/U_fifo_srl/push                                                                                                                          |                                                                                                                                                                              |                9 |             65 |         7.22 |
|  DPU_i/processing_system7_0/inst/FCLK_CLK0 | DPU_i/dpu_conv_top_0/inst/gmem0_2_m_axi_U/load_unit_0/fifo_rreq/U_fifo_srl/push                                                                                                                          |                                                                                                                                                                              |                9 |             65 |         7.22 |
|  DPU_i/processing_system7_0/inst/FCLK_CLK0 | DPU_i/dpu_conv_top_0/inst/gmem0_2_m_axi_U/load_unit_0/fifo_rreq/U_fifo_srl/pop                                                                                                                           | DPU_i/dpu_conv_top_0/inst/gmem2_m_axi_U/store_unit_0/fifo_wreq/U_fifo_srl/SR[0]                                                                                              |                9 |             65 |         7.22 |
|  DPU_i/processing_system7_0/inst/FCLK_CLK0 | DPU_i/dpu_conv_top_0/inst/gmem0_5_m_axi_U/bus_read/rreq_burst_conv/burst_sequential/rs_req/load_p1                                                                                                       |                                                                                                                                                                              |               27 |             65 |         2.41 |
|  DPU_i/processing_system7_0/inst/FCLK_CLK0 | DPU_i/dpu_conv_top_0/inst/gmem1_7_m_axi_U/load_unit_0/fifo_rreq/U_fifo_srl/push                                                                                                                          |                                                                                                                                                                              |                9 |             65 |         7.22 |
|  DPU_i/processing_system7_0/inst/FCLK_CLK0 | DPU_i/dpu_conv_top_0/inst/gmem1_6_m_axi_U/load_unit_0/fifo_rreq/U_fifo_srl/pop                                                                                                                           | DPU_i/dpu_conv_top_0/inst/gmem2_m_axi_U/store_unit_0/fifo_wreq/U_fifo_srl/SR[0]                                                                                              |                9 |             65 |         7.22 |
|  DPU_i/processing_system7_0/inst/FCLK_CLK0 | DPU_i/dpu_conv_top_0/inst/gmem1_6_m_axi_U/load_unit_0/fifo_rreq/U_fifo_srl/push                                                                                                                          |                                                                                                                                                                              |                9 |             65 |         7.22 |
|  DPU_i/processing_system7_0/inst/FCLK_CLK0 | DPU_i/dpu_conv_top_0/inst/gmem1_1_m_axi_U/load_unit_0/fifo_rreq/U_fifo_srl/pop                                                                                                                           | DPU_i/dpu_conv_top_0/inst/gmem2_m_axi_U/store_unit_0/fifo_wreq/U_fifo_srl/SR[0]                                                                                              |                9 |             65 |         7.22 |
|  DPU_i/processing_system7_0/inst/FCLK_CLK0 | DPU_i/dpu_conv_top_0/inst/gmem1_5_m_axi_U/load_unit_0/fifo_rreq/U_fifo_srl/pop                                                                                                                           | DPU_i/dpu_conv_top_0/inst/gmem2_m_axi_U/store_unit_0/fifo_wreq/U_fifo_srl/SR[0]                                                                                              |                9 |             65 |         7.22 |
|  DPU_i/processing_system7_0/inst/FCLK_CLK0 | DPU_i/dpu_conv_top_0/inst/gmem1_5_m_axi_U/load_unit_0/fifo_rreq/U_fifo_srl/push                                                                                                                          |                                                                                                                                                                              |                9 |             65 |         7.22 |
|  DPU_i/processing_system7_0/inst/FCLK_CLK0 | DPU_i/dpu_conv_top_0/inst/gmem0_6_m_axi_U/bus_read/rreq_burst_conv/burst_sequential/rs_req/load_p1                                                                                                       |                                                                                                                                                                              |               25 |             65 |         2.60 |
|  DPU_i/processing_system7_0/inst/FCLK_CLK0 | DPU_i/dpu_conv_top_0/inst/gmem1_0_m_axi_U/load_unit_0/fifo_rreq/U_fifo_srl/push                                                                                                                          |                                                                                                                                                                              |                9 |             65 |         7.22 |
|  DPU_i/processing_system7_0/inst/FCLK_CLK0 | DPU_i/dpu_conv_top_0/inst/gmem1_7_m_axi_U/load_unit_0/fifo_rreq/U_fifo_srl/pop                                                                                                                           | DPU_i/dpu_conv_top_0/inst/gmem2_m_axi_U/store_unit_0/fifo_wreq/U_fifo_srl/SR[0]                                                                                              |                9 |             65 |         7.22 |
|  DPU_i/processing_system7_0/inst/FCLK_CLK0 | DPU_i/dpu_conv_top_0/inst/gmem0_6_m_axi_U/load_unit_0/fifo_rreq/U_fifo_srl/pop                                                                                                                           | DPU_i/dpu_conv_top_0/inst/gmem2_m_axi_U/store_unit_0/fifo_wreq/U_fifo_srl/SR[0]                                                                                              |                9 |             65 |         7.22 |
|  DPU_i/processing_system7_0/inst/FCLK_CLK0 | DPU_i/dpu_conv_top_0/inst/gmem1_0_m_axi_U/load_unit_0/fifo_rreq/U_fifo_srl/pop                                                                                                                           | DPU_i/dpu_conv_top_0/inst/gmem2_m_axi_U/store_unit_0/fifo_wreq/U_fifo_srl/SR[0]                                                                                              |                9 |             65 |         7.22 |
|  DPU_i/processing_system7_0/inst/FCLK_CLK0 | DPU_i/dpu_conv_top_0/inst/grp_dpu_conv_top_Pipeline_POOL_OC_POOL_H_POOL_W_fu_493/flow_control_loop_pipe_sequential_init_U/ap_done                                                                        | DPU_i/dpu_conv_top_0/inst/gmem2_m_axi_U/store_unit_0/fifo_wreq/U_fifo_srl/SR[0]                                                                                              |               23 |             65 |         2.83 |
|  DPU_i/processing_system7_0/inst/FCLK_CLK0 | DPU_i/dpu_conv_top_0/inst/gmem0_4_m_axi_U/load_unit_0/fifo_rreq/U_fifo_srl/push                                                                                                                          |                                                                                                                                                                              |                9 |             65 |         7.22 |
|  DPU_i/processing_system7_0/inst/FCLK_CLK0 | DPU_i/dpu_conv_top_0/inst/gmem0_0_m_axi_U/load_unit_0/fifo_rreq/U_fifo_srl/push                                                                                                                          |                                                                                                                                                                              |                9 |             65 |         7.22 |
|  DPU_i/processing_system7_0/inst/FCLK_CLK0 | DPU_i/dpu_conv_top_0/inst/gmem0_4_m_axi_U/load_unit_0/fifo_rreq/U_fifo_srl/pop                                                                                                                           | DPU_i/dpu_conv_top_0/inst/gmem2_m_axi_U/store_unit_0/fifo_wreq/U_fifo_srl/SR[0]                                                                                              |                9 |             65 |         7.22 |
|  DPU_i/processing_system7_0/inst/FCLK_CLK0 | DPU_i/dpu_conv_top_0/inst/gmem1_2_m_axi_U/load_unit_0/fifo_rreq/U_fifo_srl/pop                                                                                                                           | DPU_i/dpu_conv_top_0/inst/gmem2_m_axi_U/store_unit_0/fifo_wreq/U_fifo_srl/SR[0]                                                                                              |                9 |             65 |         7.22 |
|  DPU_i/processing_system7_0/inst/FCLK_CLK0 | DPU_i/dpu_conv_top_0/inst/gmem1_2_m_axi_U/load_unit_0/fifo_rreq/U_fifo_srl/push                                                                                                                          |                                                                                                                                                                              |                9 |             65 |         7.22 |
|  DPU_i/processing_system7_0/inst/FCLK_CLK0 | DPU_i/dpu_conv_top_0/inst/gmem0_7_m_axi_U/load_unit_0/fifo_rreq/U_fifo_srl/push                                                                                                                          |                                                                                                                                                                              |                9 |             65 |         7.22 |
|  DPU_i/processing_system7_0/inst/FCLK_CLK0 | DPU_i/dpu_conv_top_0/inst/gmem0_7_m_axi_U/load_unit_0/fifo_rreq/U_fifo_srl/pop                                                                                                                           | DPU_i/dpu_conv_top_0/inst/gmem2_m_axi_U/store_unit_0/fifo_wreq/U_fifo_srl/SR[0]                                                                                              |                9 |             65 |         7.22 |
|  DPU_i/processing_system7_0/inst/FCLK_CLK0 | DPU_i/dpu_conv_top_0/inst/gmem0_1_m_axi_U/load_unit_0/fifo_rreq/U_fifo_srl/push                                                                                                                          |                                                                                                                                                                              |                9 |             65 |         7.22 |
|  DPU_i/processing_system7_0/inst/FCLK_CLK0 | DPU_i/dpu_conv_top_0/inst/gmem0_1_m_axi_U/load_unit_0/fifo_rreq/U_fifo_srl/pop                                                                                                                           | DPU_i/dpu_conv_top_0/inst/gmem2_m_axi_U/store_unit_0/fifo_wreq/U_fifo_srl/SR[0]                                                                                              |                9 |             65 |         7.22 |
|  DPU_i/processing_system7_0/inst/FCLK_CLK0 | DPU_i/dpu_conv_top_0/inst/gmem0_6_m_axi_U/load_unit_0/fifo_rreq/U_fifo_srl/push                                                                                                                          |                                                                                                                                                                              |                9 |             65 |         7.22 |
|  DPU_i/processing_system7_0/inst/FCLK_CLK0 | DPU_i/dpu_conv_top_0/inst/gmem1_4_m_axi_U/load_unit_0/fifo_rreq/U_fifo_srl/pop                                                                                                                           | DPU_i/dpu_conv_top_0/inst/gmem2_m_axi_U/store_unit_0/fifo_wreq/U_fifo_srl/SR[0]                                                                                              |                9 |             65 |         7.22 |
|  DPU_i/processing_system7_0/inst/FCLK_CLK0 | DPU_i/dpu_conv_top_0/inst/gmem1_4_m_axi_U/load_unit_0/fifo_rreq/U_fifo_srl/push                                                                                                                          |                                                                                                                                                                              |                9 |             65 |         7.22 |
|  DPU_i/processing_system7_0/inst/FCLK_CLK0 | DPU_i/dpu_conv_top_0/inst/gmem0_3_m_axi_U/load_unit_0/fifo_rreq/U_fifo_srl/pop                                                                                                                           | DPU_i/dpu_conv_top_0/inst/gmem2_m_axi_U/store_unit_0/fifo_wreq/U_fifo_srl/SR[0]                                                                                              |                9 |             65 |         7.22 |
|  DPU_i/processing_system7_0/inst/FCLK_CLK0 | DPU_i/dpu_conv_top_0/inst/gmem0_5_m_axi_U/load_unit_0/bus_wide_gen.rreq_offset/next_rreq                                                                                                                 | DPU_i/dpu_conv_top_0/inst/gmem2_m_axi_U/store_unit_0/fifo_wreq/U_fifo_srl/SR[0]                                                                                              |               25 |             65 |         2.60 |
|  DPU_i/processing_system7_0/inst/FCLK_CLK0 | DPU_i/dpu_conv_top_0/inst/gmem1_3_m_axi_U/load_unit_0/fifo_rreq/U_fifo_srl/push                                                                                                                          |                                                                                                                                                                              |                9 |             65 |         7.22 |
|  DPU_i/processing_system7_0/inst/FCLK_CLK0 | DPU_i/dpu_conv_top_0/inst/gmem1_3_m_axi_U/load_unit_0/fifo_rreq/U_fifo_srl/pop                                                                                                                           | DPU_i/dpu_conv_top_0/inst/gmem2_m_axi_U/store_unit_0/fifo_wreq/U_fifo_srl/SR[0]                                                                                              |                9 |             65 |         7.22 |
|  DPU_i/processing_system7_0/inst/FCLK_CLK0 | DPU_i/dpu_conv_top_0/inst/gmem0_3_m_axi_U/load_unit_0/fifo_rreq/U_fifo_srl/push                                                                                                                          |                                                                                                                                                                              |                9 |             65 |         7.22 |
|  DPU_i/processing_system7_0/inst/FCLK_CLK0 | DPU_i/dpu_conv_top_0/inst/gmem0_6_m_axi_U/load_unit_0/bus_wide_gen.rreq_offset/E[0]                                                                                                                      |                                                                                                                                                                              |               23 |             65 |         2.83 |
|  DPU_i/processing_system7_0/inst/FCLK_CLK0 | DPU_i/dpu_conv_top_0/inst/gmem0_6_m_axi_U/load_unit_0/bus_wide_gen.rreq_offset/next_rreq                                                                                                                 | DPU_i/dpu_conv_top_0/inst/gmem2_m_axi_U/store_unit_0/fifo_wreq/U_fifo_srl/SR[0]                                                                                              |               30 |             65 |         2.17 |
|  DPU_i/processing_system7_0/inst/FCLK_CLK0 | DPU_i/dpu_conv_top_0/inst/gmem0_5_m_axi_U/load_unit_0/bus_wide_gen.rreq_offset/E[0]                                                                                                                      |                                                                                                                                                                              |               22 |             65 |         2.95 |
|  DPU_i/processing_system7_0/inst/FCLK_CLK0 | DPU_i/dpu_conv_top_0/inst/gmem0_0_m_axi_U/load_unit_0/fifo_rreq/U_fifo_srl/pop                                                                                                                           | DPU_i/dpu_conv_top_0/inst/gmem2_m_axi_U/store_unit_0/fifo_wreq/U_fifo_srl/SR[0]                                                                                              |                9 |             65 |         7.22 |
|  DPU_i/processing_system7_0/inst/FCLK_CLK0 | DPU_i/dpu_conv_top_0/inst/grp_dpu_conv_top_Pipeline_POOL_OC_POOL_H_POOL_W_fu_493/gmem0_addr_reg_7300                                                                                                     |                                                                                                                                                                              |               18 |             66 |         3.67 |
|  DPU_i/processing_system7_0/inst/FCLK_CLK0 | DPU_i/dpu_conv_top_0/inst/grp_conv3x3_relu_fu_393/ap_CS_fsm_state2                                                                                                                                       |                                                                                                                                                                              |               17 |             70 |         4.12 |
|  DPU_i/processing_system7_0/inst/FCLK_CLK0 | DPU_i/dpu_conv_top_0/inst/ap_CS_fsm_state2                                                                                                                                                               |                                                                                                                                                                              |               25 |             71 |         2.84 |
|  DPU_i/processing_system7_0/inst/FCLK_CLK0 | DPU_i/dpu_conv_top_0/inst/gmem2_m_axi_U/store_unit_0/fifo_wreq/U_fifo_srl/E[0]                                                                                                                           | DPU_i/dpu_conv_top_0/inst/gmem2_m_axi_U/store_unit_0/fifo_wreq/U_fifo_srl/SR[0]                                                                                              |                9 |             72 |         8.00 |
|  DPU_i/processing_system7_0/inst/FCLK_CLK0 | DPU_i/dpu_conv_top_0/inst/gmem2_m_axi_U/load_unit_0/fifo_rreq/U_fifo_srl/pop                                                                                                                             | DPU_i/dpu_conv_top_0/inst/gmem2_m_axi_U/store_unit_0/fifo_wreq/U_fifo_srl/SR[0]                                                                                              |                9 |             72 |         8.00 |
|  DPU_i/processing_system7_0/inst/FCLK_CLK0 | DPU_i/dpu_conv_top_0/inst/gmem2_m_axi_U/load_unit_0/fifo_rreq/U_fifo_srl/push                                                                                                                            |                                                                                                                                                                              |                9 |             72 |         8.00 |
|  DPU_i/processing_system7_0/inst/FCLK_CLK0 | DPU_i/dpu_conv_top_0/inst/gmem0_m_axi_U/store_unit_0/fifo_wreq/U_fifo_srl/pop                                                                                                                            | DPU_i/dpu_conv_top_0/inst/gmem2_m_axi_U/store_unit_0/fifo_wreq/U_fifo_srl/SR[0]                                                                                              |                9 |             72 |         8.00 |
|  DPU_i/processing_system7_0/inst/FCLK_CLK0 | DPU_i/dpu_conv_top_0/inst/gmem0_m_axi_U/store_unit_0/fifo_wreq/U_fifo_srl/push                                                                                                                           |                                                                                                                                                                              |                9 |             72 |         8.00 |
|  DPU_i/processing_system7_0/inst/FCLK_CLK0 | DPU_i/dpu_conv_top_0/inst/grp_conv3x3_relu_fu_393/grp_conv3x3_relu_Pipeline_OH_LOOP_OW_LOOP_IC_LOOP_fu_352/push_0                                                                                        |                                                                                                                                                                              |                9 |             72 |         8.00 |
|  DPU_i/processing_system7_0/inst/FCLK_CLK0 | DPU_i/dpu_conv_top_0/inst/gmem0_m_axi_U/store_unit_0/fifo_wreq/next_wreq                                                                                                                                 | DPU_i/dpu_conv_top_0/inst/gmem2_m_axi_U/store_unit_0/fifo_wreq/U_fifo_srl/SR[0]                                                                                              |               21 |             73 |         3.48 |
|  DPU_i/processing_system7_0/inst/FCLK_CLK0 | DPU_i/dpu_conv_top_0/inst/gmem2_m_axi_U/load_unit_0/bus_wide_gen.rreq_offset/next_rreq                                                                                                                   | DPU_i/dpu_conv_top_0/inst/gmem2_m_axi_U/store_unit_0/fifo_wreq/U_fifo_srl/SR[0]                                                                                              |               21 |             73 |         3.48 |
|  DPU_i/processing_system7_0/inst/FCLK_CLK0 | DPU_i/dpu_conv_top_0/inst/gmem2_m_axi_U/load_unit_0/bus_wide_gen.rreq_offset/E[0]                                                                                                                        |                                                                                                                                                                              |               26 |             73 |         2.81 |
|  DPU_i/processing_system7_0/inst/FCLK_CLK0 | DPU_i/dpu_conv_top_0/inst/gmem2_m_axi_U/bus_read/rreq_burst_conv/burst_sequential/rs_req/load_p1                                                                                                         |                                                                                                                                                                              |               27 |             73 |         2.70 |
|  DPU_i/processing_system7_0/inst/FCLK_CLK0 | DPU_i/dpu_conv_top_0/inst/gmem0_m_axi_U/store_unit_0/bus_wide_gen.wreq_offset/E[0]                                                                                                                       |                                                                                                                                                                              |               25 |             73 |         2.92 |
|  DPU_i/processing_system7_0/inst/FCLK_CLK0 | DPU_i/dpu_conv_top_0/inst/gmem0_m_axi_U/bus_write/wreq_burst_conv/burst_sequential/rs_req/load_p1                                                                                                        |                                                                                                                                                                              |               26 |             73 |         2.81 |
|  DPU_i/processing_system7_0/inst/FCLK_CLK0 | DPU_i/dpu_conv_top_0/inst/gmem1_m_axi_U/load_unit_0/fifo_rreq/E[0]                                                                                                                                       | DPU_i/dpu_conv_top_0/inst/gmem2_m_axi_U/store_unit_0/fifo_wreq/U_fifo_srl/SR[0]                                                                                              |               24 |             92 |         3.83 |
|  DPU_i/processing_system7_0/inst/FCLK_CLK0 | DPU_i/dpu_conv_top_0/inst/gmem1_m_axi_U/bus_read/rreq_burst_conv/burst_sequential/rs_req/load_p1                                                                                                         |                                                                                                                                                                              |               26 |             92 |         3.54 |
|  DPU_i/processing_system7_0/inst/FCLK_CLK0 | DPU_i/dpu_conv_top_0/inst/gmem1_m_axi_U/load_unit_0/E[0]                                                                                                                                                 |                                                                                                                                                                              |               24 |             92 |         3.83 |
|  DPU_i/processing_system7_0/inst/FCLK_CLK0 | DPU_i/dpu_conv_top_0/inst/gmem1_5_m_axi_U/bus_read/rreq_burst_conv/burst_sequential/rs_req/load_p1                                                                                                       |                                                                                                                                                                              |               30 |             96 |         3.20 |
|  DPU_i/processing_system7_0/inst/FCLK_CLK0 | DPU_i/dpu_conv_top_0/inst/gmem1_2_m_axi_U/bus_read/rreq_burst_conv/burst_sequential/rs_req/load_p1                                                                                                       |                                                                                                                                                                              |               36 |             96 |         2.67 |
|  DPU_i/processing_system7_0/inst/FCLK_CLK0 | DPU_i/dpu_conv_top_0/inst/gmem0_1_m_axi_U/bus_read/rreq_burst_conv/burst_sequential/rs_req/load_p1                                                                                                       |                                                                                                                                                                              |               35 |             96 |         2.74 |
|  DPU_i/processing_system7_0/inst/FCLK_CLK0 | DPU_i/dpu_conv_top_0/inst/gmem0_4_m_axi_U/load_unit_0/bus_wide_gen.rreq_offset/next_rreq                                                                                                                 | DPU_i/dpu_conv_top_0/inst/gmem2_m_axi_U/store_unit_0/fifo_wreq/U_fifo_srl/SR[0]                                                                                              |               33 |             96 |         2.91 |
|  DPU_i/processing_system7_0/inst/FCLK_CLK0 | DPU_i/dpu_conv_top_0/inst/gmem0_4_m_axi_U/load_unit_0/bus_wide_gen.rreq_offset/E[0]                                                                                                                      |                                                                                                                                                                              |               36 |             96 |         2.67 |
|  DPU_i/processing_system7_0/inst/FCLK_CLK0 | DPU_i/dpu_conv_top_0/inst/gmem1_2_m_axi_U/load_unit_0/bus_wide_gen.rreq_offset/next_rreq                                                                                                                 | DPU_i/dpu_conv_top_0/inst/gmem2_m_axi_U/store_unit_0/fifo_wreq/U_fifo_srl/SR[0]                                                                                              |               25 |             96 |         3.84 |
|  DPU_i/processing_system7_0/inst/FCLK_CLK0 | DPU_i/dpu_conv_top_0/inst/gmem1_2_m_axi_U/load_unit_0/bus_wide_gen.rreq_offset/E[0]                                                                                                                      |                                                                                                                                                                              |               29 |             96 |         3.31 |
|  DPU_i/processing_system7_0/inst/FCLK_CLK0 | DPU_i/dpu_conv_top_0/inst/gmem1_4_m_axi_U/load_unit_0/bus_wide_gen.rreq_offset/next_rreq                                                                                                                 | DPU_i/dpu_conv_top_0/inst/gmem2_m_axi_U/store_unit_0/fifo_wreq/U_fifo_srl/SR[0]                                                                                              |               30 |             96 |         3.20 |
|  DPU_i/processing_system7_0/inst/FCLK_CLK0 | DPU_i/dpu_conv_top_0/inst/gmem1_4_m_axi_U/load_unit_0/bus_wide_gen.rreq_offset/E[0]                                                                                                                      |                                                                                                                                                                              |               30 |             96 |         3.20 |
|  DPU_i/processing_system7_0/inst/FCLK_CLK0 | DPU_i/dpu_conv_top_0/inst/gmem0_4_m_axi_U/bus_read/rreq_burst_conv/burst_sequential/rs_req/load_p1                                                                                                       |                                                                                                                                                                              |               39 |             96 |         2.46 |
|  DPU_i/processing_system7_0/inst/FCLK_CLK0 | DPU_i/dpu_conv_top_0/inst/gmem1_7_m_axi_U/bus_read/rreq_burst_conv/burst_sequential/rs_req/load_p1                                                                                                       |                                                                                                                                                                              |               34 |             96 |         2.82 |
|  DPU_i/processing_system7_0/inst/FCLK_CLK0 | DPU_i/dpu_conv_top_0/inst/gmem0_3_m_axi_U/load_unit_0/bus_wide_gen.rreq_offset/E[0]                                                                                                                      |                                                                                                                                                                              |               24 |             96 |         4.00 |
|  DPU_i/processing_system7_0/inst/FCLK_CLK0 | DPU_i/dpu_conv_top_0/inst/gmem0_3_m_axi_U/load_unit_0/bus_wide_gen.rreq_offset/next_rreq                                                                                                                 | DPU_i/dpu_conv_top_0/inst/gmem2_m_axi_U/store_unit_0/fifo_wreq/U_fifo_srl/SR[0]                                                                                              |               34 |             96 |         2.82 |
|  DPU_i/processing_system7_0/inst/FCLK_CLK0 | DPU_i/dpu_conv_top_0/inst/gmem0_3_m_axi_U/bus_read/rreq_burst_conv/burst_sequential/rs_req/load_p1                                                                                                       |                                                                                                                                                                              |               34 |             96 |         2.82 |
|  DPU_i/processing_system7_0/inst/FCLK_CLK0 | DPU_i/dpu_conv_top_0/inst/gmem0_2_m_axi_U/load_unit_0/bus_wide_gen.rreq_offset/E[0]                                                                                                                      |                                                                                                                                                                              |               34 |             96 |         2.82 |
|  DPU_i/processing_system7_0/inst/FCLK_CLK0 | DPU_i/dpu_conv_top_0/inst/gmem1_5_m_axi_U/load_unit_0/bus_wide_gen.rreq_offset/next_rreq                                                                                                                 | DPU_i/dpu_conv_top_0/inst/gmem2_m_axi_U/store_unit_0/fifo_wreq/U_fifo_srl/SR[0]                                                                                              |               27 |             96 |         3.56 |
|  DPU_i/processing_system7_0/inst/FCLK_CLK0 | DPU_i/dpu_conv_top_0/inst/gmem1_5_m_axi_U/load_unit_0/bus_wide_gen.rreq_offset/E[0]                                                                                                                      |                                                                                                                                                                              |               23 |             96 |         4.17 |
|  DPU_i/processing_system7_0/inst/FCLK_CLK0 | DPU_i/dpu_conv_top_0/inst/gmem0_7_m_axi_U/load_unit_0/bus_wide_gen.rreq_offset/next_rreq                                                                                                                 | DPU_i/dpu_conv_top_0/inst/gmem2_m_axi_U/store_unit_0/fifo_wreq/U_fifo_srl/SR[0]                                                                                              |               32 |             96 |         3.00 |
|  DPU_i/processing_system7_0/inst/FCLK_CLK0 | DPU_i/dpu_conv_top_0/inst/gmem0_7_m_axi_U/load_unit_0/bus_wide_gen.rreq_offset/E[0]                                                                                                                      |                                                                                                                                                                              |               26 |             96 |         3.69 |
|  DPU_i/processing_system7_0/inst/FCLK_CLK0 | DPU_i/dpu_conv_top_0/inst/gmem1_0_m_axi_U/bus_read/rreq_burst_conv/burst_sequential/rs_req/load_p1                                                                                                       |                                                                                                                                                                              |               39 |             96 |         2.46 |
|  DPU_i/processing_system7_0/inst/FCLK_CLK0 | DPU_i/dpu_conv_top_0/inst/gmem2_m_axi_U/store_unit_0/bus_wide_gen.wreq_offset/tmp_valid_reg[0]                                                                                                           |                                                                                                                                                                              |               28 |             96 |         3.43 |
|  DPU_i/processing_system7_0/inst/FCLK_CLK0 | DPU_i/dpu_conv_top_0/inst/gmem1_6_m_axi_U/bus_read/rreq_burst_conv/burst_sequential/rs_req/load_p1                                                                                                       |                                                                                                                                                                              |               31 |             96 |         3.10 |
|  DPU_i/processing_system7_0/inst/FCLK_CLK0 | DPU_i/dpu_conv_top_0/inst/gmem0_2_m_axi_U/bus_read/rreq_burst_conv/burst_sequential/rs_req/load_p1                                                                                                       |                                                                                                                                                                              |               37 |             96 |         2.59 |
|  DPU_i/processing_system7_0/inst/FCLK_CLK0 | DPU_i/dpu_conv_top_0/inst/gmem0_1_m_axi_U/load_unit_0/bus_wide_gen.rreq_offset/E[0]                                                                                                                      |                                                                                                                                                                              |               30 |             96 |         3.20 |
|  DPU_i/processing_system7_0/inst/FCLK_CLK0 | DPU_i/dpu_conv_top_0/inst/gmem0_1_m_axi_U/load_unit_0/bus_wide_gen.rreq_offset/next_rreq                                                                                                                 | DPU_i/dpu_conv_top_0/inst/gmem2_m_axi_U/store_unit_0/fifo_wreq/U_fifo_srl/SR[0]                                                                                              |               33 |             96 |         2.91 |
|  DPU_i/processing_system7_0/inst/FCLK_CLK0 | DPU_i/dpu_conv_top_0/inst/gmem1_0_m_axi_U/load_unit_0/bus_wide_gen.rreq_offset/next_rreq                                                                                                                 | DPU_i/dpu_conv_top_0/inst/gmem2_m_axi_U/store_unit_0/fifo_wreq/U_fifo_srl/SR[0]                                                                                              |               31 |             96 |         3.10 |
|  DPU_i/processing_system7_0/inst/FCLK_CLK0 | DPU_i/dpu_conv_top_0/inst/gmem1_6_m_axi_U/load_unit_0/bus_wide_gen.rreq_offset/E[0]                                                                                                                      |                                                                                                                                                                              |               26 |             96 |         3.69 |
|  DPU_i/processing_system7_0/inst/FCLK_CLK0 | DPU_i/dpu_conv_top_0/inst/gmem1_6_m_axi_U/load_unit_0/bus_wide_gen.rreq_offset/next_rreq                                                                                                                 | DPU_i/dpu_conv_top_0/inst/gmem2_m_axi_U/store_unit_0/fifo_wreq/U_fifo_srl/SR[0]                                                                                              |               24 |             96 |         4.00 |
|  DPU_i/processing_system7_0/inst/FCLK_CLK0 | DPU_i/dpu_conv_top_0/inst/gmem2_m_axi_U/store_unit_0/fifo_wreq/next_wreq                                                                                                                                 | DPU_i/dpu_conv_top_0/inst/gmem2_m_axi_U/store_unit_0/fifo_wreq/U_fifo_srl/SR[0]                                                                                              |               28 |             96 |         3.43 |
|  DPU_i/processing_system7_0/inst/FCLK_CLK0 | DPU_i/dpu_conv_top_0/inst/gmem1_3_m_axi_U/bus_read/rreq_burst_conv/burst_sequential/rs_req/load_p1                                                                                                       |                                                                                                                                                                              |               29 |             96 |         3.31 |
|  DPU_i/processing_system7_0/inst/FCLK_CLK0 | DPU_i/dpu_conv_top_0/inst/gmem1_0_m_axi_U/load_unit_0/bus_wide_gen.rreq_offset/E[0]                                                                                                                      |                                                                                                                                                                              |               32 |             96 |         3.00 |
|  DPU_i/processing_system7_0/inst/FCLK_CLK0 | DPU_i/dpu_conv_top_0/inst/gmem1_3_m_axi_U/load_unit_0/bus_wide_gen.rreq_offset/E[0]                                                                                                                      |                                                                                                                                                                              |               21 |             96 |         4.57 |
|  DPU_i/processing_system7_0/inst/FCLK_CLK0 | DPU_i/dpu_conv_top_0/inst/gmem1_1_m_axi_U/bus_read/rreq_burst_conv/burst_sequential/rs_req/load_p1                                                                                                       |                                                                                                                                                                              |               40 |             96 |         2.40 |
|  DPU_i/processing_system7_0/inst/FCLK_CLK0 | DPU_i/dpu_conv_top_0/inst/gmem0_0_m_axi_U/load_unit_0/bus_wide_gen.rreq_offset/E[0]                                                                                                                      |                                                                                                                                                                              |               29 |             96 |         3.31 |
|  DPU_i/processing_system7_0/inst/FCLK_CLK0 | DPU_i/dpu_conv_top_0/inst/gmem0_0_m_axi_U/load_unit_0/bus_wide_gen.rreq_offset/next_rreq                                                                                                                 | DPU_i/dpu_conv_top_0/inst/gmem2_m_axi_U/store_unit_0/fifo_wreq/U_fifo_srl/SR[0]                                                                                              |               29 |             96 |         3.31 |
|  DPU_i/processing_system7_0/inst/FCLK_CLK0 | DPU_i/dpu_conv_top_0/inst/gmem0_0_m_axi_U/bus_read/rreq_burst_conv/burst_sequential/rs_req/load_p1                                                                                                       |                                                                                                                                                                              |               35 |             96 |         2.74 |
|  DPU_i/processing_system7_0/inst/FCLK_CLK0 | DPU_i/dpu_conv_top_0/inst/gmem0_2_m_axi_U/load_unit_0/bus_wide_gen.rreq_offset/next_rreq                                                                                                                 | DPU_i/dpu_conv_top_0/inst/gmem2_m_axi_U/store_unit_0/fifo_wreq/U_fifo_srl/SR[0]                                                                                              |               32 |             96 |         3.00 |
|  DPU_i/processing_system7_0/inst/FCLK_CLK0 | DPU_i/dpu_conv_top_0/inst/gmem1_3_m_axi_U/load_unit_0/bus_wide_gen.rreq_offset/next_rreq                                                                                                                 | DPU_i/dpu_conv_top_0/inst/gmem2_m_axi_U/store_unit_0/fifo_wreq/U_fifo_srl/SR[0]                                                                                              |               25 |             96 |         3.84 |
|  DPU_i/processing_system7_0/inst/FCLK_CLK0 | DPU_i/dpu_conv_top_0/inst/gmem1_7_m_axi_U/load_unit_0/bus_wide_gen.rreq_offset/E[0]                                                                                                                      |                                                                                                                                                                              |               25 |             96 |         3.84 |
|  DPU_i/processing_system7_0/inst/FCLK_CLK0 | DPU_i/dpu_conv_top_0/inst/gmem2_m_axi_U/bus_write/wreq_burst_conv/burst_sequential/rs_req/load_p1                                                                                                        |                                                                                                                                                                              |               37 |             96 |         2.59 |
|  DPU_i/processing_system7_0/inst/FCLK_CLK0 | DPU_i/dpu_conv_top_0/inst/gmem1_7_m_axi_U/load_unit_0/bus_wide_gen.rreq_offset/next_rreq                                                                                                                 | DPU_i/dpu_conv_top_0/inst/gmem2_m_axi_U/store_unit_0/fifo_wreq/U_fifo_srl/SR[0]                                                                                              |               31 |             96 |         3.10 |
|  DPU_i/processing_system7_0/inst/FCLK_CLK0 | DPU_i/dpu_conv_top_0/inst/gmem1_1_m_axi_U/load_unit_0/bus_wide_gen.rreq_offset/E[0]                                                                                                                      |                                                                                                                                                                              |               29 |             96 |         3.31 |
|  DPU_i/processing_system7_0/inst/FCLK_CLK0 | DPU_i/dpu_conv_top_0/inst/gmem1_1_m_axi_U/load_unit_0/bus_wide_gen.rreq_offset/next_rreq                                                                                                                 | DPU_i/dpu_conv_top_0/inst/gmem2_m_axi_U/store_unit_0/fifo_wreq/U_fifo_srl/SR[0]                                                                                              |               28 |             96 |         3.43 |
|  DPU_i/processing_system7_0/inst/FCLK_CLK0 | DPU_i/dpu_conv_top_0/inst/gmem0_7_m_axi_U/bus_read/rreq_burst_conv/burst_sequential/rs_req/load_p1                                                                                                       |                                                                                                                                                                              |               34 |             96 |         2.82 |
|  DPU_i/processing_system7_0/inst/FCLK_CLK0 | DPU_i/dpu_conv_top_0/inst/gmem1_4_m_axi_U/bus_read/rreq_burst_conv/burst_sequential/rs_req/load_p1                                                                                                       |                                                                                                                                                                              |               34 |             96 |         2.82 |
|  DPU_i/processing_system7_0/inst/FCLK_CLK0 | DPU_i/dpu_conv_top_0/inst/gmem1_m_axi_U/bus_read/rreq_burst_conv/burst_sequential/rs_req/next_req                                                                                                        | DPU_i/dpu_conv_top_0/inst/gmem2_m_axi_U/store_unit_0/fifo_wreq/U_fifo_srl/SR[0]                                                                                              |               34 |            113 |         3.32 |
|  DPU_i/processing_system7_0/inst/FCLK_CLK0 | DPU_i/dpu_conv_top_0/inst/gmem1_2_m_axi_U/bus_read/rreq_burst_conv/burst_sequential/rs_req/next_req                                                                                                      | DPU_i/dpu_conv_top_0/inst/gmem2_m_axi_U/store_unit_0/fifo_wreq/U_fifo_srl/SR[0]                                                                                              |               35 |            113 |         3.23 |
|  DPU_i/processing_system7_0/inst/FCLK_CLK0 | DPU_i/dpu_conv_top_0/inst/gmem0_4_m_axi_U/bus_read/rreq_burst_conv/burst_sequential/rs_req/next_req                                                                                                      | DPU_i/dpu_conv_top_0/inst/gmem2_m_axi_U/store_unit_0/fifo_wreq/U_fifo_srl/SR[0]                                                                                              |               38 |            113 |         2.97 |
|  DPU_i/processing_system7_0/inst/FCLK_CLK0 | DPU_i/dpu_conv_top_0/inst/gmem0_m_axi_U/bus_write/wreq_burst_conv/burst_sequential/rs_req/next_req                                                                                                       | DPU_i/dpu_conv_top_0/inst/gmem2_m_axi_U/store_unit_0/fifo_wreq/U_fifo_srl/SR[0]                                                                                              |               28 |            113 |         4.04 |
|  DPU_i/processing_system7_0/inst/FCLK_CLK0 | DPU_i/dpu_conv_top_0/inst/gmem1_5_m_axi_U/bus_read/rreq_burst_conv/burst_sequential/rs_req/next_req                                                                                                      | DPU_i/dpu_conv_top_0/inst/gmem2_m_axi_U/store_unit_0/fifo_wreq/U_fifo_srl/SR[0]                                                                                              |               27 |            113 |         4.19 |
|  DPU_i/processing_system7_0/inst/FCLK_CLK0 | DPU_i/dpu_conv_top_0/inst/gmem1_4_m_axi_U/bus_read/rreq_burst_conv/burst_sequential/rs_req/next_req                                                                                                      | DPU_i/dpu_conv_top_0/inst/gmem2_m_axi_U/store_unit_0/fifo_wreq/U_fifo_srl/SR[0]                                                                                              |               32 |            113 |         3.53 |
|  DPU_i/processing_system7_0/inst/FCLK_CLK0 | DPU_i/dpu_conv_top_0/inst/gmem0_5_m_axi_U/bus_read/rreq_burst_conv/burst_sequential/rs_req/next_req                                                                                                      | DPU_i/dpu_conv_top_0/inst/gmem2_m_axi_U/store_unit_0/fifo_wreq/U_fifo_srl/SR[0]                                                                                              |               37 |            113 |         3.05 |
|  DPU_i/processing_system7_0/inst/FCLK_CLK0 | DPU_i/dpu_conv_top_0/inst/gmem1_6_m_axi_U/bus_read/rreq_burst_conv/burst_sequential/rs_req/next_req                                                                                                      | DPU_i/dpu_conv_top_0/inst/gmem2_m_axi_U/store_unit_0/fifo_wreq/U_fifo_srl/SR[0]                                                                                              |               36 |            113 |         3.14 |
|  DPU_i/processing_system7_0/inst/FCLK_CLK0 | DPU_i/dpu_conv_top_0/inst/gmem2_m_axi_U/bus_read/rreq_burst_conv/burst_sequential/rs_req/next_req                                                                                                        | DPU_i/dpu_conv_top_0/inst/gmem2_m_axi_U/store_unit_0/fifo_wreq/U_fifo_srl/SR[0]                                                                                              |               39 |            113 |         2.90 |
|  DPU_i/processing_system7_0/inst/FCLK_CLK0 | DPU_i/dpu_conv_top_0/inst/gmem1_1_m_axi_U/bus_read/rreq_burst_conv/burst_sequential/rs_req/next_req                                                                                                      | DPU_i/dpu_conv_top_0/inst/gmem2_m_axi_U/store_unit_0/fifo_wreq/U_fifo_srl/SR[0]                                                                                              |               31 |            113 |         3.65 |
|  DPU_i/processing_system7_0/inst/FCLK_CLK0 | DPU_i/dpu_conv_top_0/inst/gmem0_1_m_axi_U/bus_read/rreq_burst_conv/burst_sequential/rs_req/next_req                                                                                                      | DPU_i/dpu_conv_top_0/inst/gmem2_m_axi_U/store_unit_0/fifo_wreq/U_fifo_srl/SR[0]                                                                                              |               30 |            113 |         3.77 |
|  DPU_i/processing_system7_0/inst/FCLK_CLK0 | DPU_i/dpu_conv_top_0/inst/gmem2_m_axi_U/bus_write/wreq_burst_conv/burst_sequential/rs_req/next_req                                                                                                       | DPU_i/dpu_conv_top_0/inst/gmem2_m_axi_U/store_unit_0/fifo_wreq/U_fifo_srl/SR[0]                                                                                              |               36 |            113 |         3.14 |
|  DPU_i/processing_system7_0/inst/FCLK_CLK0 | DPU_i/dpu_conv_top_0/inst/gmem1_0_m_axi_U/bus_read/rreq_burst_conv/burst_sequential/rs_req/next_req                                                                                                      | DPU_i/dpu_conv_top_0/inst/gmem2_m_axi_U/store_unit_0/fifo_wreq/U_fifo_srl/SR[0]                                                                                              |               42 |            113 |         2.69 |
|  DPU_i/processing_system7_0/inst/FCLK_CLK0 | DPU_i/dpu_conv_top_0/inst/gmem0_6_m_axi_U/bus_read/rreq_burst_conv/burst_sequential/rs_req/next_req                                                                                                      | DPU_i/dpu_conv_top_0/inst/gmem2_m_axi_U/store_unit_0/fifo_wreq/U_fifo_srl/SR[0]                                                                                              |               41 |            113 |         2.76 |
|  DPU_i/processing_system7_0/inst/FCLK_CLK0 | DPU_i/dpu_conv_top_0/inst/gmem0_3_m_axi_U/bus_read/rreq_burst_conv/burst_sequential/rs_req/next_req                                                                                                      | DPU_i/dpu_conv_top_0/inst/gmem2_m_axi_U/store_unit_0/fifo_wreq/U_fifo_srl/SR[0]                                                                                              |               34 |            113 |         3.32 |
|  DPU_i/processing_system7_0/inst/FCLK_CLK0 | DPU_i/dpu_conv_top_0/inst/gmem0_2_m_axi_U/bus_read/rreq_burst_conv/burst_sequential/rs_req/next_req                                                                                                      | DPU_i/dpu_conv_top_0/inst/gmem2_m_axi_U/store_unit_0/fifo_wreq/U_fifo_srl/SR[0]                                                                                              |               40 |            113 |         2.83 |
|  DPU_i/processing_system7_0/inst/FCLK_CLK0 | DPU_i/dpu_conv_top_0/inst/gmem0_7_m_axi_U/bus_read/rreq_burst_conv/burst_sequential/rs_req/next_req                                                                                                      | DPU_i/dpu_conv_top_0/inst/gmem2_m_axi_U/store_unit_0/fifo_wreq/U_fifo_srl/SR[0]                                                                                              |               34 |            113 |         3.32 |
|  DPU_i/processing_system7_0/inst/FCLK_CLK0 | DPU_i/dpu_conv_top_0/inst/gmem1_7_m_axi_U/bus_read/rreq_burst_conv/burst_sequential/rs_req/next_req                                                                                                      | DPU_i/dpu_conv_top_0/inst/gmem2_m_axi_U/store_unit_0/fifo_wreq/U_fifo_srl/SR[0]                                                                                              |               36 |            113 |         3.14 |
|  DPU_i/processing_system7_0/inst/FCLK_CLK0 | DPU_i/dpu_conv_top_0/inst/gmem0_0_m_axi_U/bus_read/rreq_burst_conv/burst_sequential/rs_req/next_req                                                                                                      | DPU_i/dpu_conv_top_0/inst/gmem2_m_axi_U/store_unit_0/fifo_wreq/U_fifo_srl/SR[0]                                                                                              |               38 |            113 |         2.97 |
|  DPU_i/processing_system7_0/inst/FCLK_CLK0 | DPU_i/dpu_conv_top_0/inst/gmem1_3_m_axi_U/bus_read/rreq_burst_conv/burst_sequential/rs_req/next_req                                                                                                      | DPU_i/dpu_conv_top_0/inst/gmem2_m_axi_U/store_unit_0/fifo_wreq/U_fifo_srl/SR[0]                                                                                              |               26 |            113 |         4.35 |
|  DPU_i/processing_system7_0/inst/FCLK_CLK0 | DPU_i/dpu_conv_top_0/inst/grp_dpu_conv_top_Pipeline_POOL_OC_POOL_H_POOL_W_fu_493/flow_control_loop_pipe_sequential_init_U/ap_CS_fsm_reg[1]                                                               |                                                                                                                                                                              |               36 |            121 |         3.36 |
|  DPU_i/processing_system7_0/inst/FCLK_CLK0 | DPU_i/dpu_conv_top_0/inst/grp_dpu_conv_top_Pipeline_POOL_OC_POOL_H_POOL_W_fu_493/gmem2_addr_1_reg_7410                                                                                                   |                                                                                                                                                                              |               32 |            128 |         4.00 |
|  DPU_i/processing_system7_0/inst/FCLK_CLK0 | DPU_i/dpu_conv_top_0/inst/grp_dpu_conv_top_Pipeline_COPY_OC_COPY_H_COPY_W_fu_479/flow_control_loop_pipe_sequential_init_U/ap_block_pp0_stage0_subdone                                                    |                                                                                                                                                                              |               52 |            184 |         3.54 |
|  DPU_i/processing_system7_0/inst/FCLK_CLK0 |                                                                                                                                                                                                          |                                                                                                                                                                              |              126 |            313 |         2.48 |
|  DPU_i/processing_system7_0/inst/FCLK_CLK0 |                                                                                                                                                                                                          | DPU_i/dpu_conv_top_0/inst/gmem2_m_axi_U/store_unit_0/fifo_wreq/U_fifo_srl/SR[0]                                                                                              |              427 |            883 |         2.07 |
|  DPU_i/processing_system7_0/inst/FCLK_CLK0 | DPU_i/dpu_conv_top_0/inst/grp_conv3x3_relu_fu_393/grp_conv3x3_relu_Pipeline_OH_LOOP_OW_LOOP_IC_LOOP_fu_352/ap_CS_fsm_pp0_stage2                                                                          |                                                                                                                                                                              |              313 |           1182 |         3.78 |
|  DPU_i/processing_system7_0/inst/FCLK_CLK0 | DPU_i/dpu_conv_top_0/inst/ap_CS_fsm_state1                                                                                                                                                               |                                                                                                                                                                              |              374 |           1248 |         3.34 |
|  DPU_i/processing_system7_0/inst/FCLK_CLK0 | DPU_i/dpu_conv_top_0/inst/grp_conv3x3_relu_fu_393/grp_conv3x3_relu_Pipeline_OH_LOOP_OW_LOOP_IC_LOOP_fu_352/ce1669_out                                                                                    |                                                                                                                                                                              |             2203 |           8680 |         3.94 |
+--------------------------------------------+----------------------------------------------------------------------------------------------------------------------------------------------------------------------------------------------------------+------------------------------------------------------------------------------------------------------------------------------------------------------------------------------+------------------+----------------+--------------+


